Country,Year,Forest Area
Aruba,1990,2.333333333
Afghanistan,1990,1.850994088
Angola,1990,63.57807011
Albania,1990,28.78832117
Andorra,1990,34.04255319
United Arab Emirates,1990,3.44973247
Argentina,1990,12.86371493
Armenia,1990,11.76677204
American Samoa,1990,90.35
Antigua and Barbuda,1990,22.97727273
Australia,1990,17.42735899
Austria,1990,45.7213611
Azerbaijan,1990,10.23829266
Burundi,1990,10.76635514
Belgium,1990,23.25411335
Benin,1990,42.88001064
Burkina Faso,1990,28.20394737
Bangladesh,1990,14.75247753
Bulgaria,1990,30.07321703
Bahrain,1990,0.31884058
"Bahamas, The",1990,50.93506494
Bosnia and Herzegovina,1990,43.1640625
Belarus,1990,38.35535397
Belize,1990,70.1459886
Bermuda,1990,18.51851852
Bolivia,1990,53.35984492
Brazil,1990,70.45802056
Barbados,1990,14.65116279
Brunei Darussalam,1990,78.36812144
Bhutan,1990,53.65066455
Botswana,1990,33.17929173
Central African Republic,1990,37.24517641
Canada,1990,38.84551156
Switzerland,1990,29.18110754
Chile,1990,20.50490093
China,1990,16.67332543
Cote d'Ivoire,1990,24.68823899
Cameroon,1990,47.597893
"Congo, Dem. Rep.",1990,66.44273395
"Congo, Rep.",1990,65.34407028
Colombia,1990,58.54721947
Comoros,1990,24.75013434
Cabo Verde,1990,3.816377171
Costa Rica,1990,56.9408539
Cuba,1990,19.16201117
Curacao,1990,
Cayman Islands,1990,54.70833333
Cyprus,1990,17.43614719
Czech Republic,1990,34.02355377
Germany,1990,32.36616733
Djibouti,1990,0.241587575
Dominica,1990,67.08
Denmark,1990,12.53691908
Dominican Republic,1990,33.01366177
Algeria,1990,0.69990847
Ecuador,1990,52.85439243
"Egypt, Arab Rep.",1990,0.044010247
Eritrea,1990,16.04950495
Spain,1990,27.84050136
Estonia,1990,52.04057561
Ethiopia,1990,18.5363851
Finland,1990,71.81893693
Fiji,1990,51.43349754
France,1990,26.36394517
Faroe Islands,1990,0.05730659
"Micronesia, Fed. Sts.",1990,
Gabon,1990,92.21725463
United Kingdom,1990,11.48266027
Georgia,1990,39.60282055
Ghana,1990,43.61545223
Gibraltar,1990,0.0
Guinea,1990,29.61093928
"Gambia, The",1990,40.9743083
Guinea-Bissau,1990,79.42140825
Equatorial Guinea,1990,96.22638146
Greece,1990,25.59
Grenada,1990,52.05882353
Greenland,1990,0.00064384
Guatemala,1990,44.61739455
Guam,1990,44.44444444
Guyana,1990,94.499111
"Hong Kong SAR, China",1990,
Honduras,1990,62.45222987
Croatia,1990,33.08889286
Haiti,1990,13.89404935
Hungary,1990,20.18359853
Indonesia,1990,65.43771425
Isle of Man,1990,6.070175439
India,1990,21.50484833
Ireland,1990,6.701117724
"Iran, Islamic Rep.",1990,5.572374076
Iraq,1990,1.838260512
Iceland,1990,0.170274314
Israel,1990,6.099815157
Italy,1990,25.80582095
Jamaica,1990,48.13296399
Jordan,1990,1.10494107
Japan,1990,68.43115743
Kazakhstan,1990,1.267548246
Kenya,1990,6.779597287
Kyrgyz Republic,1990,4.358706986
Cambodia,1990,62.34302062
Kiribati,1990,1.456790123
St. Kitts and Nevis,1990,42.30769231
"Korea, Rep.",1990,67.91416131
Kuwait,1990,0.193602694
Lao PDR,1990,77.30935875
Lebanon,1990,13.65591398
Liberia,1990,88.5095515
Libya,1990,0.123327688
St. Lucia,1990,34.86885246
Liechtenstein,1990,40.625
Sri Lanka,1990,37.47934939
Lesotho,1990,1.137022398
Lithuania,1990,31.03063178
Luxembourg,1990,
Latvia,1990,51.01614252
"Macao SAR, China",1990,
St. Martin (French part),1990,18.38235294
Morocco,1990,12.29058929
Monaco,1990,0.0
Moldova,1990,9.704898083
Madagascar,1990,23.54687554
Maldives,1990,2.733333333
Mexico,1990,36.31351115
Marshall Islands,1990,
North Macedonia,1990,35.86315376
Mali,1990,10.89666363
Malta,1990,1.09375
Myanmar,1990,60.00930318
Montenegro,1990,46.54275093
Mongolia,1990,9.238136924
Mozambique,1990,55.16162669
Mauritania,1990,0.461860871
Mauritius,1990,20.23152709
Malawi,1990,37.14149342
Malaysia,1990,62.75604931
Namibia,1990,10.65137436
New Caledonia,1990,45.4666302
Niger,1990,1.535485908
Nigeria,1990,29.1249053
Nicaragua,1990,53.1769985
Netherlands,1990,10.22896919
Norway,1990,33.21615139
Nepal,1990,39.66433566
Nauru,1990,0.0
New Zealand,1990,35.59405264
Oman,1990,0.009693053
Pakistan,1990,0.187759444
Panama,1990,61.97740113
Peru,1990,59.72542188
Philippines,1990,26.08850656
Palau,1990,
Papua New Guinea,1990,80.37733516
Poland,1990,28.9986614
Puerto Rico,1990,36.11386697
"Korea, Dem. People's Rep.",1990,57.40411926
Portugal,1990,37.14754098
Paraguay,1990,64.298666
West Bank and Gaza,1990,1.508305635
French Polynesia,1990,39.46174863
Qatar,1990,0.0
Romania,1990,27.77850447
Russian Federation,1990,49.35646539
Rwanda,1990,12.84961492
Saudi Arabia,1990,0.454484135
Sudan,1990,
Senegal,1990,48.32057342
Singapore,1990,22.12970149
Solomon Islands,1990,90.92211504
Sierra Leone,1990,43.31809365
El Salvador,1990,34.69498069
San Marino,1990,16.66666667
Somalia,1990,13.20256958
Serbia,1990,28.31008461
South Sudan,1990,
Sao Tome and Principe,1990,61.0625
Suriname,1990,98.57455128
Slovak Republic,1990,39.95841996
Slovenia,1990,58.98709037
Sweden,1990,68.38962811
Eswatini,1990,26.81046512
Sint Maarten (Dutch part),1990,
Seychelles,1990,73.26086957
Syrian Arab Republic,1990,2.024594624
Turks and Caicos Islands,1990,11.07368421
Chad,1990,5.344663278
Togo,1990,25.03511675
Thailand,1990,37.8966118
Tajikistan,1990,2.915118605
Turkmenistan,1990,8.782159045
Timor-Leste,1990,64.76798924
Tonga,1990,12.43055556
Trinidad and Tobago,1990,47.18518519
Tunisia,1990,4.145062436
Turkiye,1990,25.70518301
Tuvalu,1990,33.33333333
Tanzania,1990,64.78890269
Uganda,1990,17.89434963
Ukraine,1990,16.00759472
Uruguay,1990,4.559478917
United States,1990,33.02230821
Uzbekistan,1990,7.15796897
St. Vincent and the Grenadines,1990,70.61538462
"Venezuela, RB",1990,58.98305085
British Virgin Islands,1990,24.73333333
Virgin Islands (U.S.),1990,70.11428571
Vietnam,1990,28.80567759
Vanuatu,1990,36.28383921
Samoa,1990,62.23674912
"Yemen, Rep.",1990,1.039831809
South Africa,1990,14.95527125
Zambia,1990,63.77809763
Zimbabwe,1990,48.66661497
Aruba,1991,2.333333333
Afghanistan,1991,1.850994088
Angola,1991,63.4534074
Albania,1991,28.71715328
Andorra,1991,34.04255319
United Arab Emirates,1991,3.540453393
Argentina,1991,12.79699199
Armenia,1991,11.75272216
American Samoa,1991,90.18
Antigua and Barbuda,1991,22.82727273
Australia,1991,17.40043867
Austria,1991,45.79700896
Azerbaijan,1991,10.2839564
Burundi,1991,10.44493769
Belgium,1991,23.22608166
Benin,1991,42.25922313
Burkina Faso,1991,28.02116228
Bangladesh,1991,14.75247599
Bulgaria,1991,30.1166049
Bahrain,1991,0.34057971
"Bahamas, The",1991,50.93506494
Bosnia and Herzegovina,1991,43.06640625
Belarus,1991,38.84145139
Belize,1991,69.52902236
Bermuda,1991,18.51851852
Bolivia,1991,53.11029909
Brazil,1991,70.00565437
Barbados,1991,14.65116279
Brunei Darussalam,1991,78.06451613
Bhutan,1991,53.86315091
Botswana,1991,32.97055035
Central African Republic,1991,37.19702077
Canada,1991,38.84025859
Switzerland,1991,29.2890789
Chile,1991,20.5816979
China,1991,16.88404857
Cote d'Ivoire,1991,23.8214434
Cameroon,1991,47.40697045
"Congo, Dem. Rep.",1991,66.14587239
"Congo, Rep.",1991,65.30893119
Colombia,1991,58.34689139
Comoros,1991,24.514777
Cabo Verde,1991,4.420347395
Costa Rica,1991,56.84257736
Cuba,1991,19.51303538
Curacao,1991,
Cayman Islands,1991,54.625
Cyprus,1991,17.54978355
Czech Republic,1991,34.02355377
Germany,1991,32.38163435
Djibouti,1991,0.241587575
Dominica,1991,66.75466667
Denmark,1991,12.63165841
Dominican Republic,1991,33.79523908
Algeria,1991,0.696213693
Ecuador,1991,52.52867721
"Egypt, Arab Rep.",1991,0.045557286
Eritrea,1991,16.42534653
Spain,1991,28.47907056
Estonia,1991,52.04057561
Ethiopia,1991,18.46721163
Finland,1991,72.00617551
Fiji,1991,51.79901478
France,1991,26.51954285
Faroe Islands,1991,0.05730659
"Micronesia, Fed. Sts.",1991,90.86857143
Gabon,1991,92.19334032
United Kingdom,1991,11.55540859
Georgia,1991,39.60282055
Ghana,1991,43.14272216
Gibraltar,1991,0.0
Guinea,1991,29.46972163
"Gambia, The",1991,40.40780632
Guinea-Bissau,1991,79.12108819
Equatorial Guinea,1991,95.9284492
Greece,1991,25.82404112
Grenada,1991,52.05882353
Greenland,1991,0.00064384
Guatemala,1991,44.08361329
Guam,1991,44.44444444
Guyana,1991,94.47984252
"Hong Kong SAR, China",1991,
Honduras,1991,62.26498347
Croatia,1991,33.08889286
Haiti,1991,13.88581277
Hungary,1991,20.30295983
Indonesia,1991,64.48467352
Isle of Man,1991,6.070175439
India,1991,21.627713
Ireland,1991,6.946029903
"Iran, Islamic Rep.",1991,5.587698617
Iraq,1991,1.841461463
Iceland,1991,0.183002494
Israel,1991,6.196857671
Italy,1991,26.07085784
Jamaica,1991,48.13037858
Jordan,1991,1.10494107
Japan,1991,68.41086122
Kazakhstan,1991,1.267548246
Kenya,1991,6.797633271
Kyrgyz Republic,1991,4.358706986
Cambodia,1991,62.21624179
Kiribati,1991,1.456790123
St. Kitts and Nevis,1991,42.30769231
"Korea, Rep.",1991,67.83640887
Kuwait,1991,0.201459035
Lao PDR,1991,77.12824957
Lebanon,1991,13.64105572
Liberia,1991,88.19539037
Libya,1991,0.123327688
St. Lucia,1991,34.82622951
Liechtenstein,1991,40.75
Sri Lanka,1991,37.18607878
Lesotho,1991,1.137022398
Lithuania,1991,31.03063178
Luxembourg,1991,
Latvia,1991,51.01614252
"Macao SAR, China",1991,
St. Martin (French part),1991,18.38235294
Morocco,1991,12.29535066
Monaco,1991,0.0
Moldova,1991,9.704898083
Madagascar,1991,23.43290573
Maldives,1991,2.733333333
Mexico,1991,36.19980967
Marshall Islands,1991,52.22222222
North Macedonia,1991,35.86315376
Mali,1991,10.89666363
Malta,1991,1.09375
Myanmar,1991,59.34364079
Montenegro,1991,46.54275093
Mongolia,1991,9.232466078
Mozambique,1991,54.88313538
Mauritania,1991,0.456582905
Mauritius,1991,20.27389163
Malawi,1991,36.69601188
Malaysia,1991,62.47385482
Namibia,1991,10.56512456
New Caledonia,1991,45.50339168
Niger,1991,1.486784558
Nigeria,1991,28.94560097
Nicaragua,1991,52.34601961
Netherlands,1991,10.27094194
Norway,1991,33.21094939
Nepal,1991,39.74039161
Nauru,1991,0.0
New Zealand,1991,35.77565227
Oman,1991,0.009693053
Pakistan,1991,6.407270911
Panama,1991,61.7550982
Peru,1991,59.63552266
Philippines,1991,25.93102928
Palau,1991,83.24565217
Papua New Guinea,1991,80.35045842
Poland,1991,29.05644977
Puerto Rico,1991,37.34069899
"Korea, Dem. People's Rep.",1991,57.02430031
Portugal,1991,37.01857923
Paraguay,1991,63.65577397
West Bank and Gaza,1991,1.508305635
French Polynesia,1991,39.57431694
Qatar,1991,0.0
Romania,1991,27.7630088
Russian Federation,1991,49.35646539
Rwanda,1991,12.72800973
Saudi Arabia,1991,0.454484135
Sudan,1991,
Senegal,1991,48.08684361
Singapore,1991,22.4561194
Solomon Islands,1991,90.89599857
Sierra Leone,1991,43.0447908
El Salvador,1991,34.47779923
San Marino,1991,16.66666667
Somalia,1991,13.08022763
Serbia,1991,28.31008461
South Sudan,1991,
Sao Tome and Principe,1991,61.03541667
Suriname,1991,98.55098718
Slovak Republic,1991,39.95841996
Slovenia,1991,58.98709037
Sweden,1991,68.41399815
Eswatini,1991,26.88104651
Sint Maarten (Dutch part),1991,
Seychelles,1991,73.26086957
Syrian Arab Republic,1991,2.057242355
Turks and Caicos Islands,1991,11.07368421
Chad,1991,5.314723634
Togo,1991,24.86376908
Thailand,1991,37.82555932
Tajikistan,1991,2.915118605
Turkmenistan,1991,8.782159045
Timor-Leste,1991,64.67383995
Tonga,1991,12.43055556
Trinidad and Tobago,1991,47.0797271
Tunisia,1991,4.160428682
Turkiye,1991,25.75259151
Tuvalu,1991,33.33333333
Tanzania,1991,64.36894333
Uganda,1991,17.6878935
Ukraine,1991,16.00759472
Uruguay,1991,4.885727345
United States,1991,33.03416545
Uzbekistan,1991,7.15796897
St. Vincent and the Grenadines,1991,70.87179487
"Venezuela, RB",1991,58.65710561
British Virgin Islands,1991,24.70666667
Virgin Islands (U.S.),1991,68.95142857
Vietnam,1991,29.54552828
Vanuatu,1991,36.28383921
Samoa,1991,62.0664311
"Yemen, Rep.",1991,1.039831809
South Africa,1991,14.92526523
Zambia,1991,63.72993987
Zimbabwe,1991,48.54752488
Aruba,1992,2.333333333
Afghanistan,1992,1.850994088
Angola,1992,63.32874469
Albania,1992,28.6459854
Andorra,1992,34.04255319
United Arab Emirates,1992,3.631174317
Argentina,1992,12.73026905
Armenia,1992,11.74260625
American Samoa,1992,90.01
Antigua and Barbuda,1992,22.67727273
Australia,1992,17.37351835
Austria,1992,45.87265682
Azerbaijan,1992,11.45482293
Burundi,1992,10.12352025
Belgium,1992,23.19804997
Benin,1992,41.63843562
Burkina Faso,1992,27.83837719
Bangladesh,1992,14.75247446
Bulgaria,1992,30.15999277
Bahrain,1992,0.352112676
"Bahamas, The",1992,50.93506494
Bosnia and Herzegovina,1992,42.77988281
Belarus,1992,38.84145139
Belize,1992,68.91205612
Bermuda,1992,18.51851852
Bolivia,1992,52.86075325
Brazil,1992,69.55328817
Barbados,1992,14.65116279
Brunei Darussalam,1992,77.76091082
Bhutan,1992,54.07563727
Botswana,1992,32.76180897
Central African Republic,1992,37.14886513
Canada,1992,38.83500562
Switzerland,1992,29.39705027
Chile,1992,20.65849486
China,1992,17.0947717
Cote d'Ivoire,1992,22.9546478
Cameroon,1992,47.21604789
"Congo, Dem. Rep.",1992,65.84901083
"Congo, Rep.",1992,65.27379209
Colombia,1992,58.14656332
Comoros,1992,24.27941967
Cabo Verde,1992,5.024317618
Costa Rica,1992,56.74430082
Cuba,1992,19.86405959
Curacao,1992,
Cayman Islands,1992,54.54166667
Cyprus,1992,17.66341991
Czech Republic,1992,34.02355377
Germany,1992,32.39710137
Djibouti,1992,0.241587575
Dominica,1992,66.42933333
Denmark,1992,12.71440019
Dominican Republic,1992,34.57681639
Algeria,1992,0.692518915
Ecuador,1992,52.202962
"Egypt, Arab Rep.",1992,0.047104325
Eritrea,1992,16.04950495
Spain,1992,29.11763976
Estonia,1992,52.19386648
Ethiopia,1992,18.39803815
Finland,1992,72.1934141
Fiji,1992,52.16453202
France,1992,26.67514053
Faroe Islands,1992,0.05730659
"Micronesia, Fed. Sts.",1992,90.90857143
Gabon,1992,92.16942601
United Kingdom,1992,11.6281569
Georgia,1992,39.63102605
Ghana,1992,42.66999209
Gibraltar,1992,0.0
Guinea,1992,29.32850399
"Gambia, The",1992,39.84130435
Guinea-Bissau,1992,78.82076814
Equatorial Guinea,1992,95.63051693
Greece,1992,26.05808146
Grenada,1992,52.05882353
Greenland,1992,0.00064384
Guatemala,1992,43.54983203
Guam,1992,44.44444444
Guyana,1992,94.46057404
"Hong Kong SAR, China",1992,
Honduras,1992,62.07773706
Croatia,1992,33.21409408
Haiti,1992,13.8775762
Hungary,1992,20.42232113
Indonesia,1992,63.53163278
Isle of Man,1992,6.070175439
India,1992,21.75057766
Ireland,1992,7.190942082
"Iran, Islamic Rep.",1992,5.603023159
Iraq,1992,1.844662414
Iceland,1992,0.195730673
Israel,1992,6.293900185
Italy,1992,26.33589473
Jamaica,1992,48.12779317
Jordan,1992,1.10494107
Japan,1992,68.390565
Kazakhstan,1992,1.170937882
Kenya,1992,6.815669255
Kyrgyz Republic,1992,5.971418144
Cambodia,1992,62.08946295
Kiribati,1992,1.456790123
St. Kitts and Nevis,1992,42.30769231
"Korea, Rep.",1992,67.75865644
Kuwait,1992,0.209315376
Lao PDR,1992,76.94714038
Lebanon,1992,13.62619746
Liberia,1992,87.88122924
Libya,1992,0.123327688
St. Lucia,1992,34.78360656
Liechtenstein,1992,40.875
Sri Lanka,1992,36.89280816
Lesotho,1992,1.137022398
Lithuania,1992,31.26994257
Luxembourg,1992,
Latvia,1992,51.2348061
"Macao SAR, China",1992,
St. Martin (French part),1992,18.38235294
Morocco,1992,12.30011203
Monaco,1992,0.0
Moldova,1992,10.01521144
Madagascar,1992,23.31893593
Maldives,1992,2.733333333
Mexico,1992,36.08610818
Marshall Islands,1992,52.22222222
North Macedonia,1992,36.22139206
Mali,1992,10.89666363
Malta,1992,1.09375
Myanmar,1992,58.67797839
Montenegro,1992,46.54275093
Mongolia,1992,9.226795232
Mozambique,1992,54.60464407
Mauritania,1992,0.451304938
Mauritius,1992,20.31625616
Malawi,1992,36.25053034
Malaysia,1992,62.19166033
Namibia,1992,10.47887476
New Caledonia,1992,45.54015317
Niger,1992,1.438083208
Nigeria,1992,28.76629665
Nicaragua,1992,51.51504072
Netherlands,1992,10.31291469
Norway,1992,33.20574739
Nepal,1992,39.81644755
Nauru,1992,0.0
New Zealand,1992,35.95725191
Oman,1992,0.009693053
Pakistan,1992,6.345584267
Panama,1992,61.53279526
Peru,1992,59.54562344
Philippines,1992,25.773552
Palau,1992,83.55652174
Papua New Guinea,1992,80.3235819
Poland,1992,29.11423814
Puerto Rico,1992,38.567531
"Korea, Dem. People's Rep.",1992,56.64448136
Portugal,1992,36.88961749
Paraguay,1992,63.01288195
West Bank and Gaza,1992,1.508305635
French Polynesia,1992,39.68688525
Qatar,1992,0.0
Romania,1992,27.76082977
Russian Federation,1992,49.36034704
Rwanda,1992,12.60640454
Saudi Arabia,1992,0.454484135
Sudan,1992,
Senegal,1992,47.8531138
Singapore,1992,22.78238806
Solomon Islands,1992,90.8698821
Sierra Leone,1992,42.77148795
El Salvador,1992,34.26061776
San Marino,1992,16.66666667
Somalia,1992,12.95788568
Serbia,1992,28.31008461
South Sudan,1992,
Sao Tome and Principe,1992,61.00833333
Suriname,1992,98.52742308
Slovak Republic,1992,39.95841996
Slovenia,1992,59.43396226
Sweden,1992,68.43836818
Eswatini,1992,26.95162791
Sint Maarten (Dutch part),1992,
Seychelles,1992,73.26086957
Syrian Arab Republic,1992,2.089890086
Turks and Caicos Islands,1992,11.07368421
Chad,1992,5.28478399
Togo,1992,24.6924214
Thailand,1992,37.75450684
Tajikistan,1992,2.917976565
Turkmenistan,1992,8.782159045
Timor-Leste,1992,64.57969065
Tonga,1992,12.43055556
Trinidad and Tobago,1992,46.97426901
Tunisia,1992,4.175794928
Turkiye,1992,25.8
Tuvalu,1992,33.33333333
Tanzania,1992,63.94898397
Uganda,1992,17.48143737
Ukraine,1992,16.08906533
Uruguay,1992,5.211975774
United States,1992,33.04602269
Uzbekistan,1992,6.186620592
St. Vincent and the Grenadines,1992,71.12820513
"Venezuela, RB",1992,58.33116037
British Virgin Islands,1992,24.68
Virgin Islands (U.S.),1992,67.78857143
Vietnam,1992,30.28537897
Vanuatu,1992,36.28383921
Samoa,1992,61.89611307
"Yemen, Rep.",1992,1.039831809
South Africa,1992,14.89525921
Zambia,1992,63.68178211
Zimbabwe,1992,48.42843479
Aruba,1993,2.333333333
Afghanistan,1993,1.850994088
Angola,1993,63.20408198
Albania,1993,28.57481752
Andorra,1993,34.04255319
United Arab Emirates,1993,3.721895241
Argentina,1993,12.66354611
Armenia,1993,11.73526519
American Samoa,1993,89.84
Antigua and Barbuda,1993,22.52727273
Australia,1993,17.34659802
Austria,1993,45.94830467
Azerbaijan,1993,11.50587019
Burundi,1993,9.802102804
Belgium,1993,23.17001828
Benin,1993,41.0176481
Burkina Faso,1993,27.65559211
Bangladesh,1993,14.75247292
Bulgaria,1993,30.20338064
Bahrain,1993,0.373239437
"Bahamas, The",1993,50.93506494
Bosnia and Herzegovina,1993,42.58779297
Belarus,1993,39.0845001
Belize,1993,68.29508987
Bermuda,1993,18.51851852
Bolivia,1993,52.61120742
Brazil,1993,69.10092198
Barbados,1993,14.65116279
Brunei Darussalam,1993,77.4573055
Bhutan,1993,54.28812362
Botswana,1993,32.5530676
Central African Republic,1993,37.10070949
Canada,1993,38.82975264
Switzerland,1993,29.50502163
Chile,1993,20.73529182
China,1993,17.30549483
Cote d'Ivoire,1993,22.0878522
Cameroon,1993,47.02512534
"Congo, Dem. Rep.",1993,65.55214927
"Congo, Rep.",1993,65.238653
Colombia,1993,57.94623524
Comoros,1993,24.04406233
Cabo Verde,1993,5.628287841
Costa Rica,1993,56.64602429
Cuba,1993,20.2150838
Curacao,1993,
Cayman Islands,1993,54.45833333
Cyprus,1993,17.77705628
Czech Republic,1993,34.05954445
Germany,1993,32.41349679
Djibouti,1993,0.241587575
Dominica,1993,66.104
Denmark,1993,12.8090502
Dominican Republic,1993,35.35839371
Algeria,1993,0.688824137
Ecuador,1993,51.87724679
"Egypt, Arab Rep.",1993,0.048651364
Eritrea,1993,11.29287129
Spain,1993,29.75620895
Estonia,1993,52.27169144
Ethiopia,1993,19.0395
Finland,1993,72.38065268
Fiji,1993,52.53004926
France,1993,26.83073821
Faroe Islands,1993,0.05730659
"Micronesia, Fed. Sts.",1993,90.94857143
Gabon,1993,92.1455117
United Kingdom,1993,11.70090522
Georgia,1993,39.64297021
Ghana,1993,42.19726202
Gibraltar,1993,0.0
Guinea,1993,29.18728634
"Gambia, The",1993,39.27480237
Guinea-Bissau,1993,78.52044808
Equatorial Guinea,1993,95.33258467
Greece,1993,26.29212258
Grenada,1993,52.05882353
Greenland,1993,0.00064384
Guatemala,1993,43.01605077
Guam,1993,44.44444444
Guyana,1993,94.44130556
"Hong Kong SAR, China",1993,
Honduras,1993,61.89049066
Croatia,1993,33.27669469
Haiti,1993,13.86933962
Hungary,1993,20.5439684
Indonesia,1993,62.57859205
Isle of Man,1993,6.070175439
India,1993,21.87344233
Ireland,1993,7.43585426
"Iran, Islamic Rep.",1993,5.6183477
Iraq,1993,1.847863365
Iceland,1993,0.208458853
Israel,1993,6.390942699
Italy,1993,26.60093162
Jamaica,1993,48.12520776
Jordan,1993,1.10494107
Japan,1993,68.37026879
Kazakhstan,1993,1.17074086
Kenya,1993,6.833705239
Kyrgyz Republic,1993,5.994607925
Cambodia,1993,61.96268412
Kiribati,1993,1.456790123
St. Kitts and Nevis,1993,42.30769231
"Korea, Rep.",1993,67.680904
Kuwait,1993,0.217171717
Lao PDR,1993,76.7660312
Lebanon,1993,13.6113392
Liberia,1993,87.56706811
Libya,1993,0.123327688
St. Lucia,1993,34.74098361
Liechtenstein,1993,41.0
Sri Lanka,1993,36.59953755
Lesotho,1993,1.137022398
Lithuania,1993,31.38959796
Luxembourg,1993,
Latvia,1993,51.34413789
"Macao SAR, China",1993,
St. Martin (French part),1993,18.38235294
Morocco,1993,12.3048734
Monaco,1993,0.0
Moldova,1993,10.04855842
Madagascar,1993,23.20496612
Maldives,1993,2.733333333
Mexico,1993,35.9724067
Marshall Islands,1993,52.22222222
North Macedonia,1993,36.40051121
Mali,1993,10.89666363
Malta,1993,1.09375
Myanmar,1993,58.012316
Montenegro,1993,46.54275093
Mongolia,1993,9.221124385
Mozambique,1993,54.32615275
Mauritania,1993,0.446026972
Mauritius,1993,20.35862069
Malawi,1993,35.80504879
Malaysia,1993,61.90946583
Namibia,1993,10.39262496
New Caledonia,1993,45.57691466
Niger,1993,1.389381858
Nigeria,1993,28.58699233
Nicaragua,1993,50.68406182
Netherlands,1993,10.35488744
Norway,1993,33.20054539
Nepal,1993,39.8925035
Nauru,1993,0.0
New Zealand,1993,36.13885154
Oman,1993,0.009693053
Pakistan,1993,6.283897623
Panama,1993,61.31049233
Peru,1993,59.45572422
Philippines,1993,25.61607472
Palau,1993,83.8673913
Papua New Guinea,1993,80.29670516
Poland,1993,29.17202651
Puerto Rico,1993,39.79436302
"Korea, Dem. People's Rep.",1993,56.2646624
Portugal,1993,36.76065574
Paraguay,1993,62.36998993
West Bank and Gaza,1993,1.508305635
French Polynesia,1993,39.79945355
Qatar,1993,0.0
Romania,1993,27.75865075
Russian Federation,1993,49.37364779
Rwanda,1993,12.48479935
Saudi Arabia,1993,0.454484135
Sudan,1993,
Senegal,1993,47.61938399
Singapore,1993,23.10880597
Solomon Islands,1993,90.84376563
Sierra Leone,1993,42.49818509
El Salvador,1993,34.04343629
San Marino,1993,16.66666667
Somalia,1993,12.83554372
Serbia,1993,28.31008461
South Sudan,1993,
Sao Tome and Principe,1993,60.98125
Suriname,1993,98.50385897
Slovak Republic,1993,39.54592516
Slovenia,1993,59.65739821
Sweden,1993,68.46273822
Eswatini,1993,27.0222093
Sint Maarten (Dutch part),1993,
Seychelles,1993,73.26086957
Syrian Arab Republic,1993,2.122537817
Turks and Caicos Islands,1993,11.07368421
Chad,1993,5.254844346
Togo,1993,24.52107373
Thailand,1993,37.68345436
Tajikistan,1993,2.919405544
Turkmenistan,1993,8.782159045
Timor-Leste,1993,64.48554136
Tonga,1993,12.43055556
Trinidad and Tobago,1993,46.86881092
Tunisia,1993,4.191161174
Turkiye,1993,25.84740849
Tuvalu,1993,33.33333333
Tanzania,1993,63.52902461
Uganda,1993,17.27498123
Ukraine,1993,16.12980064
Uruguay,1993,5.538224203
United States,1993,33.05787993
Uzbekistan,1993,6.283491772
St. Vincent and the Grenadines,1993,71.38461538
"Venezuela, RB",1993,58.00521512
British Virgin Islands,1993,24.65333333
Virgin Islands (U.S.),1993,66.62571429
Vietnam,1993,31.02522965
Vanuatu,1993,36.28383921
Samoa,1993,61.72579505
"Yemen, Rep.",1993,1.039831809
South Africa,1993,14.8652532
Zambia,1993,63.63362434
Zimbabwe,1993,48.30934471
Aruba,1994,2.333333333
Afghanistan,1994,1.850994088
Angola,1994,63.07941927
Albania,1994,28.50364964
Andorra,1994,34.04255319
United Arab Emirates,1994,3.812616164
Argentina,1994,12.59682317
Armenia,1994,11.72792413
American Samoa,1994,89.67
Antigua and Barbuda,1994,22.37727273
Australia,1994,17.3196777
Austria,1994,46.02395253
Azerbaijan,1994,11.55691746
Burundi,1994,9.480685358
Belgium,1994,23.14198659
Benin,1994,40.39686059
Burkina Faso,1994,27.47280702
Bangladesh,1994,14.75247138
Bulgaria,1994,30.24676851
Bahrain,1994,0.394366197
"Bahamas, The",1994,50.93506494
Bosnia and Herzegovina,1994,42.39570313
Belarus,1994,39.32754881
Belize,1994,67.67812363
Bermuda,1994,18.51851852
Bolivia,1994,52.36166159
Brazil,1994,68.64855578
Barbados,1994,14.65116279
Brunei Darussalam,1994,77.15370019
Bhutan,1994,63.98070352
Botswana,1994,32.34432622
Central African Republic,1994,37.05255385
Canada,1994,38.82449967
Switzerland,1994,29.61299299
Chile,1994,20.81208879
China,1994,17.51621797
Cote d'Ivoire,1994,21.2210566
Cameroon,1994,46.83420279
"Congo, Dem. Rep.",1994,65.25528771
"Congo, Rep.",1994,65.20351391
Colombia,1994,57.74590717
Comoros,1994,23.808705
Cabo Verde,1994,6.232258065
Costa Rica,1994,56.54774775
Cuba,1994,20.56610801
Curacao,1994,
Cayman Islands,1994,54.375
Cyprus,1994,17.89069264
Czech Republic,1994,34.06972952
Germany,1994,32.42989316
Djibouti,1994,0.241587575
Dominica,1994,65.77866667
Denmark,1994,12.90370021
Dominican Republic,1994,36.13997102
Algeria,1994,0.685129359
Ecuador,1994,51.55153157
"Egypt, Arab Rep.",1994,0.050198403
Eritrea,1994,11.26158416
Spain,1994,30.39477815
Estonia,1994,52.3495164
Ethiopia,1994,18.9665
Finland,1994,72.56789126
Fiji,1994,52.8955665
France,1994,26.98633589
Faroe Islands,1994,0.05730659
"Micronesia, Fed. Sts.",1994,90.98857143
Gabon,1994,92.12159739
United Kingdom,1994,11.77365354
Georgia,1994,39.65491438
Ghana,1994,41.72453195
Gibraltar,1994,0.0
Guinea,1994,29.0460687
"Gambia, The",1994,38.7083004
Guinea-Bissau,1994,78.22012802
Equatorial Guinea,1994,95.03465241
Greece,1994,26.52616292
Grenada,1994,52.05882353
Greenland,1994,0.00064384
Guatemala,1994,42.4822695
Guam,1994,44.44444444
Guyana,1994,94.42203708
"Hong Kong SAR, China",1994,
Honduras,1994,61.70324426
Croatia,1994,33.3392953
Haiti,1994,13.86110305
Hungary,1994,20.66334298
Indonesia,1994,61.62555132
Isle of Man,1994,6.070175439
India,1994,21.996307
Ireland,1994,7.680766439
"Iran, Islamic Rep.",1994,5.633672241
Iraq,1994,1.851064316
Iceland,1994,0.221187032
Israel,1994,6.487985213
Italy,1994,26.86596852
Jamaica,1994,48.12262235
Jordan,1994,1.10494107
Japan,1994,68.34997257
Kazakhstan,1994,1.170543838
Kenya,1994,6.851741224
Kyrgyz Republic,1994,6.017797185
Cambodia,1994,61.83590528
Kiribati,1994,1.456790123
St. Kitts and Nevis,1994,42.30769231
"Korea, Rep.",1994,67.60315157
Kuwait,1994,0.225028058
Lao PDR,1994,76.58492201
Lebanon,1994,13.59648094
Liberia,1994,87.25290698
Libya,1994,0.123327688
St. Lucia,1994,34.69836066
Liechtenstein,1994,41.125
Sri Lanka,1994,36.30626694
Lesotho,1994,1.137022398
Lithuania,1994,31.50925335
Luxembourg,1994,
Latvia,1994,51.45346968
"Macao SAR, China",1994,
St. Martin (French part),1994,18.38235294
Morocco,1994,12.30963477
Monaco,1994,0.0
Moldova,1994,10.10928962
Madagascar,1994,23.09099632
Maldives,1994,2.733333333
Mexico,1994,35.85870521
Marshall Islands,1994,52.22222222
North Macedonia,1994,36.57963036
Mali,1994,10.89666363
Malta,1994,1.09375
Myanmar,1994,57.34665361
Montenegro,1994,46.54275093
Mongolia,1994,9.215453539
Mozambique,1994,54.04766144
Mauritania,1994,0.440749006
Mauritius,1994,20.40098522
Malawi,1994,35.35956725
Malaysia,1994,61.62727134
Namibia,1994,10.30637515
New Caledonia,1994,45.61367615
Niger,1994,1.340680508
Nigeria,1994,28.407688
Nicaragua,1994,49.85308293
Netherlands,1994,10.39686019
Norway,1994,33.19534339
Nepal,1994,39.96855944
Nauru,1994,0.0
New Zealand,1994,36.32045118
Oman,1994,0.009693053
Pakistan,1994,6.22221098
Panama,1994,61.0881894
Peru,1994,59.365825
Philippines,1994,25.45859744
Palau,1994,84.17826087
Papua New Guinea,1994,80.26982842
Poland,1994,29.22981488
Puerto Rico,1994,41.02119504
"Korea, Dem. People's Rep.",1994,55.88484345
Portugal,1994,36.63169399
Paraguay,1994,61.72709791
West Bank and Gaza,1994,1.508305635
French Polynesia,1994,39.91202186
Qatar,1994,0.0
Romania,1994,27.75042482
Russian Federation,1994,49.39021068
Rwanda,1994,12.36319416
Saudi Arabia,1994,0.454484135
Sudan,1994,
Senegal,1994,47.38565418
Singapore,1994,23.43507463
Solomon Islands,1994,90.81764916
Sierra Leone,1994,42.22488224
El Salvador,1994,33.82625483
San Marino,1994,16.66666667
Somalia,1994,12.71320177
Serbia,1994,28.31008461
South Sudan,1994,
Sao Tome and Principe,1994,60.95416667
Suriname,1994,98.48029487
Slovak Republic,1994,39.54370062
Slovenia,1994,59.88083416
Sweden,1994,68.48710825
Eswatini,1994,27.0927907
Sint Maarten (Dutch part),1994,
Seychelles,1994,73.26086957
Syrian Arab Republic,1994,2.155185548
Turks and Caicos Islands,1994,11.07368421
Chad,1994,5.224904701
Togo,1994,24.34972605
Thailand,1994,37.61240189
Tajikistan,1994,2.920834524
Turkmenistan,1994,8.782159045
Timor-Leste,1994,64.39139206
Tonga,1994,12.43055556
Trinidad and Tobago,1994,46.76335283
Tunisia,1994,4.20652742
Turkiye,1994,25.89481699
Tuvalu,1994,33.33333333
Tanzania,1994,63.10906525
Uganda,1994,17.0685251
Ukraine,1994,16.17053595
Uruguay,1994,5.864472632
United States,1994,33.06973718
Uzbekistan,1994,6.380363188
St. Vincent and the Grenadines,1994,71.64102564
"Venezuela, RB",1994,57.67926988
British Virgin Islands,1994,24.62666667
Virgin Islands (U.S.),1994,65.46285714
Vietnam,1994,31.76508034
Vanuatu,1994,36.28383921
Samoa,1994,61.55547703
"Yemen, Rep.",1994,1.039831809
South Africa,1994,14.83524718
Zambia,1994,63.58546658
Zimbabwe,1994,48.19025462
Aruba,1995,2.333333333
Afghanistan,1995,1.850994088
Angola,1995,62.95475656
Albania,1995,28.43248175
Andorra,1995,34.04255319
United Arab Emirates,1995,3.903337088
Argentina,1995,12.53010023
Armenia,1995,11.72058307
American Samoa,1995,89.5
Antigua and Barbuda,1995,22.22727273
Australia,1995,17.29275738
Austria,1995,46.09960039
Azerbaijan,1995,11.60796472
Burundi,1995,9.159267913
Belgium,1995,23.11395491
Benin,1995,39.77607308
Burkina Faso,1995,27.29002193
Bangladesh,1995,14.75246985
Bulgaria,1995,30.29015638
Bahrain,1995,0.415492958
"Bahamas, The",1995,50.93506494
Bosnia and Herzegovina,1995,42.20361328
Belarus,1995,39.57059752
Belize,1995,67.06115739
Bermuda,1995,18.51851852
Bolivia,1995,52.11211576
Brazil,1995,68.19618958
Barbados,1995,14.65116279
Brunei Darussalam,1995,76.85009488
Bhutan,1995,64.23015075
Botswana,1995,32.13558485
Central African Republic,1995,37.00439822
Canada,1995,38.8192467
Switzerland,1995,29.72096436
Chile,1995,20.88888575
China,1995,17.72684706
Cote d'Ivoire,1995,20.35426101
Cameroon,1995,46.64328024
"Congo, Dem. Rep.",1995,64.95842615
"Congo, Rep.",1995,65.16837482
Colombia,1995,57.54557909
Comoros,1995,23.57334766
Cabo Verde,1995,6.836228288
Costa Rica,1995,56.44947121
Cuba,1995,20.91713222
Curacao,1995,
Cayman Islands,1995,54.29166667
Cyprus,1995,18.004329
Czech Republic,1995,34.07991459
Germany,1995,32.44629046
Djibouti,1995,0.241587575
Dominica,1995,65.45333333
Denmark,1995,12.99835022
Dominican Republic,1995,36.92154833
Algeria,1995,0.681434581
Ecuador,1995,51.22581636
"Egypt, Arab Rep.",1995,0.051745442
Eritrea,1995,11.23029703
Spain,1995,31.03334735
Estonia,1995,52.42734135
Ethiopia,1995,18.8935
Finland,1995,72.75512985
Fiji,1995,53.26108374
France,1995,27.14193358
Faroe Islands,1995,0.05730659
"Micronesia, Fed. Sts.",1995,91.02857143
Gabon,1995,92.09768308
United Kingdom,1995,11.84640185
Georgia,1995,39.66685854
Ghana,1995,41.25180188
Gibraltar,1995,0.0
Guinea,1995,28.90485105
"Gambia, The",1995,38.14179842
Guinea-Bissau,1995,77.91980797
Equatorial Guinea,1995,94.73672014
Greece,1995,26.76020403
Grenada,1995,52.05882353
Greenland,1995,0.00064384
Guatemala,1995,41.94848824
Guam,1995,44.44444444
Guyana,1995,94.40276861
"Hong Kong SAR, China",1995,
Honduras,1995,61.51599786
Croatia,1995,33.4018959
Haiti,1995,13.85286647
Hungary,1995,20.78271756
Indonesia,1995,60.67251058
Isle of Man,1995,6.070175439
India,1995,22.11917166
Ireland,1995,7.925678618
"Iran, Islamic Rep.",1995,5.648996783
Iraq,1995,1.854265267
Iceland,1995,0.233915212
Israel,1995,6.585027726
Italy,1995,27.13100541
Jamaica,1995,48.12003693
Jordan,1995,1.10494107
Japan,1995,68.32967636
Kazakhstan,1995,1.170346816
Kenya,1995,6.869777208
Kyrgyz Republic,1995,6.040986966
Cambodia,1995,61.70912644
Kiribati,1995,1.456790123
St. Kitts and Nevis,1995,42.30769231
"Korea, Rep.",1995,67.52539913
Kuwait,1995,0.2328844
Lao PDR,1995,76.40381282
Lebanon,1995,13.58162268
Liberia,1995,86.93874585
Libya,1995,0.123327688
St. Lucia,1995,34.6557377
Liechtenstein,1995,41.25
Sri Lanka,1995,36.01299633
Lesotho,1995,1.137022398
Lithuania,1995,31.62890874
Luxembourg,1995,
Latvia,1995,51.56280147
"Macao SAR, China",1995,
St. Martin (French part),1995,18.38235294
Morocco,1995,12.31439615
Monaco,1995,0.0
Moldova,1995,10.1700577
Madagascar,1995,22.97702652
Maldives,1995,2.733333333
Mexico,1995,35.74500373
Marshall Islands,1995,52.22222222
North Macedonia,1995,36.75874951
Mali,1995,10.89666363
Malta,1995,1.09375
Myanmar,1995,56.68099122
Montenegro,1995,46.54275093
Mongolia,1995,9.209782693
Mozambique,1995,53.76917012
Mauritania,1995,0.435471039
Mauritius,1995,20.44334975
Malawi,1995,34.9140857
Malaysia,1995,61.34507685
Namibia,1995,10.22012535
New Caledonia,1995,45.65043764
Niger,1995,1.291979158
Nigeria,1995,28.22838368
Nicaragua,1995,49.02210404
Netherlands,1995,10.43883294
Norway,1995,33.19014138
Nepal,1995,40.04461538
Nauru,1995,0.0
New Zealand,1995,36.50205081
Oman,1995,0.009693053
Pakistan,1995,6.160524336
Panama,1995,60.86588647
Peru,1995,59.27592578
Philippines,1995,25.30112017
Palau,1995,84.48913043
Papua New Guinea,1995,80.24295168
Poland,1995,29.28760325
Puerto Rico,1995,42.24802706
"Korea, Dem. People's Rep.",1995,55.5050245
Portugal,1995,36.50273224
Paraguay,1995,61.08420589
West Bank and Gaza,1995,1.508305635
French Polynesia,1995,40.02459016
Qatar,1995,0.0
Romania,1995,27.75066452
Russian Federation,1995,49.40105187
Rwanda,1995,12.24158897
Saudi Arabia,1995,0.454484135
Sudan,1995,
Senegal,1995,47.15192438
Singapore,1995,23.76149254
Solomon Islands,1995,90.79153269
Sierra Leone,1995,41.95157938
El Salvador,1995,33.60907336
San Marino,1995,16.66666667
Somalia,1995,12.59085982
Serbia,1995,28.31008461
South Sudan,1995,
Sao Tome and Principe,1995,60.92708333
Suriname,1995,98.45673077
Slovak Republic,1995,39.54147609
Slovenia,1995,60.10427011
Sweden,1995,68.51147829
Eswatini,1995,27.16337209
Sint Maarten (Dutch part),1995,
Seychelles,1995,73.26086957
Syrian Arab Republic,1995,2.187833279
Turks and Caicos Islands,1995,11.07368421
Chad,1995,5.194965057
Togo,1995,24.17837838
Thailand,1995,37.54134941
Tajikistan,1995,2.922263504
Turkmenistan,1995,8.782159045
Timor-Leste,1995,64.29724277
Tonga,1995,12.43055556
Trinidad and Tobago,1995,46.65789474
Tunisia,1995,4.22189431
Turkiye,1995,25.94222548
Tuvalu,1995,33.33333333
Tanzania,1995,62.68910589
Uganda,1995,16.86206897
Ukraine,1995,16.21127125
Uruguay,1995,6.19072106
United States,1995,33.08159442
Uzbekistan,1995,6.477234603
St. Vincent and the Grenadines,1995,71.8974359
"Venezuela, RB",1995,57.35332464
British Virgin Islands,1995,24.6
Virgin Islands (U.S.),1995,64.3
Vietnam,1995,32.50493103
Vanuatu,1995,36.28383921
Samoa,1995,61.38515901
"Yemen, Rep.",1995,1.039831809
South Africa,1995,14.80524116
Zambia,1995,63.53730882
Zimbabwe,1995,48.07116453
Aruba,1996,2.333333333
Afghanistan,1996,1.850994088
Angola,1996,62.83009385
Albania,1996,28.36131387
Andorra,1996,34.04255319
United Arab Emirates,1996,3.994058012
Argentina,1996,12.46337729
Armenia,1996,11.71324201
American Samoa,1996,89.33
Antigua and Barbuda,1996,22.07727273
Australia,1996,17.26583705
Austria,1996,46.17524824
Azerbaijan,1996,11.65901198
Burundi,1996,8.837850467
Belgium,1996,23.08592322
Benin,1996,39.15528556
Burkina Faso,1996,27.10723684
Bangladesh,1996,14.75246908
Bulgaria,1996,30.33354425
Bahrain,1996,0.436619718
"Bahamas, The",1996,50.93506494
Bosnia and Herzegovina,1996,42.01152344
Belarus,1996,39.81364622
Belize,1996,66.44419114
Bermuda,1996,18.51851852
Bolivia,1996,51.86256993
Brazil,1996,67.74382339
Barbados,1996,14.65116279
Brunei Darussalam,1996,76.54648956
Bhutan,1996,64.47959799
Botswana,1996,31.92684347
Central African Republic,1996,36.95624258
Canada,1996,38.81399372
Switzerland,1996,29.82969035
Chile,1996,20.96568271
China,1996,17.93758811
Cote d'Ivoire,1996,19.48746541
Cameroon,1996,46.45235768
"Congo, Dem. Rep.",1996,64.66156459
"Congo, Rep.",1996,65.13323572
Colombia,1996,57.34525101
Comoros,1996,23.33799033
Cabo Verde,1996,7.440198511
Costa Rica,1996,56.35119467
Cuba,1996,21.26815642
Curacao,1996,
Cayman Islands,1996,54.20833333
Cyprus,1996,18.11796537
Czech Republic,1996,34.09009965
Germany,1996,32.4626887
Djibouti,1996,0.241587575
Dominica,1996,65.128
Denmark,1996,13.09300024
Dominican Republic,1996,37.70312565
Algeria,1996,0.677739804
Ecuador,1996,50.90010114
"Egypt, Arab Rep.",1996,0.053292481
Eritrea,1996,11.1990099
Spain,1996,31.67191655
Estonia,1996,52.50516631
Ethiopia,1996,18.8205
Finland,1996,72.94236843
Fiji,1996,53.62660099
France,1996,27.29753126
Faroe Islands,1996,0.05730659
"Micronesia, Fed. Sts.",1996,91.06857143
Gabon,1996,92.07376877
United Kingdom,1996,11.91915017
Georgia,1996,39.67880271
Ghana,1996,40.77907181
Gibraltar,1996,0.0
Guinea,1996,28.7636334
"Gambia, The",1996,37.57529644
Guinea-Bissau,1996,77.61948791
Equatorial Guinea,1996,94.43878788
Greece,1996,26.99424515
Grenada,1996,52.05882353
Greenland,1996,0.00064384
Guatemala,1996,41.41470698
Guam,1996,44.44444444
Guyana,1996,94.38350013
"Hong Kong SAR, China",1996,
Honduras,1996,61.32875145
Croatia,1996,33.42265095
Haiti,1996,13.8446299
Hungary,1996,20.90209214
Indonesia,1996,59.71946985
Isle of Man,1996,6.070175439
India,1996,22.24203633
Ireland,1996,8.170590797
"Iran, Islamic Rep.",1996,5.664321324
Iraq,1996,1.857466219
Iceland,1996,0.246643392
Israel,1996,6.68207024
Italy,1996,27.3960423
Jamaica,1996,48.11745152
Jordan,1996,1.10494107
Japan,1996,68.32812071
Kazakhstan,1996,1.170149794
Kenya,1996,6.887813192
Kyrgyz Republic,1996,6.064176225
Cambodia,1996,61.58234761
Kiribati,1996,1.456790123
St. Kitts and Nevis,1996,42.30769231
"Korea, Rep.",1996,67.44764669
Kuwait,1996,0.240740741
Lao PDR,1996,76.22270364
Lebanon,1996,13.56676442
Liberia,1996,86.62458472
Libya,1996,0.123327688
St. Lucia,1996,34.61311475
Liechtenstein,1996,41.375
Sri Lanka,1996,35.71972572
Lesotho,1996,1.137022398
Lithuania,1996,31.74856414
Luxembourg,1996,
Latvia,1996,51.67213326
"Macao SAR, China",1996,
St. Martin (French part),1996,18.38235294
Morocco,1996,12.31915752
Monaco,1996,0.0
Moldova,1996,10.22775585
Madagascar,1996,22.86305671
Maldives,1996,2.733333333
Mexico,1996,35.63130225
Marshall Islands,1996,52.22222222
North Macedonia,1996,36.93786866
Mali,1996,10.89666363
Malta,1996,1.09375
Myanmar,1996,56.01532882
Montenegro,1996,46.54275093
Mongolia,1996,9.204111846
Mozambique,1996,53.49067881
Mauritania,1996,0.430193073
Mauritius,1996,20.48571429
Malawi,1996,34.46860416
Malaysia,1996,61.06288236
Namibia,1996,10.13387555
New Caledonia,1996,45.68719912
Niger,1996,1.243277808
Nigeria,1996,28.04907935
Nicaragua,1996,48.19112515
Netherlands,1996,10.48080569
Norway,1996,33.18493938
Nepal,1996,40.12067133
Nauru,1996,0.0
New Zealand,1996,36.68365045
Oman,1996,0.009693053
Pakistan,1996,6.098837692
Panama,1996,60.64358354
Peru,1996,59.18602656
Philippines,1996,25.14364289
Palau,1996,84.8
Papua New Guinea,1996,80.21607517
Poland,1996,29.34539162
Puerto Rico,1996,43.47485908
"Korea, Dem. People's Rep.",1996,55.12520555
Portugal,1996,36.37377049
Paraguay,1996,60.44131387
West Bank and Gaza,1996,1.508305635
French Polynesia,1996,40.13715847
Qatar,1996,0.0
Romania,1996,27.74485884
Russian Federation,1996,49.40426402
Rwanda,1996,12.11998379
Saudi Arabia,1996,0.454484135
Sudan,1996,
Senegal,1996,46.91819457
Singapore,1996,24.08791045
Solomon Islands,1996,90.76541622
Sierra Leone,1996,41.67827653
El Salvador,1996,33.39189189
San Marino,1996,16.66666667
Somalia,1996,12.46851787
Serbia,1996,28.31008461
South Sudan,1996,
Sao Tome and Principe,1996,60.9
Suriname,1996,98.43316667
Slovak Republic,1996,39.53925156
Slovenia,1996,60.32770606
Sweden,1996,68.53584832
Eswatini,1996,27.23395349
Sint Maarten (Dutch part),1996,
Seychelles,1996,73.26086957
Syrian Arab Republic,1996,2.22048101
Turks and Caicos Islands,1996,11.07368421
Chad,1996,5.165025413
Togo,1996,24.0070307
Thailand,1996,37.47029693
Tajikistan,1996,2.923692484
Turkmenistan,1996,8.782159045
Timor-Leste,1996,64.20309348
Tonga,1996,12.43055556
Trinidad and Tobago,1996,46.55243665
Tunisia,1996,4.237260556
Turkiye,1996,25.98963398
Tuvalu,1996,33.33333333
Tanzania,1996,62.26914653
Uganda,1996,16.65561283
Ukraine,1996,16.25200656
Uruguay,1996,6.516969489
United States,1996,33.09345166
Uzbekistan,1996,6.574106018
St. Vincent and the Grenadines,1996,72.15384615
"Venezuela, RB",1996,57.0273794
British Virgin Islands,1996,24.57333333
Virgin Islands (U.S.),1996,63.13714286
Vietnam,1996,33.24478171
Vanuatu,1996,36.28383921
Samoa,1996,61.21484099
"Yemen, Rep.",1996,1.039831809
South Africa,1996,14.77523514
Zambia,1996,63.48915105
Zimbabwe,1996,47.95207445
Aruba,1997,2.333333333
Afghanistan,1997,1.850994088
Angola,1997,62.70543114
Albania,1997,28.29014599
Andorra,1997,34.04255319
United Arab Emirates,1997,4.084778936
Argentina,1997,12.39665435
Armenia,1997,11.70590095
American Samoa,1997,89.16
Antigua and Barbuda,1997,21.92727273
Australia,1997,17.23891673
Austria,1997,46.2508961
Azerbaijan,1997,11.71005924
Burundi,1997,8.516433022
Belgium,1997,23.05789153
Benin,1997,38.53449805
Burkina Faso,1997,26.92445175
Bangladesh,1997,14.75246754
Bulgaria,1997,30.37693212
Bahrain,1997,0.457746479
"Bahamas, The",1997,50.93506494
Bosnia and Herzegovina,1997,41.81943359
Belarus,1997,40.05669493
Belize,1997,65.8272249
Bermuda,1997,18.51851852
Bolivia,1997,51.61302409
Brazil,1997,67.29145719
Barbados,1997,14.65116279
Brunei Darussalam,1997,76.24288425
Bhutan,1997,64.72904523
Botswana,1997,31.71810209
Central African Republic,1997,36.90808694
Canada,1997,38.80874075
Switzerland,1997,29.93842184
Chile,1997,21.04247968
China,1997,18.14831035
Cote d'Ivoire,1997,18.62066981
Cameroon,1997,46.26143513
"Congo, Dem. Rep.",1997,64.36470303
"Congo, Rep.",1997,65.09809663
Colombia,1997,57.14492294
Comoros,1997,23.10263299
Cabo Verde,1997,8.044168734
Costa Rica,1997,56.25291814
Cuba,1997,21.61918063
Curacao,1997,
Cayman Islands,1997,54.125
Cyprus,1997,18.23160173
Czech Republic,1997,34.10028472
Germany,1997,32.48187939
Djibouti,1997,0.241587575
Dominica,1997,64.80266667
Denmark,1997,13.18765025
Dominican Republic,1997,38.48470296
Algeria,1997,0.674045026
Ecuador,1997,50.57438593
"Egypt, Arab Rep.",1997,0.05483952
Eritrea,1997,11.16772277
Spain,1997,32.31048574
Estonia,1997,52.58299127
Ethiopia,1997,18.7475
Finland,1997,73.12960701
Fiji,1997,53.99211823
France,1997,27.45312894
Faroe Islands,1997,0.05730659
"Micronesia, Fed. Sts.",1997,91.10857143
Gabon,1997,92.04985447
United Kingdom,1997,11.99189848
Georgia,1997,39.69074687
Ghana,1997,40.30634174
Gibraltar,1997,0.0
Guinea,1997,28.62241576
"Gambia, The",1997,37.00879447
Guinea-Bissau,1997,77.31916785
Equatorial Guinea,1997,94.14085561
Greece,1997,27.22828549
Grenada,1997,52.05882353
Greenland,1997,0.000535997
Guatemala,1997,40.88092572
Guam,1997,44.44444444
Guyana,1997,94.36423165
"Hong Kong SAR, China",1997,
Honduras,1997,61.14150505
Croatia,1997,33.48517328
Haiti,1997,13.83639332
Hungary,1997,21.03551225
Indonesia,1997,58.76642912
Isle of Man,1997,6.070175439
India,1997,22.364901
Ireland,1997,8.415502976
"Iran, Islamic Rep.",1997,5.679645866
Iraq,1997,1.86066717
Iceland,1997,0.259371571
Israel,1997,6.779112754
Italy,1997,27.66107919
Jamaica,1997,48.11486611
Jordan,1997,1.10494107
Japan,1997,68.30781893
Kazakhstan,1997,1.169952773
Kenya,1997,6.905849176
Kyrgyz Republic,1997,6.087365485
Cambodia,1997,61.45556877
Kiribati,1997,1.456790123
St. Kitts and Nevis,1997,42.30769231
"Korea, Rep.",1997,67.36989426
Kuwait,1997,0.248597082
Lao PDR,1997,76.04159445
Lebanon,1997,13.55190616
Liberia,1997,86.31042359
Libya,1997,0.123327688
St. Lucia,1997,34.5704918
Liechtenstein,1997,41.5
Sri Lanka,1997,35.42645511
Lesotho,1997,1.137022398
Lithuania,1997,31.86821953
Luxembourg,1997,
Latvia,1997,51.78146505
"Macao SAR, China",1997,
St. Martin (French part),1997,18.38235294
Morocco,1997,12.32391889
Monaco,1997,0.0
Moldova,1997,10.28857837
Madagascar,1997,22.74908691
Maldives,1997,2.733333333
Mexico,1997,35.51760076
Marshall Islands,1997,52.22222222
North Macedonia,1997,37.11698781
Mali,1997,10.89666363
Malta,1997,1.09375
Myanmar,1997,55.34966643
Montenegro,1997,46.54275093
Mongolia,1997,9.198441
Mozambique,1997,53.21218749
Mauritania,1997,0.424915106
Mauritius,1997,20.52807882
Malawi,1997,34.02312261
Malaysia,1997,60.78068787
Namibia,1997,10.04762575
New Caledonia,1997,45.72396061
Niger,1997,1.194576459
Nigeria,1997,27.86977503
Nicaragua,1997,47.36014625
Netherlands,1997,10.52277844
Norway,1997,33.17973738
Nepal,1997,40.19672727
Nauru,1997,0.0
New Zealand,1997,36.86525009
Oman,1997,0.009693053
Pakistan,1997,6.037151048
Panama,1997,60.4212806
Peru,1997,59.09612734
Philippines,1997,24.98616561
Palau,1997,85.11086957
Papua New Guinea,1997,80.18919843
Poland,1997,29.40317999
Puerto Rico,1997,44.70169109
"Korea, Dem. People's Rep.",1997,54.7453866
Portugal,1997,36.24480874
Paraguay,1997,59.79842185
West Bank and Gaza,1997,1.508305635
French Polynesia,1997,40.24972678
Qatar,1997,0.0
Romania,1997,27.7414717
Russian Federation,1997,49.40412793
Rwanda,1997,11.9983786
Saudi Arabia,1997,0.454484135
Sudan,1997,
Senegal,1997,46.68446476
Singapore,1997,24.4141791
Solomon Islands,1997,90.73929975
Sierra Leone,1997,41.40497368
El Salvador,1997,33.17471042
San Marino,1997,16.66666667
Somalia,1997,12.34617592
Serbia,1997,28.31008461
South Sudan,1997,
Sao Tome and Principe,1997,60.87291667
Suriname,1997,98.40960256
Slovak Republic,1997,39.53702703
Slovenia,1997,60.55114201
Sweden,1997,68.56021836
Eswatini,1997,27.30453488
Sint Maarten (Dutch part),1997,
Seychelles,1997,73.26086957
Syrian Arab Republic,1997,2.253128741
Turks and Caicos Islands,1997,11.07368421
Chad,1997,5.135085769
Togo,1997,23.83568303
Thailand,1997,37.39924446
Tajikistan,1997,2.925121463
Turkmenistan,1997,8.782159045
Timor-Leste,1997,64.10894418
Tonga,1997,12.43055556
Trinidad and Tobago,1997,46.44697856
Tunisia,1997,4.252626802
Turkiye,1997,26.03704247
Tuvalu,1997,33.33333333
Tanzania,1997,61.84918718
Uganda,1997,16.4491567
Ukraine,1997,16.29274187
Uruguay,1997,6.843217918
United States,1997,33.1053089
Uzbekistan,1997,6.670977433
St. Vincent and the Grenadines,1997,72.41025641
"Venezuela, RB",1997,56.70143416
British Virgin Islands,1997,24.54666667
Virgin Islands (U.S.),1997,61.97428571
Vietnam,1997,33.9846324
Vanuatu,1997,36.28383921
Samoa,1997,61.04452297
"Yemen, Rep.",1997,1.039831809
South Africa,1997,14.74522913
Zambia,1997,63.44099329
Zimbabwe,1997,47.83298436
Aruba,1998,2.333333333
Afghanistan,1998,1.850994088
Angola,1998,62.58076843
Albania,1998,28.2189781
Andorra,1998,34.04255319
United Arab Emirates,1998,4.175499859
Argentina,1998,12.32993141
Armenia,1998,11.69855989
American Samoa,1998,88.99
Antigua and Barbuda,1998,21.77727273
Australia,1998,17.21199641
Austria,1998,46.32654396
Azerbaijan,1998,11.7787994
Burundi,1998,8.195015576
Belgium,1998,23.02985984
Benin,1998,37.91371054
Burkina Faso,1998,26.74166667
Bangladesh,1998,14.75246601
Bulgaria,1998,30.42031999
Bahrain,1998,0.478873239
"Bahamas, The",1998,50.93506494
Bosnia and Herzegovina,1998,41.62734375
Belarus,1998,40.29974364
Belize,1998,65.21025866
Bermuda,1998,18.51851852
Bolivia,1998,51.36347826
Brazil,1998,66.83909099
Barbados,1998,14.65116279
Brunei Darussalam,1998,75.93927894
Bhutan,1998,64.97849246
Botswana,1998,31.50936072
Central African Republic,1998,36.8599313
Canada,1998,38.80348778
Switzerland,1998,30.04715883
Chile,1998,21.11927664
China,1998,18.35903259
Cote d'Ivoire,1998,17.75387421
Cameroon,1998,46.07051258
"Congo, Dem. Rep.",1998,64.06784147
"Congo, Rep.",1998,65.06295754
Colombia,1998,56.94459486
Comoros,1998,22.86727566
Cabo Verde,1998,8.648138958
Costa Rica,1998,56.1546416
Cuba,1998,21.97020484
Curacao,1998,
Cayman Islands,1998,54.04166667
Cyprus,1998,18.3452381
Czech Republic,1998,34.11046978
Germany,1998,32.50014326
Djibouti,1998,0.241587575
Dominica,1998,64.47733333
Denmark,1998,13.28230026
Dominican Republic,1998,39.26628027
Algeria,1998,0.670350248
Ecuador,1998,56.01079884
"Egypt, Arab Rep.",1998,0.056386559
Eritrea,1998,11.13643564
Spain,1998,32.94905494
Estonia,1998,52.66081623
Ethiopia,1998,18.6745
Finland,1998,73.3168456
Fiji,1998,54.35763547
France,1998,27.60872662
Faroe Islands,1998,0.05730659
"Micronesia, Fed. Sts.",1998,91.14857143
Gabon,1998,92.02594016
United Kingdom,1998,12.0646468
Georgia,1998,39.70269103
Ghana,1998,39.83361167
Gibraltar,1998,0.0
Guinea,1998,28.48119811
"Gambia, The",1998,36.44229249
Guinea-Bissau,1998,77.0188478
Equatorial Guinea,1998,93.84292335
Greece,1998,27.46232661
Grenada,1998,52.05882353
Greenland,1998,0.000535997
Guatemala,1998,40.34714446
Guam,1998,44.44444444
Guyana,1998,94.34496317
"Hong Kong SAR, China",1998,
Honduras,1998,60.95425865
Croatia,1998,33.58969773
Haiti,1998,13.82815675
Hungary,1998,21.15496659
Indonesia,1998,57.81338839
Isle of Man,1998,6.070175439
India,1998,22.48776567
Ireland,1998,8.660415155
"Iran, Islamic Rep.",1998,5.694970407
Iraq,1998,1.863868121
Iceland,1998,0.272099751
Israel,1998,6.876155268
Italy,1998,27.92611608
Jamaica,1998,48.1122807
Jordan,1998,1.10494107
Japan,1998,68.28751715
Kazakhstan,1998,1.169755751
Kenya,1998,6.92388516
Kyrgyz Republic,1998,6.110555266
Cambodia,1998,61.32878994
Kiribati,1998,1.456790123
St. Kitts and Nevis,1998,42.30769231
"Korea, Rep.",1998,67.29214182
Kuwait,1998,0.256453423
Lao PDR,1998,75.86048527
Lebanon,1998,13.5370479
Liberia,1998,85.99626246
Libya,1998,0.123327688
St. Lucia,1998,34.52786885
Liechtenstein,1998,41.625
Sri Lanka,1998,35.1331845
Lesotho,1998,1.137022398
Lithuania,1998,31.98787492
Luxembourg,1998,
Latvia,1998,51.89079684
"Macao SAR, China",1998,
St. Martin (French part),1998,18.38235294
Morocco,1998,12.32868026
Monaco,1998,0.0
Moldova,1998,10.34943786
Madagascar,1998,22.6351171
Maldives,1998,2.733333333
Mexico,1998,35.40389928
Marshall Islands,1998,52.22222222
North Macedonia,1998,37.29610696
Mali,1998,10.89666363
Malta,1998,1.09375
Myanmar,1998,54.68400404
Montenegro,1998,46.54275093
Mongolia,1998,9.192770154
Mozambique,1998,52.93369618
Mauritania,1998,0.41963714
Mauritius,1998,20.57044335
Malawi,1998,33.57764107
Malaysia,1998,60.49849338
Namibia,1998,9.961375943
New Caledonia,1998,45.7607221
Niger,1998,1.145875109
Nigeria,1998,27.6904707
Nicaragua,1998,46.52916736
Netherlands,1998,10.56475118
Norway,1998,33.17453538
Nepal,1998,40.27278322
Nauru,1998,0.0
New Zealand,1998,37.04684972
Oman,1998,0.009693053
Pakistan,1998,5.975464404
Panama,1998,60.19897767
Peru,1998,59.00622813
Philippines,1998,24.82868833
Palau,1998,85.42173913
Papua New Guinea,1998,80.16232169
Poland,1998,29.46096836
Puerto Rico,1998,45.92852311
"Korea, Dem. People's Rep.",1998,54.36556764
Portugal,1998,36.11584699
Paraguay,1998,59.15552983
West Bank and Gaza,1998,1.508305635
French Polynesia,1998,40.36229508
Qatar,1998,0.0
Romania,1998,27.73204408
Russian Federation,1998,49.39808074
Rwanda,1998,11.87677341
Saudi Arabia,1998,0.454484135
Sudan,1998,
Senegal,1998,46.45073495
Singapore,1998,24.74059701
Solomon Islands,1998,90.71318328
Sierra Leone,1998,41.13167082
El Salvador,1998,32.95752896
San Marino,1998,16.66666667
Somalia,1998,12.22383397
Serbia,1998,28.31008461
South Sudan,1998,
Sao Tome and Principe,1998,60.84583333
Suriname,1998,98.38603846
Slovak Republic,1998,39.53480249
Slovenia,1998,60.77457795
Sweden,1998,68.58458839
Eswatini,1998,27.37511628
Sint Maarten (Dutch part),1998,
Seychelles,1998,73.26086957
Syrian Arab Republic,1998,2.285776472
Turks and Caicos Islands,1998,11.07368421
Chad,1998,5.105146125
Togo,1998,23.66433536
Thailand,1998,37.32819198
Tajikistan,1998,2.926550443
Turkmenistan,1998,8.782159045
Timor-Leste,1998,64.01479489
Tonga,1998,12.43055556
Trinidad and Tobago,1998,46.34152047
Tunisia,1998,4.267993048
Turkiye,1998,26.08445097
Tuvalu,1998,33.33333333
Tanzania,1998,61.42922782
Uganda,1998,16.24270057
Ukraine,1998,16.33347717
Uruguay,1998,7.169466347
United States,1998,33.11716614
Uzbekistan,1998,6.767848613
St. Vincent and the Grenadines,1998,72.66666667
"Venezuela, RB",1998,56.37548892
British Virgin Islands,1998,24.52
Virgin Islands (U.S.),1998,60.81142857
Vietnam,1998,34.72448309
Vanuatu,1998,36.28383921
Samoa,1998,60.87420495
"Yemen, Rep.",1998,1.039831809
South Africa,1998,14.71522311
Zambia,1998,63.39283552
Zimbabwe,1998,47.71389427
Aruba,1999,2.333333333
Afghanistan,1999,1.850994088
Angola,1999,62.45610572
Albania,1999,28.14781022
Andorra,1999,34.04255319
United Arab Emirates,1999,4.266220783
Argentina,1999,12.26320847
Armenia,1999,11.69121883
American Samoa,1999,88.82
Antigua and Barbuda,1999,21.62727273
Australia,1999,17.18507608
Austria,1999,46.40219181
Azerbaijan,1999,11.885279
Burundi,1999,7.873598131
Belgium,1999,23.00182815
Benin,1999,37.29292302
Burkina Faso,1999,26.55888158
Bangladesh,1999,14.75246447
Bulgaria,1999,30.46370786
Bahrain,1999,0.5
"Bahamas, The",1999,50.93506494
Bosnia and Herzegovina,1999,41.43525391
Belarus,1999,40.54279235
Belize,1999,64.59329242
Bermuda,1999,18.51851852
Bolivia,1999,51.11393243
Brazil,1999,66.3867248
Barbados,1999,14.65116279
Brunei Darussalam,1999,75.63567362
Bhutan,1999,65.2279397
Botswana,1999,31.30061934
Central African Republic,1999,36.81177566
Canada,1999,38.79823481
Switzerland,1999,30.15590133
Chile,1999,21.19607361
China,1999,18.56975483
Cote d'Ivoire,1999,16.88707862
Cameroon,1999,45.87959002
"Congo, Dem. Rep.",1999,63.77097991
"Congo, Rep.",1999,65.02781845
Colombia,1999,56.74426679
Comoros,1999,22.63191832
Cabo Verde,1999,9.252109181
Costa Rica,1999,56.05636506
Cuba,1999,22.32122905
Curacao,1999,
Cayman Islands,1999,53.95833333
Cyprus,1999,18.45887446
Czech Republic,1999,34.12065485
Germany,1999,32.51934208
Djibouti,1999,0.241587575
Dominica,1999,64.152
Denmark,1999,13.37695027
Dominican Republic,1999,40.04785759
Algeria,1999,0.66665547
Ecuador,1999,55.64773313
"Egypt, Arab Rep.",1999,0.057933598
Eritrea,1999,11.10514851
Spain,1999,33.58762414
Estonia,1999,52.73864119
Ethiopia,1999,18.6015
Finland,1999,73.50408418
Fiji,1999,54.72315271
France,1999,27.7643243
Faroe Islands,1999,0.05730659
"Micronesia, Fed. Sts.",1999,91.18857143
Gabon,1999,92.00202585
United Kingdom,1999,12.13739511
Georgia,1999,39.7146352
Ghana,1999,39.3608816
Gibraltar,1999,0.0
Guinea,1999,28.33998047
"Gambia, The",1999,35.87579051
Guinea-Bissau,1999,76.71852774
Equatorial Guinea,1999,93.54499109
Greece,1999,27.69636695
Grenada,1999,52.05882353
Greenland,1999,0.000535997
Guatemala,1999,39.8133632
Guam,1999,44.44444444
Guyana,1999,94.32569469
"Hong Kong SAR, China",1999,
Honduras,1999,60.76701224
Croatia,1999,33.65229834
Haiti,1999,13.81992017
Hungary,1999,21.27442094
Indonesia,1999,56.86034765
Isle of Man,1999,6.070175439
India,1999,22.61063033
Ireland,1999,8.905327333
"Iran, Islamic Rep.",1999,5.710294948
Iraq,1999,1.867069072
Iceland,1999,0.28482793
Israel,1999,6.973197782
Italy,1999,28.19115297
Jamaica,1999,48.10969529
Jordan,1999,1.10494107
Japan,1999,68.26721536
Kazakhstan,1999,1.169558729
Kenya,1999,6.941921144
Kyrgyz Republic,1999,6.133745047
Cambodia,1999,61.2020111
Kiribati,1999,1.456790123
St. Kitts and Nevis,1999,42.30769231
"Korea, Rep.",1999,67.21438938
Kuwait,1999,0.264309764
Lao PDR,1999,75.67937608
Lebanon,1999,13.52218964
Liberia,1999,85.68210133
Libya,1999,0.123327688
St. Lucia,1999,34.4852459
Liechtenstein,1999,41.75
Sri Lanka,1999,34.83991389
Lesotho,1999,1.137022398
Lithuania,1999,32.10753031
Luxembourg,1999,
Latvia,1999,52.00012863
"Macao SAR, China",1999,
St. Martin (French part),1999,18.38235294
Morocco,1999,12.33344163
Monaco,1999,0.0
Moldova,1999,10.41033435
Madagascar,1999,22.5211473
Maldives,1999,2.733333333
Mexico,1999,35.29019779
Marshall Islands,1999,52.22222222
North Macedonia,1999,37.47522611
Mali,1999,10.89666363
Malta,1999,1.09375
Myanmar,1999,54.01834165
Montenegro,1999,46.54275093
Mongolia,1999,9.187099307
Mozambique,1999,52.65520486
Mauritania,1999,0.414359173
Mauritius,1999,20.61280788
Malawi,1999,33.13215952
Malaysia,1999,60.21629889
Namibia,1999,9.87512614
New Caledonia,1999,45.79748359
Niger,1999,1.097173759
Nigeria,1999,27.51116638
Nicaragua,1999,45.69818847
Netherlands,1999,10.60672393
Norway,1999,33.16933338
Nepal,1999,40.34883916
Nauru,1999,0.0
New Zealand,1999,37.22844936
Oman,1999,0.009693053
Pakistan,1999,5.91377776
Panama,1999,59.97667474
Peru,1999,58.91632891
Philippines,1999,24.67121105
Palau,1999,85.7326087
Papua New Guinea,1999,80.13544495
Poland,1999,29.51875673
Puerto Rico,1999,47.15535513
"Korea, Dem. People's Rep.",1999,53.98574869
Portugal,1999,35.98688525
Paraguay,1999,58.51263781
West Bank and Gaza,1999,1.508305635
French Polynesia,1999,40.47486339
Qatar,1999,0.0
Romania,1999,27.72865854
Russian Federation,1999,49.37829247
Rwanda,1999,11.75516822
Saudi Arabia,1999,0.454484135
Sudan,1999,
Senegal,1999,46.21700514
Singapore,1999,25.06686567
Solomon Islands,1999,90.68706681
Sierra Leone,1999,40.85836797
El Salvador,1999,32.74034749
San Marino,1999,16.66666667
Somalia,1999,12.10149201
Serbia,1999,28.31008461
South Sudan,1999,
Sao Tome and Principe,1999,60.81875
Suriname,1999,98.36247436
Slovak Republic,1999,39.53257796
Slovenia,1999,60.9980139
Sweden,1999,68.60895842
Eswatini,1999,27.44569767
Sint Maarten (Dutch part),1999,
Seychelles,1999,73.26086957
Syrian Arab Republic,1999,2.318424203
Turks and Caicos Islands,1999,11.07368421
Chad,1999,5.07520648
Togo,1999,23.49298768
Thailand,1999,37.2571395
Tajikistan,1999,2.927979423
Turkmenistan,1999,8.782159045
Timor-Leste,1999,63.9206456
Tonga,1999,12.43055556
Trinidad and Tobago,1999,46.23606238
Tunisia,1999,4.283359295
Turkiye,1999,26.13185946
Tuvalu,1999,33.33333333
Tanzania,1999,61.00926846
Uganda,1999,16.03624443
Ukraine,1999,16.37421248
Uruguay,1999,7.495714775
United States,1999,33.12902338
Uzbekistan,1999,6.864720028
St. Vincent and the Grenadines,1999,72.92307692
"Venezuela, RB",1999,56.04954368
British Virgin Islands,1999,24.49333333
Virgin Islands (U.S.),1999,59.64857143
Vietnam,1999,35.46433377
Vanuatu,1999,36.28383921
Samoa,1999,60.70388693
"Yemen, Rep.",1999,1.039831809
South Africa,1999,14.68521709
Zambia,1999,63.34467776
Zimbabwe,1999,47.59480419
Aruba,2000,2.333333333
Afghanistan,2000,1.850994088
Angola,2000,62.33144301
Albania,2000,28.07664234
Andorra,2000,34.04255319
United Arab Emirates,2000,4.356941707
Argentina,2000,12.19648554
Armenia,2000,11.68387777
American Samoa,2000,88.65
Antigua and Barbuda,2000,21.47727273
Australia,2000,17.15815576
Austria,2000,46.47783967
Azerbaijan,2000,11.95109255
Burundi,2000,7.552180685
Belgium,2000,22.03764861
Benin,2000,36.67213551
Burkina Faso,2000,26.37609649
Bangladesh,2000,14.75246286
Bulgaria,2000,30.50709572
Bahrain,2000,0.521126761
"Bahamas, The",2000,50.93506494
Bosnia and Herzegovina,2000,41.24316406
Belarus,2000,40.78584106
Belize,2000,63.97632617
Bermuda,2000,18.51851852
Bolivia,2000,50.8643866
Brazil,2000,65.9343586
Barbados,2000,14.65116279
Brunei Darussalam,2000,75.33206831
Bhutan,2000,65.47738693
Botswana,2000,31.09187797
Central African Republic,2000,36.76362002
Canada,2000,38.79298183
Switzerland,2000,30.26464933
Chile,2000,21.27287057
China,2000,18.78049699
Cote d'Ivoire,2000,16.02028302
Cameroon,2000,45.68866747
"Congo, Dem. Rep.",2000,63.47411835
"Congo, Rep.",2000,64.99267936
Colombia,2000,56.54393871
Comoros,2000,22.39656099
Cabo Verde,2000,9.856079404
Costa Rica,2000,55.95808852
Cuba,2000,22.67225326
Curacao,2000,0.157657658
Cayman Islands,2000,53.875
Cyprus,2000,18.57251082
Czech Republic,2000,34.13083991
Germany,2000,32.53761284
Djibouti,2000,0.241587575
Dominica,2000,63.82666667
Denmark,2000,13.47160028
Dominican Republic,2000,40.8294349
Algeria,2000,0.662960693
Ecuador,2000,55.28466742
"Egypt, Arab Rep.",2000,0.059480637
Eritrea,2000,11.07386139
Spain,2000,34.25637275
Estonia,2000,52.81646615
Ethiopia,2000,18.5285
Finland,2000,73.69132276
Fiji,2000,55.08866995
France,2000,27.91987099
Faroe Islands,2000,0.05730659
"Micronesia, Fed. Sts.",2000,91.22857143
Gabon,2000,91.97811154
United Kingdom,2000,12.21014343
Georgia,2000,39.72657936
Ghana,2000,38.88815153
Gibraltar,2000,0.0
Guinea,2000,28.19876282
"Gambia, The",2000,35.30928854
Guinea-Bissau,2000,76.41820768
Equatorial Guinea,2000,93.24705882
Greece,2000,27.93040807
Grenada,2000,52.05882353
Greenland,2000,0.000535997
Guatemala,2000,39.27958193
Guam,2000,44.44444444
Guyana,2000,94.30642621
"Hong Kong SAR, China",2000,
Honduras,2000,60.57976584
Croatia,2000,33.71489894
Haiti,2000,13.8116836
Hungary,2000,21.43684445
Indonesia,2000,55.90730692
Isle of Man,2000,6.070175439
India,2000,22.733495
Ireland,2000,9.150239512
"Iran, Islamic Rep.",2000,5.72561949
Iraq,2000,1.870270023
Iceland,2000,0.29755611
Israel,2000,7.070240296
Italy,2000,28.45618986
Jamaica,2000,48.10710988
Jordan,2000,1.10494107
Japan,2000,68.24691358
Kazakhstan,2000,1.169361707
Kenya,2000,6.959957128
Kyrgyz Republic,2000,6.156934307
Cambodia,2000,61.07523227
Kiribati,2000,1.456790123
St. Kitts and Nevis,2000,42.30769231
"Korea, Rep.",2000,67.13663695
Kuwait,2000,0.272166105
Lao PDR,2000,75.4982669
Lebanon,2000,13.50733138
Liberia,2000,85.3679402
Libya,2000,0.123327688
St. Lucia,2000,34.44262295
Liechtenstein,2000,41.875
Sri Lanka,2000,34.54664328
Lesotho,2000,1.137022398
Lithuania,2000,32.22718571
Luxembourg,2000,35.67901235
Latvia,2000,52.10946042
"Macao SAR, China",2000,
St. Martin (French part),2000,22.79411765
Morocco,2000,12.338203
Monaco,2000,0.0
Moldova,2000,10.47445255
Madagascar,2000,22.40717749
Maldives,2000,2.733333333
Mexico,2000,35.17649631
Marshall Islands,2000,52.22222222
North Macedonia,2000,37.65434526
Mali,2000,10.89666363
Malta,2000,1.09375
Myanmar,2000,53.35267925
Montenegro,2000,46.54275093
Mongolia,2000,9.181428461
Mozambique,2000,52.37671355
Mauritania,2000,0.409081207
Mauritius,2000,20.65517241
Malawi,2000,32.68667798
Malaysia,2000,59.9341044
Namibia,2000,9.788876338
New Caledonia,2000,45.83424508
Niger,2000,1.048472409
Nigeria,2000,27.33186205
Nicaragua,2000,44.86720957
Netherlands,2000,10.64869668
Norway,2000,33.16413138
Nepal,2000,41.6516219
Nauru,2000,0.0
New Zealand,2000,37.41004899
Oman,2000,0.009693053
Pakistan,2000,5.852091117
Panama,2000,59.75437181
Peru,2000,58.82642969
Philippines,2000,24.51373378
Palau,2000,86.04347826
Papua New Guinea,2000,80.10856834
Poland,2000,29.5765451
Puerto Rico,2000,48.38218715
"Korea, Dem. People's Rep.",2000,53.60592974
Portugal,2000,35.8579235
Paraguay,2000,57.86974578
West Bank and Gaza,2000,1.508305648
French Polynesia,2000,40.58743169
Qatar,2000,0.0
Romania,2000,27.7132036
Russian Federation,2000,49.40184991
Rwanda,2000,11.63356303
Saudi Arabia,2000,0.454484135
Sudan,2000,8.796071182
Senegal,2000,45.98327533
Singapore,2000,25.39322388
Solomon Islands,2000,90.66095034
Sierra Leone,2000,40.58506511
El Salvador,2000,32.52316602
San Marino,2000,16.66666667
Somalia,2000,11.97915006
Serbia,2000,28.12714384
South Sudan,2000,
Sao Tome and Principe,2000,60.79166667
Suriname,2000,98.33891026
Slovak Republic,2000,39.53035343
Slovenia,2000,61.22144985
Sweden,2000,68.63332846
Eswatini,2000,27.51627907
Sint Maarten (Dutch part),2000,10.88235294
Seychelles,2000,73.26086957
Syrian Arab Republic,2000,2.351071934
Turks and Caicos Islands,2000,11.07368421
Chad,2000,5.045266836
Togo,2000,23.32164001
Thailand,2000,37.18608702
Tajikistan,2000,2.929408402
Turkmenistan,2000,8.782159045
Timor-Leste,2000,63.8264963
Tonga,2000,12.43055556
Trinidad and Tobago,2000,46.13060429
Tunisia,2000,4.298725541
Turkiye,2000,26.17926796
Tuvalu,2000,33.33333333
Tanzania,2000,60.5893091
Uganda,2000,15.8297883
Ukraine,2000,16.41494779
Uruguay,2000,7.821963204
United States,2000,33.13017359
Uzbekistan,2000,6.961591443
St. Vincent and the Grenadines,2000,73.17948718
"Venezuela, RB",2000,55.72359844
British Virgin Islands,2000,24.46666667
Virgin Islands (U.S.),2000,58.48571429
Vietnam,2000,37.88368803
Vanuatu,2000,36.28383921
Samoa,2000,60.5335689
"Yemen, Rep.",2000,1.039831809
South Africa,2000,14.65521107
Zambia,2000,63.29652
Zimbabwe,2000,47.4757141
Aruba,2001,2.333333333
Afghanistan,2001,1.850994088
Angola,2001,61.88621882
Albania,2001,28.12324818
Andorra,2001,34.04255319
United Arab Emirates,2001,4.368023092
Argentina,2001,12.08087142
Armenia,2001,11.67657183
American Samoa,2001,88.5
Antigua and Barbuda,2001,21.325
Australia,2001,17.12863335
Austria,2001,46.508186
Azerbaijan,2001,12.00604692
Burundi,2001,7.552180685
Belgium,2001,22.11218626
Benin,2001,36.22871586
Burkina Faso,2001,26.19334795
Bangladesh,2001,14.72789045
Bulgaria,2001,30.83431257
Bahrain,2001,0.542253521
"Bahamas, The",2001,50.93506494
Bosnia and Herzegovina,2001,41.22560547
Belarus,2001,40.96184185
Belize,2001,63.67860587
Bermuda,2001,18.51851852
Bolivia,2001,50.6783458
Brazil,2001,65.4616709
Barbados,2001,14.65116279
Brunei Darussalam,2001,75.00948767
Bhutan,2001,65.7268593
Botswana,2001,30.88313659
Central African Republic,2001,36.71546438
Canada,2001,38.78763071
Switzerland,2001,30.36292792
Chile,2001,21.3950173
China,2001,19.03100674
Cote d'Ivoire,2001,15.66529245
Cameroon,2001,45.54121766
"Congo, Dem. Rep.",2001,63.17725679
"Congo, Rep.",2001,64.95754026
Colombia,2001,56.37019288
Comoros,2001,22.16120365
Cabo Verde,2001,9.930521092
Costa Rica,2001,55.98546808
Cuba,2001,23.13500931
Curacao,2001,
Cayman Islands,2001,53.7875
Cyprus,2001,18.58582251
Czech Republic,2001,34.15683965
Germany,2001,32.55803955
Djibouti,2001,0.241587575
Dominica,2001,63.82666667
Denmark,2001,13.50669338
Dominican Republic,2001,41.03777686
Algeria,2001,0.677193984
Ecuador,2001,55.00188839
"Egypt, Arab Rep.",2001,0.060126576
Eritrea,2001,11.04257426
Spain,2001,34.58050028
Estonia,2001,53.04560038
Ethiopia,2001,18.4555
Finland,2001,73.62446568
Fiji,2001,55.45413246
France,2001,28.12642106
Faroe Islands,2001,0.05730659
"Micronesia, Fed. Sts.",2001,91.26714286
Gabon,2001,91.9584779
United Kingdom,2001,12.25354441
Georgia,2001,39.81551302
Ghana,2001,38.49012042
Gibraltar,2001,0.0
Guinea,2001,28.0522546
"Gambia, The",2001,34.74278656
Guinea-Bissau,2001,76.11788762
Equatorial Guinea,2001,92.94912656
Greece,2001,28.16436695
Grenada,2001,52.05882353
Greenland,2001,0.000535997
Guatemala,2001,38.82549459
Guam,2001,44.44444444
Guyana,2001,94.28386589
"Hong Kong SAR, China",2001,
Honduras,2001,60.3985164
Croatia,2001,33.77749955
Haiti,2001,13.80344702
Hungary,2001,21.57656773
Indonesia,2001,55.81783757
Isle of Man,2001,6.070175439
India,2001,22.7975676
Ireland,2001,9.280911598
"Iran, Islamic Rep.",2001,5.809506619
Iraq,2001,1.871870499
Iceland,2001,0.312359102
Israel,2001,7.074861368
Italy,2001,28.68018428
Jamaica,2001,48.45290859
Jordan,2001,1.10494107
Japan,2001,68.27160494
Kazakhstan,2001,1.166593029
Kenya,2001,6.89936571
Kyrgyz Republic,2001,6.182367049
Cambodia,2001,60.96659302
Kiribati,2001,1.456790123
St. Kitts and Nevis,2001,42.30769231
"Korea, Rep.",2001,66.85032045
Kuwait,2001,0.280022447
Lao PDR,2001,75.28834489
Lebanon,2001,13.49921799
Liberia,2001,85.05377907
Libya,2001,0.123327688
St. Lucia,2001,34.40327869
Liechtenstein,2001,41.874375
Sri Lanka,2001,34.44649976
Lesotho,2001,1.137022398
Lithuania,2001,32.46649649
Luxembourg,2001,35.76131687
Latvia,2001,52.32027783
"Macao SAR, China",2001,
St. Martin (French part),2001,18.38235294
Morocco,2001,12.37585257
Monaco,2001,0.0
Moldova,2001,10.56599757
Madagascar,2001,22.32658287
Maldives,2001,2.733333333
Mexico,2001,35.10252116
Marshall Islands,2001,52.22222222
North Macedonia,2001,37.66567047
Mali,2001,10.89666363
Malta,2001,1.09375
Myanmar,2001,52.82828748
Montenegro,2001,46.54275093
Mongolia,2001,9.176278998
Mozambique,2001,52.09493375
Mauritania,2001,0.403803241
Mauritius,2001,20.48078818
Malawi,2001,32.24119644
Malaysia,2001,59.70774616
Namibia,2001,9.702625563
New Caledonia,2001,45.84064551
Niger,2001,1.038667403
Nigeria,2001,27.15255663
Nicaragua,2001,43.86075287
Netherlands,2001,10.69010664
Norway,2001,33.16111969
Nepal,2001,40.45264737
Nauru,2001,0.0
New Zealand,2001,37.4091679
Oman,2001,0.009693053
Pakistan,2001,5.797928342
Panama,2001,59.60082055
Peru,2001,58.72892734
Philippines,2001,24.35625985
Palau,2001,86.25652174
Papua New Guinea,2001,80.08668948
Poland,2001,29.66469686
Puerto Rico,2001,49.08455468
"Korea, Dem. People's Rep.",2001,53.42961548
Portugal,2001,35.82622951
Paraguay,2001,57.00857287
West Bank and Gaza,2001,1.51162797
French Polynesia,2001,40.61229508
Qatar,2001,0.0
Romania,2001,27.778068
Russian Federation,2001,49.44038194
Rwanda,2001,11.54438589
Saudi Arabia,2001,0.454484135
Sudan,2001,
Senegal,2001,45.7833065
Singapore,2001,25.50164179
Solomon Islands,2001,90.63479814
Sierra Leone,2001,40.31176226
El Salvador,2001,32.30598456
San Marino,2001,16.66666667
Somalia,2001,11.85680811
Serbia,2001,28.31008461
South Sudan,2001,
Sao Tome and Principe,2001,60.76458333
Suriname,2001,98.31262179
Slovak Republic,2001,39.56465696
Slovenia,2001,61.29096326
Sweden,2001,68.61139543
Eswatini,2001,27.5869186
Sint Maarten (Dutch part),2001,
Seychelles,2001,73.26086957
Syrian Arab Republic,2001,2.383719665
Turks and Caicos Islands,2001,11.07368421
Chad,2001,4.979907878
Togo,2001,23.26722927
Thailand,2001,37.39650414
Tajikistan,2001,2.929408402
Turkmenistan,2001,8.782159045
Timor-Leste,2001,63.73234701
Tonga,2001,12.43055556
Trinidad and Tobago,2001,46.04795322
Tunisia,2001,4.311328527
Turkiye,2001,26.30071983
Tuvalu,2001,33.33333333
Tanzania,2001,60.16934974
Uganda,2001,15.62332716
Ukraine,2001,16.42150686
Uruguay,2001,8.028968118
United States,2001,33.18675561
Uzbekistan,2001,7.052832393
St. Vincent and the Grenadines,2001,73.17948718
"Venezuela, RB",2001,55.5369877
British Virgin Islands,2001,24.44666667
Virgin Islands (U.S.),2001,57.90285714
Vietnam,2001,38.39562827
Vanuatu,2001,36.28383921
Samoa,2001,60.36325088
"Yemen, Rep.",2001,1.039831809
South Africa,2001,14.62520505
Zambia,2001,63.24836223
Zimbabwe,2001,47.35662401
Aruba,2002,2.333333333
Afghanistan,2002,1.850994088
Angola,2002,61.44099463
Albania,2002,28.16985401
Andorra,2002,34.04255319
United Arab Emirates,2002,4.379104478
Argentina,2002,11.9652573
Armenia,2002,11.66926589
American Samoa,2002,88.35
Antigua and Barbuda,2002,21.17272727
Australia,2002,17.09911094
Austria,2002,46.53853233
Azerbaijan,2002,12.05881164
Burundi,2002,7.552180685
Belgium,2002,22.18672391
Benin,2002,35.7852962
Burkina Faso,2002,26.01059942
Bangladesh,2002,14.70331797
Bulgaria,2002,31.68566176
Bahrain,2002,0.563380282
"Bahamas, The",2002,50.93506494
Bosnia and Herzegovina,2002,41.20804688
Belarus,2002,41.13987083
Belize,2002,63.38088558
Bermuda,2002,18.51851852
Bolivia,2002,50.49230499
Brazil,2002,64.98898319
Barbados,2002,14.65116279
Brunei Darussalam,2002,74.68690702
Bhutan,2002,65.97633166
Botswana,2002,30.67439521
Central African Republic,2002,36.66730874
Canada,2002,38.78227958
Switzerland,2002,30.46121148
Chile,2002,21.51716402
China,2002,19.28151688
Cote d'Ivoire,2002,15.31030189
Cameroon,2002,45.39376785
"Congo, Dem. Rep.",2002,62.88039523
"Congo, Rep.",2002,64.92240117
Colombia,2002,56.19644705
Comoros,2002,21.92584632
Cabo Verde,2002,10.00496278
Costa Rica,2002,56.01284763
Cuba,2002,23.82178776
Curacao,2002,
Cayman Islands,2002,53.7
Cyprus,2002,18.5991342
Czech Republic,2002,34.18283939
Germany,2002,32.57753827
Djibouti,2002,0.241587575
Dominica,2002,63.82666667
Denmark,2002,13.54178647
Dominican Republic,2002,41.24611882
Algeria,2002,0.691427276
Ecuador,2002,54.71910936
"Egypt, Arab Rep.",2002,0.060772515
Eritrea,2002,11.01128713
Spain,2002,34.83530779
Estonia,2002,53.27473461
Ethiopia,2002,18.3825
Finland,2002,73.55760859
Fiji,2002,55.81959496
France,2002,28.33297112
Faroe Islands,2002,0.05730659
"Micronesia, Fed. Sts.",2002,91.30571429
Gabon,2002,91.93884426
United Kingdom,2002,12.2969454
Georgia,2002,39.90444668
Ghana,2002,38.0920893
Gibraltar,2002,0.0
Guinea,2002,27.90574638
"Gambia, The",2002,34.17628458
Guinea-Bissau,2002,75.81756757
Equatorial Guinea,2002,92.6511943
Greece,2002,28.39832661
Grenada,2002,52.05882353
Greenland,2002,0.000535997
Guatemala,2002,38.37140724
Guam,2002,44.44444444
Guyana,2002,94.26130556
"Hong Kong SAR, China",2002,
Honduras,2002,60.21726696
Croatia,2002,33.84010016
Haiti,2002,13.79521045
Hungary,2002,21.71629101
Indonesia,2002,55.72836821
Isle of Man,2002,6.070175439
India,2002,22.86164019
Ireland,2002,9.411583684
"Iran, Islamic Rep.",2002,5.893393747
Iraq,2002,1.873470974
Iceland,2002,0.327162095
Israel,2002,7.07948244
Italy,2002,28.90417871
Jamaica,2002,48.79870729
Jordan,2002,1.10494107
Japan,2002,68.2962963
Kazakhstan,2002,1.163824314
Kenya,2002,6.838774291
Kyrgyz Republic,2002,6.207799791
Cambodia,2002,60.85795377
Kiribati,2002,1.456790123
St. Kitts and Nevis,2002,42.30769231
"Korea, Rep.",2002,66.72383511
Kuwait,2002,0.287878788
Lao PDR,2002,75.07842288
Lebanon,2002,13.49110459
Liberia,2002,84.73961794
Libya,2002,0.123327688
St. Lucia,2002,34.36393443
Liechtenstein,2002,41.87375
Sri Lanka,2002,34.34635624
Lesotho,2002,1.137022398
Lithuania,2002,32.70580728
Luxembourg,2002,35.8436214
Latvia,2002,52.53109525
"Macao SAR, China",2002,
St. Martin (French part),2002,18.38235294
Morocco,2002,12.41350213
Monaco,2002,0.0
Moldova,2002,10.65754258
Madagascar,2002,22.24598824
Maldives,2002,2.733333333
Mexico,2002,35.028546
Marshall Islands,2002,52.22222222
North Macedonia,2002,37.67699567
Mali,2002,10.89666363
Malta,2002,1.09375
Myanmar,2002,52.30389571
Montenegro,2002,46.54275093
Mongolia,2002,9.171129535
Mozambique,2002,51.81315395
Mauritania,2002,0.398525274
Mauritius,2002,20.30640394
Malawi,2002,31.79571489
Malaysia,2002,59.48138792
Namibia,2002,9.616374789
New Caledonia,2002,45.84704595
Niger,2002,1.028862398
Nigeria,2002,26.97325121
Nicaragua,2002,42.85429616
Netherlands,2002,10.73151659
Norway,2002,33.158108
Nepal,2002,40.5791001
Nauru,2002,0.0
New Zealand,2002,37.40828681
Oman,2002,0.009693053
Pakistan,2002,5.743765567
Panama,2002,59.4472693
Peru,2002,58.631425
Philippines,2002,24.19878593
Palau,2002,86.46956522
Papua New Guinea,2002,80.06481054
Poland,2002,29.75284861
Puerto Rico,2002,49.78692221
"Korea, Dem. People's Rep.",2002,53.25330122
Portugal,2002,35.79453552
Paraguay,2002,56.14739995
West Bank and Gaza,2002,1.514950147
French Polynesia,2002,40.63715847
Qatar,2002,0.0
Romania,2002,27.82355244
Russian Federation,2002,49.47468949
Rwanda,2002,11.45520876
Saudi Arabia,2002,0.454484135
Sudan,2002,
Senegal,2002,45.58333766
Singapore,2002,25.42044444
Solomon Islands,2002,90.60864594
Sierra Leone,2002,40.03845941
El Salvador,2002,32.08880309
San Marino,2002,16.66666667
Somalia,2002,11.73446616
Serbia,2002,28.31008461
South Sudan,2002,
Sao Tome and Principe,2002,60.7375
Suriname,2002,98.28633333
Slovak Republic,2002,39.5989605
Slovenia,2002,61.36047666
Sweden,2002,68.5894624
Eswatini,2002,27.65755814
Sint Maarten (Dutch part),2002,
Seychelles,2002,73.26086957
Syrian Arab Republic,2002,2.416367396
Turks and Caicos Islands,2002,11.07368421
Chad,2002,4.91454892
Togo,2002,23.21281853
Thailand,2002,37.60692126
Tajikistan,2002,2.929408402
Turkmenistan,2002,8.782159045
Timor-Leste,2002,63.63819771
Tonga,2002,12.43055556
Trinidad and Tobago,2002,45.96530214
Tunisia,2002,4.323931514
Turkiye,2002,26.42217169
Tuvalu,2002,33.33333333
Tanzania,2002,59.74939038
Uganda,2002,15.41686602
Ukraine,2002,16.4283495
Uruguay,2002,8.235973032
United States,2002,33.24333764
Uzbekistan,2002,7.144073343
St. Vincent and the Grenadines,2002,73.17948718
"Venezuela, RB",2002,55.35037696
British Virgin Islands,2002,24.42666667
Virgin Islands (U.S.),2002,57.32
Vietnam,2002,38.97888263
Vanuatu,2002,36.28383921
Samoa,2002,60.19293286
"Yemen, Rep.",2002,1.039831809
South Africa,2002,14.59519904
Zambia,2002,63.20020447
Zimbabwe,2002,47.23753393
Aruba,2003,2.333333333
Afghanistan,2003,1.850994088
Angola,2003,60.99577043
Albania,2003,28.21645985
Andorra,2003,34.04255319
United Arab Emirates,2003,4.390185863
Argentina,2003,11.84964318
Armenia,2003,11.66195996
American Samoa,2003,88.2
Antigua and Barbuda,2003,21.02045455
Australia,2003,17.06958853
Austria,2003,46.56887866
Azerbaijan,2003,12.10862895
Burundi,2003,7.552180685
Belgium,2003,22.26126156
Benin,2003,35.34187655
Burkina Faso,2003,25.82785088
Bangladesh,2003,14.67874549
Bulgaria,2003,32.02721339
Bahrain,2003,0.576388889
"Bahamas, The",2003,50.93506494
Bosnia and Herzegovina,2003,41.19048828
Belarus,2003,41.31588029
Belize,2003,63.08316528
Bermuda,2003,18.51851852
Bolivia,2003,50.30626419
Brazil,2003,64.51629549
Barbados,2003,14.65116279
Brunei Darussalam,2003,74.36432638
Bhutan,2003,66.22580402
Botswana,2003,30.46565384
Central African Republic,2003,36.6191531
Canada,2003,38.77692846
Switzerland,2003,30.55950001
Chile,2003,21.63931075
China,2003,19.53202806
Cote d'Ivoire,2003,14.95531132
Cameroon,2003,45.24631804
"Congo, Dem. Rep.",2003,62.58353367
"Congo, Rep.",2003,64.88726208
Colombia,2003,56.02270122
Comoros,2003,21.69048898
Cabo Verde,2003,10.07940447
Costa Rica,2003,56.04022718
Cuba,2003,24.28665414
Curacao,2003,
Cayman Islands,2003,53.6125
Cyprus,2003,18.61244589
Czech Republic,2003,34.20883914
Germany,2003,32.59797598
Djibouti,2003,0.241587575
Dominica,2003,63.82666667
Denmark,2003,13.57687957
Dominican Republic,2003,41.45446077
Algeria,2003,0.705660567
Ecuador,2003,54.43633033
"Egypt, Arab Rep.",2003,0.061418454
Eritrea,2003,10.98
Spain,2003,35.11418641
Estonia,2003,53.50386884
Ethiopia,2003,18.3095
Finland,2003,73.4907515
Fiji,2003,56.18505747
France,2003,28.52389357
Faroe Islands,2003,0.05730659
"Micronesia, Fed. Sts.",2003,91.34428571
Gabon,2003,91.91921062
United Kingdom,2003,12.34034638
Georgia,2003,39.99338034
Ghana,2003,37.69405819
Gibraltar,2003,0.0
Guinea,2003,27.75923816
"Gambia, The",2003,33.60978261
Guinea-Bissau,2003,75.51724751
Equatorial Guinea,2003,92.35326203
Greece,2003,28.63228549
Grenada,2003,52.05882353
Greenland,2003,0.000535997
Guatemala,2003,37.9173199
Guam,2003,44.44444444
Guyana,2003,94.23874524
"Hong Kong SAR, China",2003,
Honduras,2003,60.03601752
Croatia,2003,33.90270077
Haiti,2003,13.78697388
Hungary,2003,21.85601428
Indonesia,2003,55.63889886
Isle of Man,2003,6.070175439
India,2003,22.92571279
Ireland,2003,9.54225577
"Iran, Islamic Rep.",2003,5.977280876
Iraq,2003,1.87507145
Iceland,2003,0.341965087
Israel,2003,7.084103512
Italy,2003,29.12520228
Jamaica,2003,49.144506
Jordan,2003,1.10494107
Japan,2003,68.32098765
Kazakhstan,2003,1.161055636
Kenya,2003,6.778182872
Kyrgyz Republic,2003,6.233232534
Cambodia,2003,60.74931453
Kiribati,2003,1.456790123
St. Kitts and Nevis,2003,42.30769231
"Korea, Rep.",2003,66.625
Kuwait,2003,0.295735129
Lao PDR,2003,74.86850087
Lebanon,2003,13.4829912
Liberia,2003,84.42545681
Libya,2003,0.123327688
St. Lucia,2003,34.32459016
Liechtenstein,2003,41.87375
Sri Lanka,2003,34.24621273
Lesotho,2003,1.137022398
Lithuania,2003,32.94511806
Luxembourg,2003,35.92592593
Latvia,2003,52.74191266
"Macao SAR, China",2003,
St. Martin (French part),2003,18.38235294
Morocco,2003,12.45115169
Monaco,2003,0.0
Moldova,2003,10.75235777
Madagascar,2003,22.16539361
Maldives,2003,2.733333333
Mexico,2003,34.95457085
Marshall Islands,2003,52.22222222
North Macedonia,2003,37.68832088
Mali,2003,10.89666363
Malta,2003,1.09375
Myanmar,2003,51.77950393
Montenegro,2003,46.54275093
Mongolia,2003,9.165980072
Mozambique,2003,51.53137414
Mauritania,2003,0.393247308
Mauritius,2003,20.1320197
Malawi,2003,31.35023335
Malaysia,2003,59.25502968
Namibia,2003,9.530124015
New Caledonia,2003,45.85344639
Niger,2003,1.019057393
Nigeria,2003,26.79394578
Nicaragua,2003,41.84783945
Netherlands,2003,10.77292654
Norway,2003,33.15509632
Nepal,2003,40.70555284
Nauru,2003,0.0
New Zealand,2003,37.40740572
Oman,2003,0.009693053
Pakistan,2003,5.689602792
Panama,2003,59.29371805
Peru,2003,58.53392266
Philippines,2003,24.041312
Palau,2003,86.6826087
Papua New Guinea,2003,80.04293159
Poland,2003,29.84587252
Puerto Rico,2003,50.48928974
"Korea, Dem. People's Rep.",2003,53.07698696
Portugal,2003,35.76284153
Paraguay,2003,55.28622703
West Bank and Gaza,2003,1.516611315
French Polynesia,2003,40.66202186
Qatar,2003,0.0
Romania,2003,27.87866928
Russian Federation,2003,49.51038522
Rwanda,2003,11.36603162
Saudi Arabia,2003,0.454484135
Sudan,2003,
Senegal,2003,45.38336883
Singapore,2003,25.08224163
Solomon Islands,2003,90.58249375
Sierra Leone,2003,39.76515655
El Salvador,2003,31.87162162
San Marino,2003,16.66666667
Somalia,2003,11.61212421
Serbia,2003,28.31008461
South Sudan,2003,
Sao Tome and Principe,2003,60.71041667
Suriname,2003,98.26004487
Slovak Republic,2003,39.62502598
Slovenia,2003,61.42999007
Sweden,2003,68.56752937
Eswatini,2003,27.72819767
Sint Maarten (Dutch part),2003,
Seychelles,2003,73.26086957
Syrian Arab Republic,2003,2.451549649
Turks and Caicos Islands,2003,11.07368421
Chad,2003,4.849189962
Togo,2003,23.1584078
Thailand,2003,37.81733837
Tajikistan,2003,2.929408402
Turkmenistan,2003,8.782159045
Timor-Leste,2003,63.54404842
Tonga,2003,12.43055556
Trinidad and Tobago,2003,45.88265107
Tunisia,2003,4.336534501
Turkiye,2003,26.54362356
Tuvalu,2003,33.33333333
Tanzania,2003,59.32943102
Uganda,2003,15.21040488
Ukraine,2003,16.43490869
Uruguay,2003,8.442977945
United States,2003,33.29991967
Uzbekistan,2003,7.235314292
St. Vincent and the Grenadines,2003,73.17948718
"Venezuela, RB",2003,55.16376623
British Virgin Islands,2003,24.40666667
Virgin Islands (U.S.),2003,56.73714286
Vietnam,2003,39.55651305
Vanuatu,2003,36.28383921
Samoa,2003,60.02261484
"Yemen, Rep.",2003,1.039831809
South Africa,2003,14.56519302
Zambia,2003,63.1520467
Zimbabwe,2003,47.11844384
Aruba,2004,2.333333333
Afghanistan,2004,1.850994088
Angola,2004,60.55054624
Albania,2004,28.26306569
Andorra,2004,34.04255319
United Arab Emirates,2004,4.401267249
Argentina,2004,11.73402906
Armenia,2004,11.65465402
American Samoa,2004,88.05
Antigua and Barbuda,2004,20.86818182
Australia,2004,17.04006613
Austria,2004,46.59922499
Azerbaijan,2004,12.16046303
Burundi,2004,7.552180685
Belgium,2004,22.33579921
Benin,2004,34.8984569
Burkina Faso,2004,25.64510234
Bangladesh,2004,14.654173
Bulgaria,2004,32.3630011
Bahrain,2004,0.589041096
"Bahamas, The",2004,50.93506494
Bosnia and Herzegovina,2004,41.17292969
Belarus,2004,41.49598146
Belize,2004,62.78544498
Bermuda,2004,18.51851852
Bolivia,2004,50.12022339
Brazil,2004,64.04360779
Barbados,2004,14.65116279
Brunei Darussalam,2004,74.04174573
Bhutan,2004,69.41039431
Botswana,2004,30.25691246
Central African Republic,2004,36.57099746
Canada,2004,38.77157733
Switzerland,2004,30.65779352
Chile,2004,21.76145748
China,2004,19.78253654
Cote d'Ivoire,2004,14.60032075
Cameroon,2004,45.09886823
"Congo, Dem. Rep.",2004,62.28667211
"Congo, Rep.",2004,64.85212299
Colombia,2004,55.84895539
Comoros,2004,21.45513165
Cabo Verde,2004,10.15384615
Costa Rica,2004,56.06760674
Cuba,2004,24.75143314
Curacao,2004,
Cayman Islands,2004,53.525
Cyprus,2004,18.62575758
Czech Republic,2004,34.23927
Germany,2004,32.6174843
Djibouti,2004,0.241587575
Dominica,2004,63.82666667
Denmark,2004,13.61197266
Dominican Republic,2004,41.66280273
Algeria,2004,0.719893859
Ecuador,2004,54.1535513
"Egypt, Arab Rep.",2004,0.062064393
Eritrea,2004,10.94871287
Spain,2004,35.40705557
Estonia,2004,53.73300307
Ethiopia,2004,16.14900918
Finland,2004,73.42389442
Fiji,2004,56.55051998
France,2004,28.74607126
Faroe Islands,2004,0.05730659
"Micronesia, Fed. Sts.",2004,91.38285714
Gabon,2004,91.89957698
United Kingdom,2004,12.38374736
Georgia,2004,40.082314
Ghana,2004,37.29602707
Gibraltar,2004,0.0
Guinea,2004,27.61272994
"Gambia, The",2004,33.04328063
Guinea-Bissau,2004,75.21692745
Equatorial Guinea,2004,92.05532977
Greece,2004,28.86624515
Grenada,2004,52.05882353
Greenland,2004,0.000535997
Guatemala,2004,37.46323255
Guam,2004,44.44444444
Guyana,2004,94.21618491
"Hong Kong SAR, China",2004,
Honduras,2004,59.85476808
Croatia,2004,33.93495354
Haiti,2004,13.7787373
Hungary,2004,21.99573756
Indonesia,2004,55.5494295
Isle of Man,2004,6.070175439
India,2004,22.98978538
Ireland,2004,9.672927856
"Iran, Islamic Rep.",2004,6.061168005
Iraq,2004,1.876671925
Iceland,2004,0.35676808
Israel,2004,7.088724584
Italy,2004,29.34917386
Jamaica,2004,49.49030471
Jordan,2004,1.10494107
Japan,2004,68.34567901
Kazakhstan,2004,1.158286958
Kenya,2004,6.717591454
Kyrgyz Republic,2004,6.258665276
Cambodia,2004,60.64067528
Kiribati,2004,1.456790123
St. Kitts and Nevis,2004,42.30769231
"Korea, Rep.",2004,66.51931419
Kuwait,2004,0.30359147
Lao PDR,2004,74.65857886
Lebanon,2004,13.47487781
Liberia,2004,84.11129568
Libya,2004,0.123327688
St. Lucia,2004,34.2852459
Liechtenstein,2004,41.873125
Sri Lanka,2004,34.14606921
Lesotho,2004,1.137022398
Lithuania,2004,33.18442884
Luxembourg,2004,36.00823045
Latvia,2004,52.95273008
"Macao SAR, China",2004,
St. Martin (French part),2004,18.38235294
Morocco,2004,12.48880125
Monaco,2004,0.0
Moldova,2004,10.8406326
Madagascar,2004,22.08479898
Maldives,2004,2.733333333
Mexico,2004,34.88059569
Marshall Islands,2004,52.22222222
North Macedonia,2004,37.69964609
Mali,2004,10.89666363
Malta,2004,1.09375
Myanmar,2004,51.26452511
Montenegro,2004,46.54275093
Mongolia,2004,9.160830608
Mozambique,2004,51.24959434
Mauritania,2004,0.387969341
Mauritius,2004,19.95763547
Malawi,2004,30.9047518
Malaysia,2004,59.02867144
Namibia,2004,9.44387324
New Caledonia,2004,45.85984683
Niger,2004,1.009252388
Nigeria,2004,26.61464036
Nicaragua,2004,40.84138275
Netherlands,2004,10.81433649
Norway,2004,33.15208463
Nepal,2004,40.83200558
Nauru,2004,0.0
New Zealand,2004,37.40652463
Oman,2004,0.009693053
Pakistan,2004,5.635440017
Panama,2004,59.1401668
Peru,2004,58.43642031
Philippines,2004,23.88383808
Palau,2004,86.89565217
Papua New Guinea,2004,80.02105264
Poland,2004,29.92524402
Puerto Rico,2004,51.19165727
"Korea, Dem. People's Rep.",2004,52.9006727
Portugal,2004,35.73114754
Paraguay,2004,54.42505412
West Bank and Gaza,2004,1.519933491
French Polynesia,2004,40.68688525
Qatar,2004,0.0
Romania,2004,27.9373913
Russian Federation,2004,49.54544561
Rwanda,2004,11.27685448
Saudi Arabia,2004,0.454484135
Sudan,2004,
Senegal,2004,45.18339999
Singapore,2004,25.1149492
Solomon Islands,2004,90.55634155
Sierra Leone,2004,39.4918537
El Salvador,2004,31.65444015
San Marino,2004,16.66666667
Somalia,2004,11.48978226
Serbia,2004,28.31008461
South Sudan,2004,
Sao Tome and Principe,2004,60.68333333
Suriname,2004,98.23375641
Slovak Republic,2004,39.66756757
Slovenia,2004,61.49950348
Sweden,2004,68.54559633
Eswatini,2004,27.79883721
Sint Maarten (Dutch part),2004,
Seychelles,2004,73.26086957
Syrian Arab Republic,2004,2.484501825
Turks and Caicos Islands,2004,11.07368421
Chad,2004,4.783831004
Togo,2004,23.10399706
Thailand,2004,38.02775549
Tajikistan,2004,2.929408402
Turkmenistan,2004,8.782159045
Timor-Leste,2004,63.44989913
Tonga,2004,12.43055556
Trinidad and Tobago,2004,45.8
Tunisia,2004,4.349137487
Turkiye,2004,26.66507543
Tuvalu,2004,33.33333333
Tanzania,2004,58.90947166
Uganda,2004,15.00394375
Ukraine,2004,16.44146788
Uruguay,2004,8.649982859
United States,2004,33.35650169
Uzbekistan,2004,7.326555242
St. Vincent and the Grenadines,2004,73.17948718
"Venezuela, RB",2004,54.97715549
British Virgin Islands,2004,24.38666667
Virgin Islands (U.S.),2004,56.15428571
Vietnam,2004,40.07380269
Vanuatu,2004,36.28383921
Samoa,2004,59.85229682
"Yemen, Rep.",2004,1.039831809
South Africa,2004,14.535187
Zambia,2004,63.10388894
Zimbabwe,2004,46.99935375
Aruba,2005,2.333333333
Afghanistan,2005,1.850994088
Angola,2005,60.10532205
Albania,2005,28.30967153
Andorra,2005,34.04255319
United Arab Emirates,2005,4.412348634
Argentina,2005,11.61841495
Armenia,2005,11.64734809
American Samoa,2005,87.9
Antigua and Barbuda,2005,20.71590909
Australia,2005,17.01054372
Austria,2005,46.62957132
Azerbaijan,2005,12.21700097
Burundi,2005,7.552180685
Belgium,2005,22.41033686
Benin,2005,34.45503725
Burkina Faso,2005,25.4623538
Bangladesh,2005,14.62960052
Bulgaria,2005,32.73195876
Bahrain,2005,0.601351351
"Bahamas, The",2005,50.93506494
Bosnia and Herzegovina,2005,41.15537109
Belarus,2005,41.66789923
Belize,2005,62.48772468
Bermuda,2005,18.51851852
Bolivia,2005,49.93418259
Brazil,2005,63.57092009
Barbados,2005,14.65116279
Brunei Darussalam,2005,73.71916509
Bhutan,2005,69.67088176
Botswana,2005,30.04817109
Central African Republic,2005,36.52284182
Canada,2005,38.7662262
Switzerland,2005,30.75687029
Chile,2005,21.8836042
China,2005,20.03304816
Cote d'Ivoire,2005,14.24533019
Cameroon,2005,44.95141842
"Congo, Dem. Rep.",2005,61.98981055
"Congo, Rep.",2005,64.81698389
Colombia,2005,55.67520955
Comoros,2005,21.21977431
Cabo Verde,2005,10.22828784
Costa Rica,2005,56.09498629
Cuba,2005,25.2113867
Curacao,2005,
Cayman Islands,2005,53.4375
Cyprus,2005,18.63906926
Czech Republic,2005,34.2652731
Germany,2005,32.6341897
Djibouti,2005,0.241587575
Dominica,2005,63.82666667
Denmark,2005,13.64706576
Dominican Republic,2005,41.87114469
Algeria,2005,0.734127151
Ecuador,2005,53.87077227
"Egypt, Arab Rep.",2005,0.062710332
Eritrea,2005,10.91742574
Spain,2005,35.70425174
Estonia,2005,53.9621373
Ethiopia,2005,16.08360407
Finland,2005,73.35703733
Fiji,2005,56.91598248
France,2005,28.95315008
Faroe Islands,2005,0.05730659
"Micronesia, Fed. Sts.",2005,91.42142857
Gabon,2005,91.87994334
United Kingdom,2005,12.42714835
Georgia,2005,40.17124766
Ghana,2005,36.89799596
Gibraltar,2005,0.0
Guinea,2005,27.46622172
"Gambia, The",2005,32.47677866
Guinea-Bissau,2005,74.9166074
Equatorial Guinea,2005,91.7573975
Greece,2005,29.10020403
Grenada,2005,52.05882353
Greenland,2005,0.000535997
Guatemala,2005,37.0091452
Guam,2005,44.44444444
Guyana,2005,94.19362459
"Hong Kong SAR, China",2005,
Honduras,2005,59.67351863
Croatia,2005,33.99749821
Haiti,2005,13.77050073
Hungary,2005,22.13793103
Indonesia,2005,55.45996015
Isle of Man,2005,6.070175439
India,2005,23.05385798
Ireland,2005,9.803599942
"Iran, Islamic Rep.",2005,6.145055134
Iraq,2005,1.878272401
Iceland,2005,0.371571072
Israel,2005,7.093345656
Italy,2005,29.57314544
Jamaica,2005,49.83610342
Jordan,2005,1.10494107
Japan,2005,68.37037037
Kazakhstan,2005,1.15551828
Kenya,2005,6.657000035
Kyrgyz Republic,2005,6.284098019
Cambodia,2005,60.53203603
Kiribati,2005,1.456790123
St. Kitts and Nevis,2005,42.30769231
"Korea, Rep.",2005,66.40681466
Kuwait,2005,0.311447811
Lao PDR,2005,74.44865685
Lebanon,2005,13.46676442
Liberia,2005,83.79713455
Libya,2005,0.123327688
St. Lucia,2005,34.24590164
Liechtenstein,2005,41.8725
Sri Lanka,2005,34.04592569
Lesotho,2005,1.137022398
Lithuania,2005,33.42373963
Luxembourg,2005,36.09053498
Latvia,2005,53.1635475
"Macao SAR, China",2005,
St. Martin (French part),2005,18.38235294
Morocco,2005,12.52645082
Monaco,2005,0.0
Moldova,2005,10.92885375
Madagascar,2005,22.00420435
Maldives,2005,2.733333333
Mexico,2005,34.80662054
Marshall Islands,2005,52.22222222
North Macedonia,2005,37.71097129
Mali,2005,10.89666363
Malta,2005,1.09375
Myanmar,2005,50.74469665
Montenegro,2005,46.54275093
Mongolia,2005,9.155681145
Mozambique,2005,50.96781454
Mauritania,2005,0.382691375
Mauritius,2005,19.78325123
Malawi,2005,30.45927026
Malaysia,2005,58.80231319
Namibia,2005,9.357622466
New Caledonia,2005,45.86624726
Niger,2005,0.999447383
Nigeria,2005,26.43533494
Nicaragua,2005,39.83492604
Netherlands,2005,10.85574645
Norway,2005,33.14907295
Nepal,2005,40.95845832
Nauru,2005,0.0
New Zealand,2005,37.40564354
Oman,2005,0.009693053
Pakistan,2005,5.581277242
Panama,2005,58.98661555
Peru,2005,58.33891797
Philippines,2005,23.72636415
Palau,2005,87.10869565
Papua New Guinea,2005,79.9991737
Poland,2005,30.01338426
Puerto Rico,2005,51.8940248
"Korea, Dem. People's Rep.",2005,52.72435844
Portugal,2005,35.71116213
Paraguay,2005,53.5638812
West Bank and Gaza,2005,1.523255827
French Polynesia,2005,40.71174863
Qatar,2005,0.0
Romania,2005,28.0046091
Russian Federation,2005,49.58077733
Rwanda,2005,11.18767734
Saudi Arabia,2005,0.454484135
Sudan,2005,
Senegal,2005,44.98343115
Singapore,2005,25.22046444
Solomon Islands,2005,90.53018935
Sierra Leone,2005,39.21855085
El Salvador,2005,31.43725869
San Marino,2005,16.66666667
Somalia,2005,11.3674403
Serbia,2005,28.31008461
South Sudan,2005,
Sao Tome and Principe,2005,60.65625
Suriname,2005,98.20746795
Slovak Republic,2005,39.7018711
Slovenia,2005,61.56901688
Sweden,2005,68.5236633
Eswatini,2005,27.86947674
Sint Maarten (Dutch part),2005,
Seychelles,2005,73.26086957
Syrian Arab Republic,2005,2.517186904
Turks and Caicos Islands,2005,11.07368421
Chad,2005,4.718472046
Togo,2005,23.04958632
Thailand,2005,38.2381726
Tajikistan,2005,2.929408402
Turkmenistan,2005,8.782159045
Timor-Leste,2005,63.35574983
Tonga,2005,12.43055556
Trinidad and Tobago,2005,45.71734893
Tunisia,2005,4.361740474
Turkiye,2005,26.78652729
Tuvalu,2005,33.33333333
Tanzania,2005,58.48951231
Uganda,2005,14.79748261
Ukraine,2005,16.4468915
Uruguay,2005,8.856987773
United States,2005,33.41308372
Uzbekistan,2005,7.417796192
St. Vincent and the Grenadines,2005,73.17948718
"Venezuela, RB",2005,54.79054475
British Virgin Islands,2005,24.36666667
Virgin Islands (U.S.),2005,55.57142857
Vietnam,2005,40.59109233
Vanuatu,2005,36.28383921
Samoa,2005,59.6819788
"Yemen, Rep.",2005,1.039831809
South Africa,2005,14.50518098
Zambia,2005,63.05573118
Zimbabwe,2005,46.88026367
Aruba,2006,2.333333333
Afghanistan,2006,1.850994088
Angola,2006,59.66009786
Albania,2006,28.35627737
Andorra,2006,34.04255319
United Arab Emirates,2006,4.42343002
Argentina,2006,11.50280083
Armenia,2006,11.64004215
American Samoa,2006,87.75
Antigua and Barbuda,2006,20.56363636
Australia,2006,16.98102131
Austria,2006,46.65991766
Azerbaijan,2006,12.27518908
Burundi,2006,7.552180685
Belgium,2006,22.4848745
Benin,2006,34.01161759
Burkina Faso,2006,25.27960526
Bangladesh,2006,14.60502804
Bulgaria,2006,33.0682132
Bahrain,2006,0.621621622
"Bahamas, The",2006,50.93506494
Bosnia and Herzegovina,2006,41.1378125
Belarus,2006,41.82947265
Belize,2006,62.19000438
Bermuda,2006,18.51851852
Bolivia,2006,49.74814179
Brazil,2006,63.09823238
Barbados,2006,14.65116279
Brunei Darussalam,2006,73.39658444
Bhutan,2006,69.93136921
Botswana,2006,29.83942971
Central African Republic,2006,36.47468619
Canada,2006,38.76087508
Switzerland,2006,30.85517625
Chile,2006,22.00575093
China,2006,20.28355789
Cote d'Ivoire,2006,13.89033962
Cameroon,2006,44.80396861
"Congo, Dem. Rep.",2006,61.69294899
"Congo, Rep.",2006,64.7818448
Colombia,2006,55.50146372
Comoros,2006,20.98441698
Cabo Verde,2006,10.30272953
Costa Rica,2006,56.12236584
Cuba,2006,25.68072912
Curacao,2006,
Cayman Islands,2006,53.35
Cyprus,2006,18.65238095
Czech Republic,2006,34.29571521
Germany,2006,32.65370498
Djibouti,2006,0.241587575
Dominica,2006,63.82666667
Denmark,2006,13.68215885
Dominican Republic,2006,42.07948665
Algeria,2006,0.748360442
Ecuador,2006,53.58799324
"Egypt, Arab Rep.",2006,0.063356271
Eritrea,2006,10.88613861
Spain,2006,36.00299812
Estonia,2006,54.19127153
Ethiopia,2006,16.01901197
Finland,2006,73.40585972
Fiji,2006,57.28144499
France,2006,29.15970392
Faroe Islands,2006,0.05730659
"Micronesia, Fed. Sts.",2006,91.46
Gabon,2006,91.8603097
United Kingdom,2006,12.47054933
Georgia,2006,40.26018132
Ghana,2006,36.49996484
Gibraltar,2006,0.0
Guinea,2006,27.3197135
"Gambia, The",2006,31.91027668
Guinea-Bissau,2006,74.61628734
Equatorial Guinea,2006,91.45946524
Greece,2006,29.33416292
Grenada,2006,52.05882353
Greenland,2006,0.000535997
Guatemala,2006,36.55505786
Guam,2006,44.44444444
Guyana,2006,94.17106426
"Hong Kong SAR, China",2006,
Honduras,2006,59.49226919
Croatia,2006,34.06004289
Haiti,2006,13.76226415
Hungary,2006,22.2776699
Indonesia,2006,55.37049079
Isle of Man,2006,6.070175439
India,2006,23.11793057
Ireland,2006,9.934272028
"Iran, Islamic Rep.",2006,6.228942263
Iraq,2006,1.879872877
Iceland,2006,0.386374065
Israel,2006,7.097966728
Italy,2006,29.79711702
Jamaica,2006,50.18190212
Jordan,2006,1.10494107
Japan,2006,68.39506173
Kazakhstan,2006,1.152749565
Kenya,2006,6.596408617
Kyrgyz Republic,2006,6.309530761
Cambodia,2006,60.42339678
Kiribati,2006,1.456790123
St. Kitts and Nevis,2006,42.30769231
"Korea, Rep.",2006,66.29438481
Kuwait,2006,0.319304153
Lao PDR,2006,74.23873484
Lebanon,2006,13.45865103
Liberia,2006,83.48297342
Libya,2006,0.123327688
St. Lucia,2006,34.20655738
Liechtenstein,2006,41.871875
Sri Lanka,2006,33.94578217
Lesotho,2006,1.137022398
Lithuania,2006,33.66305041
Luxembourg,2006,36.17283951
Latvia,2006,53.37436491
"Macao SAR, China",2006,
St. Martin (French part),2006,18.38235294
Morocco,2006,12.56410038
Monaco,2006,0.0
Moldova,2006,11.02037093
Madagascar,2006,21.92360973
Maldives,2006,2.733333333
Mexico,2006,34.73264539
Marshall Islands,2006,52.22222222
North Macedonia,2006,37.7222965
Mali,2006,10.89666363
Malta,2006,1.09375
Myanmar,2006,50.21170673
Montenegro,2006,55.50929368
Mongolia,2006,9.150531682
Mozambique,2006,50.68603474
Mauritania,2006,0.377413408
Mauritius,2006,19.608867
Malawi,2006,30.01378871
Malaysia,2006,58.57595495
Namibia,2006,9.271371692
New Caledonia,2006,45.8726477
Niger,2006,0.989642378
Nigeria,2006,26.25602951
Nicaragua,2006,38.82846934
Netherlands,2006,10.8971564
Norway,2006,33.14606126
Nepal,2006,41.08491106
Nauru,2006,0.0
New Zealand,2006,37.40476245
Oman,2006,0.009693053
Pakistan,2006,5.527114467
Panama,2006,58.8330643
Peru,2006,58.24141563
Philippines,2006,23.56889023
Palau,2006,87.32173913
Papua New Guinea,2006,79.97729475
Poland,2006,30.10250718
Puerto Rico,2006,52.59639233
"Korea, Dem. People's Rep.",2006,52.54804418
Portugal,2006,35.67945775
Paraguay,2006,52.70270828
West Bank and Gaza,2006,1.523255827
French Polynesia,2006,40.73661202
Qatar,2006,0.0
Romania,2006,28.06939734
Russian Federation,2006,49.6276507
Rwanda,2006,11.0985002
Saudi Arabia,2006,0.454484135
Sudan,2006,
Senegal,2006,44.78346232
Singapore,2006,25.14351585
Solomon Islands,2006,90.50403716
Sierra Leone,2006,38.94524799
El Salvador,2006,31.22007722
San Marino,2006,16.66666667
Somalia,2006,11.24509835
Serbia,2006,29.86279442
South Sudan,2006,
Sao Tome and Principe,2006,60.62916667
Suriname,2006,98.18117949
Slovak Republic,2006,39.73617464
Slovenia,2006,61.63853029
Sweden,2006,68.50173027
Eswatini,2006,27.94011628
Sint Maarten (Dutch part),2006,
Seychelles,2006,73.26086957
Syrian Arab Republic,2006,2.549038828
Turks and Caicos Islands,2006,11.07368421
Chad,2006,4.653113088
Togo,2006,22.99517558
Thailand,2006,38.44858972
Tajikistan,2006,2.929408402
Turkmenistan,2006,8.782159045
Timor-Leste,2006,63.26160054
Tonga,2006,12.43055556
Trinidad and Tobago,2006,45.63469786
Tunisia,2006,4.37434346
Turkiye,2006,26.90797916
Tuvalu,2006,33.33333333
Tanzania,2006,58.06955295
Uganda,2006,14.59102147
Ukraine,2006,16.45401823
Uruguay,2006,9.063992687
United States,2006,33.46966575
Uzbekistan,2006,7.509037142
St. Vincent and the Grenadines,2006,73.17948718
"Venezuela, RB",2006,54.60393402
British Virgin Islands,2006,24.34666667
Virgin Islands (U.S.),2006,54.98857143
Vietnam,2006,41.10838198
Vanuatu,2006,36.28383921
Samoa,2006,59.51166078
"Yemen, Rep.",2006,1.039831809
South Africa,2006,14.47517497
Zambia,2006,63.00757341
Zimbabwe,2006,46.76117358
Aruba,2007,2.333333333
Afghanistan,2007,1.850994088
Angola,2007,59.21487367
Albania,2007,28.40288321
Andorra,2007,34.04255319
United Arab Emirates,2007,4.434511405
Argentina,2007,11.38718671
Armenia,2007,11.63273621
American Samoa,2007,87.6
Antigua and Barbuda,2007,20.41136364
Australia,2007,16.9514989
Austria,2007,46.6913948
Azerbaijan,2007,12.33116944
Burundi,2007,7.552180685
Belgium,2007,22.55941215
Benin,2007,33.56819794
Burkina Faso,2007,25.09685673
Bangladesh,2007,14.58045556
Bulgaria,2007,33.40760519
Bahrain,2007,0.633333333
"Bahamas, The",2007,50.93506494
Bosnia and Herzegovina,2007,41.12025391
Belarus,2007,42.00542139
Belize,2007,61.89228409
Bermuda,2007,18.51851852
Bolivia,2007,49.56210099
Brazil,2007,62.62554468
Barbados,2007,14.65116279
Brunei Darussalam,2007,73.0740038
Bhutan,2007,70.19185665
Botswana,2007,29.63068833
Central African Republic,2007,36.42653055
Canada,2007,38.75552395
Switzerland,2007,30.9534872
Chile,2007,22.12789766
China,2007,20.53406803
Cote d'Ivoire,2007,13.53534906
Cameroon,2007,44.6565188
"Congo, Dem. Rep.",2007,61.39608743
"Congo, Rep.",2007,64.74670571
Colombia,2007,55.32771789
Comoros,2007,20.74905965
Cabo Verde,2007,10.37717122
Costa Rica,2007,56.1497454
Cuba,2007,26.14524615
Curacao,2007,
Cayman Islands,2007,53.2625
Cyprus,2007,18.66569264
Czech Republic,2007,34.32172168
Germany,2007,32.67416181
Djibouti,2007,0.241587575
Dominica,2007,63.82666667
Denmark,2007,13.71725194
Dominican Republic,2007,42.28782861
Algeria,2007,0.762593734
Ecuador,2007,53.30521421
"Egypt, Arab Rep.",2007,0.06400221
Eritrea,2007,10.85485149
Spain,2007,36.28442027
Estonia,2007,54.42040576
Ethiopia,2007,15.95475311
Finland,2007,73.34372061
Fiji,2007,57.6469075
France,2007,29.36625776
Faroe Islands,2007,0.05730659
"Micronesia, Fed. Sts.",2007,91.49857143
Gabon,2007,91.84067606
United Kingdom,2007,12.51395032
Georgia,2007,40.34911498
Ghana,2007,36.10193373
Gibraltar,2007,0.0
Guinea,2007,27.17320527
"Gambia, The",2007,31.3437747
Guinea-Bissau,2007,74.31596728
Equatorial Guinea,2007,91.16153298
Greece,2007,29.56812258
Grenada,2007,52.05882353
Greenland,2007,0.000535997
Guatemala,2007,36.10097051
Guam,2007,44.44444444
Guyana,2007,94.14850394
"Hong Kong SAR, China",2007,
Honduras,2007,59.31101975
Croatia,2007,34.12258756
Haiti,2007,13.75402758
Hungary,2007,22.41740877
Indonesia,2007,55.28102143
Isle of Man,2007,6.070175439
India,2007,23.18200317
Ireland,2007,10.06494411
"Iran, Islamic Rep.",2007,6.312829392
Iraq,2007,1.881473352
Iceland,2007,0.401177057
Israel,2007,7.1025878
Italy,2007,30.0210886
Jamaica,2007,50.52770083
Jordan,2007,1.10494107
Japan,2007,68.41975309
Kazakhstan,2007,1.149980887
Kenya,2007,6.535817198
Kyrgyz Republic,2007,6.334963504
Cambodia,2007,60.31475753
Kiribati,2007,1.456790123
St. Kitts and Nevis,2007,42.30769231
"Korea, Rep.",2007,66.17519604
Kuwait,2007,0.327160494
Lao PDR,2007,74.02881282
Lebanon,2007,13.45053763
Liberia,2007,83.16881229
Libya,2007,0.123327688
St. Lucia,2007,34.16721311
Liechtenstein,2007,41.87125
Sri Lanka,2007,33.84563865
Lesotho,2007,1.137022398
Lithuania,2007,33.9023612
Luxembourg,2007,36.25514403
Latvia,2007,53.58518233
"Macao SAR, China",2007,
St. Martin (French part),2007,18.38235294
Morocco,2007,12.60174994
Monaco,2007,0.0
Moldova,2007,11.11188811
Madagascar,2007,21.8430151
Maldives,2007,2.733333333
Mexico,2007,34.65867023
Marshall Islands,2007,52.22222222
North Macedonia,2007,38.0327388
Mali,2007,10.89666363
Malta,2007,1.09375
Myanmar,2007,49.68345728
Montenegro,2007,57.00371747
Mongolia,2007,9.145382219
Mozambique,2007,50.40425494
Mauritania,2007,0.372135442
Mauritius,2007,19.43448276
Malawi,2007,29.56830717
Malaysia,2007,58.34959671
Namibia,2007,9.185120917
New Caledonia,2007,45.87904814
Niger,2007,0.979837373
Nigeria,2007,26.07672409
Nicaragua,2007,37.82201263
Netherlands,2007,10.93856635
Norway,2007,33.14304958
Nepal,2007,41.21136379
Nauru,2007,0.0
New Zealand,2007,37.40388136
Oman,2007,0.009693053
Pakistan,2007,5.472951692
Panama,2007,58.67951305
Peru,2007,58.14391328
Philippines,2007,23.41141631
Palau,2007,87.53478261
Papua New Guinea,2007,79.9554158
Poland,2007,30.1906503
Puerto Rico,2007,53.29875986
"Korea, Dem. People's Rep.",2007,52.37172992
Portugal,2007,35.64775336
Paraguay,2007,51.84153536
West Bank and Gaza,2007,1.523255827
French Polynesia,2007,40.76147541
Qatar,2007,0.0
Romania,2007,28.14519988
Russian Federation,2007,49.66347433
Rwanda,2007,11.00932306
Saudi Arabia,2007,0.454484135
Sudan,2007,
Senegal,2007,44.58349348
Singapore,2007,25.21194245
Solomon Islands,2007,90.47788496
Sierra Leone,2007,38.67194514
El Salvador,2007,31.00289575
San Marino,2007,16.66666667
Somalia,2007,11.1227564
Serbia,2007,30.15206952
South Sudan,2007,
Sao Tome and Principe,2007,60.60208333
Suriname,2007,98.15489103
Slovak Republic,2007,39.77047817
Slovenia,2007,61.70804369
Sweden,2007,68.47979724
Eswatini,2007,28.01075581
Sint Maarten (Dutch part),2007,
Seychelles,2007,73.26086957
Syrian Arab Republic,2007,2.581572642
Turks and Caicos Islands,2007,11.07368421
Chad,2007,4.58775413
Togo,2007,22.94076485
Thailand,2007,38.65900683
Tajikistan,2007,2.929408402
Turkmenistan,2007,8.782159045
Timor-Leste,2007,63.16745124
Tonga,2007,12.43055556
Trinidad and Tobago,2007,45.55204678
Tunisia,2007,4.386946447
Turkiye,2007,27.02943103
Tuvalu,2007,33.33333333
Tanzania,2007,57.64959359
Uganda,2007,14.38456033
Ukraine,2007,16.46142958
Uruguay,2007,9.2709976
United States,2007,33.52624777
Uzbekistan,2007,7.600278091
St. Vincent and the Grenadines,2007,73.17948718
"Venezuela, RB",2007,54.41732328
British Virgin Islands,2007,24.32666667
Virgin Islands (U.S.),2007,54.40571429
Vietnam,2007,41.62567162
Vanuatu,2007,36.28383921
Samoa,2007,59.34134276
"Yemen, Rep.",2007,1.039831809
South Africa,2007,14.44516895
Zambia,2007,62.95941565
Zimbabwe,2007,46.64208349
Aruba,2008,2.333333333
Afghanistan,2008,1.850994088
Angola,2008,58.76964947
Albania,2008,28.44948905
Andorra,2008,34.04255319
United Arab Emirates,2008,4.445592791
Argentina,2008,11.27157259
Armenia,2008,11.62543028
American Samoa,2008,87.45
Antigua and Barbuda,2008,20.25909091
Australia,2008,16.92197649
Austria,2008,46.72174187
Azerbaijan,2008,12.38626236
Burundi,2008,7.552180685
Belgium,2008,22.6339498
Benin,2008,33.12477829
Burkina Faso,2008,24.91410819
Bangladesh,2008,14.55588308
Bulgaria,2008,33.74090784
Bahrain,2008,0.644736842
"Bahamas, The",2008,50.93506494
Bosnia and Herzegovina,2008,41.10269531
Belarus,2008,42.18137013
Belize,2008,61.59456379
Bermuda,2008,18.51851852
Bolivia,2008,49.37606019
Brazil,2008,62.15285698
Barbados,2008,14.65116279
Brunei Darussalam,2008,72.75142315
Bhutan,2008,70.4523441
Botswana,2008,29.42194696
Central African Republic,2008,36.37837491
Canada,2008,38.75017283
Switzerland,2008,31.05101731
Chile,2008,22.25004438
China,2008,20.78457818
Cote d'Ivoire,2008,13.18035849
Cameroon,2008,44.50906899
"Congo, Dem. Rep.",2008,61.09922587
"Congo, Rep.",2008,64.71156662
Colombia,2008,55.15397206
Comoros,2008,20.51370231
Cabo Verde,2008,10.4516129
Costa Rica,2008,56.17712495
Cuba,2008,26.61217587
Curacao,2008,
Cayman Islands,2008,53.175
Cyprus,2008,18.67900433
Czech Republic,2008,34.34772816
Germany,2008,32.69368672
Djibouti,2008,0.241587575
Dominica,2008,63.82666667
Denmark,2008,13.75234504
Dominican Republic,2008,42.49617057
Algeria,2008,0.776827026
Ecuador,2008,53.02243517
"Egypt, Arab Rep.",2008,0.064648149
Eritrea,2008,10.82356436
Spain,2008,36.59795108
Estonia,2008,54.64953999
Ethiopia,2008,15.89032501
Finland,2008,73.32256663
Fiji,2008,58.01237001
France,2008,29.5728116
Faroe Islands,2008,0.05730659
"Micronesia, Fed. Sts.",2008,91.53714286
Gabon,2008,91.82104242
United Kingdom,2008,12.5573513
Georgia,2008,40.43804864
Ghana,2008,35.70390261
Gibraltar,2008,0.0
Guinea,2008,27.02669705
"Gambia, The",2008,30.77727273
Guinea-Bissau,2008,74.01564723
Equatorial Guinea,2008,90.86360071
Greece,2008,29.80208146
Grenada,2008,52.05882353
Greenland,2008,0.000535997
Guatemala,2008,35.64688317
Guam,2008,44.44444444
Guyana,2008,94.12594361
"Hong Kong SAR, China",2008,
Honduras,2008,59.12977031
Croatia,2008,34.18513224
Haiti,2008,13.745791
Hungary,2008,22.55714764
Indonesia,2008,55.19155208
Isle of Man,2008,6.070175439
India,2008,23.24607576
Ireland,2008,10.1956162
"Iran, Islamic Rep.",2008,6.396716521
Iraq,2008,1.883073828
Iceland,2008,0.41598005
Israel,2008,7.107208872
Italy,2008,30.24506018
Jamaica,2008,50.87349954
Jordan,2008,1.10494107
Japan,2008,68.44444444
Kazakhstan,2008,1.147212209
Kenya,2008,6.475225779
Kyrgyz Republic,2008,6.360396246
Cambodia,2008,60.20611829
Kiribati,2008,1.456790123
St. Kitts and Nevis,2008,42.30769231
"Korea, Rep.",2008,66.03567378
Kuwait,2008,0.335016835
Lao PDR,2008,73.81889081
Lebanon,2008,13.44242424
Liberia,2008,82.85465116
Libya,2008,0.123327688
St. Lucia,2008,34.12786885
Liechtenstein,2008,41.87125
Sri Lanka,2008,33.74549514
Lesotho,2008,1.137022398
Lithuania,2008,34.14439569
Luxembourg,2008,36.33744856
Latvia,2008,53.79599974
"Macao SAR, China",2008,
St. Martin (French part),2008,18.38235294
Morocco,2008,12.63939951
Monaco,2008,0.0
Moldova,2008,11.20340529
Madagascar,2008,21.76242047
Maldives,2008,2.733333333
Mexico,2008,34.58469508
Marshall Islands,2008,52.22222222
North Macedonia,2008,38.04415379
Mali,2008,10.89666363
Malta,2008,1.09375
Myanmar,2008,49.17485114
Montenegro,2008,58.49814126
Mongolia,2008,9.140232756
Mozambique,2008,50.12247514
Mauritania,2008,0.366857476
Mauritius,2008,19.26009852
Malawi,2008,29.12282563
Malaysia,2008,58.12323847
Namibia,2008,9.098870143
New Caledonia,2008,45.88544858
Niger,2008,0.970032368
Nigeria,2008,25.89741867
Nicaragua,2008,36.81555592
Netherlands,2008,10.9799763
Norway,2008,33.14003789
Nepal,2008,41.33781653
Nauru,2008,0.0
New Zealand,2008,37.40300027
Oman,2008,0.009693053
Pakistan,2008,5.418788917
Panama,2008,58.5259618
Peru,2008,58.04641094
Philippines,2008,23.25394238
Palau,2008,87.74782609
Papua New Guinea,2008,79.93353685
Poland,2008,30.28077049
Puerto Rico,2008,54.0011274
"Korea, Dem. People's Rep.",2008,52.19541566
Portugal,2008,35.61604898
Paraguay,2008,50.98036245
West Bank and Gaza,2008,1.523255827
French Polynesia,2008,40.7863388
Qatar,2008,0.0
Romania,2008,28.20878643
Russian Federation,2008,49.70193816
Rwanda,2008,10.92014593
Saudi Arabia,2008,0.454484135
Sudan,2008,
Senegal,2008,44.38352465
Singapore,2008,25.13571429
Solomon Islands,2008,90.45173276
Sierra Leone,2008,38.39864228
El Salvador,2008,30.78571429
San Marino,2008,16.66666667
Somalia,2008,11.00041445
Serbia,2008,30.44134461
South Sudan,2008,
Sao Tome and Principe,2008,60.575
Suriname,2008,98.12860256
Slovak Republic,2008,39.8047817
Slovenia,2008,61.75854504
Sweden,2008,68.45786421
Eswatini,2008,28.08139535
Sint Maarten (Dutch part),2008,
Seychelles,2008,73.26086957
Syrian Arab Republic,2008,2.614245262
Turks and Caicos Islands,2008,11.07368421
Chad,2008,4.522395172
Togo,2008,22.88635411
Thailand,2008,38.86942395
Tajikistan,2008,2.929408402
Turkmenistan,2008,8.782159045
Timor-Leste,2008,63.07330195
Tonga,2008,12.43055556
Trinidad and Tobago,2008,45.46939571
Tunisia,2008,4.399549434
Turkiye,2008,27.15088289
Tuvalu,2008,33.33333333
Tanzania,2008,57.22963423
Uganda,2008,14.17809919
Ukraine,2008,16.46827315
Uruguay,2008,9.478002514
United States,2008,33.6360635
Uzbekistan,2008,7.691519041
St. Vincent and the Grenadines,2008,73.17948718
"Venezuela, RB",2008,54.23071254
British Virgin Islands,2008,24.30666667
Virgin Islands (U.S.),2008,53.82285714
Vietnam,2008,42.14296127
Vanuatu,2008,36.28383921
Samoa,2008,59.17102473
"Yemen, Rep.",2008,1.039831809
South Africa,2008,14.41516293
Zambia,2008,62.91125789
Zimbabwe,2008,46.52299341
Aruba,2009,2.333333333
Afghanistan,2009,1.850994088
Angola,2009,58.32442528
Albania,2009,28.49609489
Andorra,2009,34.04255319
United Arab Emirates,2009,4.456674176
Argentina,2009,11.15595848
Armenia,2009,11.61812434
American Samoa,2009,87.3
Antigua and Barbuda,2009,20.10681818
Australia,2009,16.89245408
Austria,2009,46.75208893
Azerbaijan,2009,12.44180848
Burundi,2009,7.552180685
Belgium,2009,22.70848745
Benin,2009,32.68135864
Burkina Faso,2009,24.73135965
Bangladesh,2009,14.53130983
Bulgaria,2009,34.0899042
Bahrain,2009,0.664473684
"Bahamas, The",2009,50.93506494
Bosnia and Herzegovina,2009,41.08513672
Belarus,2009,42.37402623
Belize,2009,61.29684349
Bermuda,2009,18.51851852
Bolivia,2009,49.19001939
Brazil,2009,61.68016927
Barbados,2009,14.65116279
Brunei Darussalam,2009,72.4288425
Bhutan,2009,70.71283154
Botswana,2009,29.21320558
Central African Republic,2009,36.33021927
Canada,2009,38.7448217
Switzerland,2009,31.14854742
Chile,2009,22.37219111
China,2009,21.03508722
Cote d'Ivoire,2009,12.82536792
Cameroon,2009,44.36161917
"Congo, Dem. Rep.",2009,60.80236431
"Congo, Rep.",2009,64.67642753
Colombia,2009,54.98022623
Comoros,2009,20.27834498
Cabo Verde,2009,10.52605459
Costa Rica,2009,56.2045045
Cuba,2009,27.0791056
Curacao,2009,
Cayman Islands,2009,53.0875
Cyprus,2009,18.69231602
Czech Republic,2009,34.37373463
Germany,2009,32.71133932
Djibouti,2009,0.241587575
Dominica,2009,63.82666667
Denmark,2009,13.78743813
Dominican Republic,2009,42.70451252
Algeria,2009,0.791060317
Ecuador,2009,52.73965614
"Egypt, Arab Rep.",2009,0.065294088
Eritrea,2009,10.79227723
Spain,2009,36.89928809
Estonia,2009,54.87867422
Ethiopia,2009,15.82569664
Finland,2009,73.25555775
Fiji,2009,58.37783251
France,2009,29.77936544
Faroe Islands,2009,0.05730659
"Micronesia, Fed. Sts.",2009,91.57571429
Gabon,2009,91.80140878
United Kingdom,2009,12.60075228
Georgia,2009,40.5269823
Ghana,2009,35.3058715
Gibraltar,2009,0.0
Guinea,2009,26.88018883
"Gambia, The",2009,30.21077075
Guinea-Bissau,2009,73.71532717
Equatorial Guinea,2009,90.56566845
Greece,2009,30.03604112
Grenada,2009,52.05882353
Greenland,2009,0.000535997
Guatemala,2009,35.19279582
Guam,2009,44.44444444
Guyana,2009,94.10338329
"Hong Kong SAR, China",2009,
Honduras,2009,58.94852087
Croatia,2009,34.24767691
Haiti,2009,13.73755443
Hungary,2009,22.46623219
Indonesia,2009,55.10208272
Isle of Man,2009,6.070175439
India,2009,23.31014836
Ireland,2009,10.32628829
"Iran, Islamic Rep.",2009,6.480603649
Iraq,2009,1.897909376
Iceland,2009,0.430783042
Israel,2009,7.111829945
Italy,2009,30.46903175
Jamaica,2009,51.21929825
Jordan,2009,1.09822032
Japan,2009,68.4691358
Kazakhstan,2009,1.144443494
Kenya,2009,6.414634361
Kyrgyz Republic,2009,6.385828989
Cambodia,2009,60.09747904
Kiribati,2009,1.456790123
St. Kitts and Nevis,2009,42.30769231
"Korea, Rep.",2009,65.89635277
Kuwait,2009,0.342873176
Lao PDR,2009,73.6089688
Lebanon,2009,13.43431085
Liberia,2009,82.54049003
Libya,2009,0.123327688
St. Lucia,2009,34.08852459
Liechtenstein,2009,41.870625
Sri Lanka,2009,33.64535162
Lesotho,2009,1.137022398
Lithuania,2009,34.38372557
Luxembourg,2009,36.41975309
Latvia,2009,54.02071406
"Macao SAR, China",2009,
St. Martin (French part),2009,18.38235294
Morocco,2009,12.67704907
Monaco,2009,0.0
Moldova,2009,11.29492247
Madagascar,2009,21.68182584
Maldives,2009,2.733333333
Mexico,2009,34.51071993
Marshall Islands,2009,52.22222222
North Macedonia,2009,38.07065821
Mali,2009,10.89666363
Malta,2009,1.09375
Myanmar,2009,48.65101944
Montenegro,2009,59.99256506
Mongolia,2009,9.135083293
Mozambique,2009,49.84069534
Mauritania,2009,0.361579509
Mauritius,2009,19.08571429
Malawi,2009,28.67734408
Malaysia,2009,57.89688023
Namibia,2009,9.012619369
New Caledonia,2009,45.89184902
Niger,2009,0.960227362
Nigeria,2009,25.71811324
Nicaragua,2009,35.80909922
Netherlands,2009,11.03118885
Norway,2009,33.13702621
Nepal,2009,41.46426927
Nauru,2009,0.0
New Zealand,2009,37.40211918
Oman,2009,0.009693053
Pakistan,2009,5.364626142
Panama,2009,58.37241055
Peru,2009,57.94890859
Philippines,2009,23.09646846
Palau,2009,87.96086957
Papua New Guinea,2009,79.91165791
Poland,2009,30.37090244
Puerto Rico,2009,54.70349493
"Korea, Dem. People's Rep.",2009,52.0191014
Portugal,2009,35.53772246
Paraguay,2009,50.11918953
West Bank and Gaza,2009,1.523255827
French Polynesia,2009,40.81120219
Qatar,2009,0.0
Romania,2009,28.25393376
Russian Federation,2009,49.73776369
Rwanda,2009,10.83096879
Saudi Arabia,2009,0.454484135
Sudan,2009,
Senegal,2009,44.18355581
Singapore,2009,25.23957143
Solomon Islands,2009,90.42558056
Sierra Leone,2009,38.12533943
El Salvador,2009,30.56853282
San Marino,2009,16.66666667
Somalia,2009,10.8780725
Serbia,2009,30.73061971
South Sudan,2009,
Sao Tome and Principe,2009,60.54791667
Suriname,2009,98.1023141
Slovak Republic,2009,39.84736952
Slovenia,2009,61.82926466
Sweden,2009,68.43593118
Eswatini,2009,28.15203488
Sint Maarten (Dutch part),2009,
Seychelles,2009,73.26086957
Syrian Arab Republic,2009,2.646917883
Turks and Caicos Islands,2009,11.07368421
Chad,2009,4.457036213
Togo,2009,22.83194337
Thailand,2009,39.07984106
Tajikistan,2009,2.929408402
Turkmenistan,2009,8.782159045
Timor-Leste,2009,62.97915266
Tonga,2009,12.43055556
Trinidad and Tobago,2009,45.38674464
Tunisia,2009,4.41215242
Turkiye,2009,27.27233476
Tuvalu,2009,33.33333333
Tanzania,2009,56.80967487
Uganda,2009,13.97163806
Ukraine,2009,16.47483256
Uruguay,2009,9.685007428
United States,2009,33.69273522
Uzbekistan,2009,7.782759991
St. Vincent and the Grenadines,2009,73.17948718
"Venezuela, RB",2009,54.04410181
British Virgin Islands,2009,24.28666667
Virgin Islands (U.S.),2009,53.24
Vietnam,2009,42.66025091
Vanuatu,2009,36.28383921
Samoa,2009,59.00070671
"Yemen, Rep.",2009,1.039831809
South Africa,2009,14.38515691
Zambia,2009,62.86310012
Zimbabwe,2009,46.40390332
Aruba,2010,2.333333333
Afghanistan,2010,1.850994088
Angola,2010,57.87920109
Albania,2010,28.54270073
Andorra,2010,34.04255319
United Arab Emirates,2010,4.467755562
Argentina,2010,11.04034436
Armenia,2010,11.61081841
American Samoa,2010,87.15
Antigua and Barbuda,2010,19.95454545
Australia,2010,16.86293167
Austria,2010,46.78640201
Azerbaijan,2010,12.49146571
Burundi,2010,7.552180685
Belgium,2010,22.7830251
Benin,2010,32.23793899
Burkina Faso,2010,24.54861111
Bangladesh,2010,14.50673765
Bulgaria,2010,34.42336035
Bahrain,2010,0.682414698
"Bahamas, The",2010,50.93506494
Bosnia and Herzegovina,2010,41.06757813
Belarus,2010,42.53326762
Belize,2010,60.99912319
Bermuda,2010,18.51851852
Bolivia,2010,49.00397858
Brazil,2010,61.20748157
Barbados,2010,14.65116279
Brunei Darussalam,2010,72.10626186
Bhutan,2010,70.97331899
Botswana,2010,29.00446421
Central African Republic,2010,36.28206363
Canada,2010,38.73947058
Switzerland,2010,31.24607754
Chile,2010,22.49433784
China,2010,21.2855969
Cote d'Ivoire,2010,12.47037736
Cameroon,2010,44.21416936
"Congo, Dem. Rep.",2010,60.50550275
"Congo, Rep.",2010,64.64128843
Colombia,2010,54.8064804
Comoros,2010,20.04298764
Cabo Verde,2010,10.60049628
Costa Rica,2010,56.23188406
Cuba,2010,27.54603533
Curacao,2010,0.157657658
Cayman Islands,2010,53.0
Cyprus,2010,18.70562771
Czech Republic,2010,34.40419472
Germany,2010,32.73087185
Djibouti,2010,0.241587575
Dominica,2010,63.82666667
Denmark,2010,13.82253123
Dominican Republic,2010,42.91285448
Algeria,2010,0.805293609
Ecuador,2010,52.45687711
"Egypt, Arab Rep.",2010,0.065940027
Eritrea,2010,10.7609901
Spain,2010,37.0899382
Estonia,2010,55.10780845
Ethiopia,2010,15.76129886
Finland,2010,73.18854886
Fiji,2010,58.74329502
France,2010,29.98591927
Faroe Islands,2010,0.05730659
"Micronesia, Fed. Sts.",2010,91.61428571
Gabon,2010,91.78177514
United Kingdom,2010,12.64415327
Georgia,2010,40.61591596
Ghana,2010,34.90784038
Gibraltar,2010,0.0
Guinea,2010,26.73368061
"Gambia, The",2010,29.64426877
Guinea-Bissau,2010,73.41500711
Equatorial Guinea,2010,90.26773619
Greece,2010,30.27
Grenada,2010,52.05882353
Greenland,2010,0.000535997
Guatemala,2010,34.73870847
Guam,2010,44.44444444
Guyana,2010,94.08082296
"Hong Kong SAR, China",2010,
Honduras,2010,58.76727143
Croatia,2010,34.31022159
Haiti,2010,13.72931785
Hungary,2010,22.60455098
Indonesia,2010,55.01261337
Isle of Man,2010,6.070175439
India,2010,23.37422095
Ireland,2010,10.45696037
"Iran, Islamic Rep.",2010,6.564490778
Iraq,2010,1.89952109
Iceland,2010,0.445586035
Israel,2010,7.116451017
Italy,2010,30.69300333
Jamaica,2010,51.56509695
Jordan,2010,1.09822032
Japan,2010,68.49382716
Kazakhstan,2010,1.141674823
Kenya,2010,6.354042942
Kyrgyz Republic,2010,6.411261731
Cambodia,2010,59.98883979
Kiribati,2010,1.456790123
St. Kitts and Nevis,2010,42.30769231
"Korea, Rep.",2010,65.70987654
Kuwait,2010,0.350729517
Lao PDR,2010,73.39904679
Lebanon,2010,13.42619746
Liberia,2010,82.2263289
Libya,2010,0.123327688
St. Lucia,2010,34.04918033
Liechtenstein,2010,41.87
Sri Lanka,2010,33.5452081
Lesotho,2010,1.137022398
Lithuania,2010,34.62305544
Luxembourg,2010,36.50205761
Latvia,2010,54.17930591
"Macao SAR, China",2010,
St. Martin (French part),2010,22.79411765
Morocco,2010,12.71469863
Monaco,2010,0.0
Moldova,2010,11.40030441
Madagascar,2010,21.60123121
Maldives,2010,2.733333333
Mexico,2010,34.43674477
Marshall Islands,2010,52.22222222
North Macedonia,2010,38.08207772
Mali,2010,10.89666363
Malta,2010,1.09375
Myanmar,2010,48.12938187
Montenegro,2010,61.48698885
Mongolia,2010,9.129933829
Mozambique,2010,49.55891554
Mauritania,2010,0.356301543
Mauritius,2010,18.91133005
Malawi,2010,28.23186254
Malaysia,2010,57.67052199
Namibia,2010,8.926368594
New Caledonia,2010,45.89824945
Niger,2010,0.950422357
Nigeria,2010,25.53880782
Nicaragua,2010,34.80264251
Netherlands,2010,11.07263564
Norway,2010,33.13401452
Nepal,2010,41.59072201
Nauru,2010,0.0
New Zealand,2010,37.40123808
Oman,2010,0.009693053
Pakistan,2010,5.310463367
Panama,2010,58.2188593
Peru,2010,57.85140625
Philippines,2010,22.93899453
Palau,2010,88.17391304
Papua New Guinea,2010,79.88977896
Poland,2010,30.45905707
Puerto Rico,2010,55.40586246
"Korea, Dem. People's Rep.",2010,51.84278714
Portugal,2010,35.50605961
Paraguay,2010,49.25801661
West Bank and Gaza,2010,1.65282392
French Polynesia,2010,40.83606557
Qatar,2010,0.0
Romania,2010,28.31993045
Russian Federation,2010,49.77358921
Rwanda,2010,10.74179165
Saudi Arabia,2010,0.454484135
Sudan,2010,8.092829923
Senegal,2010,43.98358697
Singapore,2010,25.27119658
Solomon Islands,2010,90.39942837
Sierra Leone,2010,37.85203658
El Salvador,2010,30.35135135
San Marino,2010,16.66666667
Somalia,2010,10.75573054
Serbia,2010,31.01989481
South Sudan,2010,
Sao Tome and Principe,2010,60.52083333
Suriname,2010,98.07602564
Slovak Republic,2010,39.88085089
Slovenia,2010,61.89752906
Sweden,2010,68.41399815
Eswatini,2010,28.22267442
Sint Maarten (Dutch part),2010,10.88235294
Seychelles,2010,73.26086957
Syrian Arab Republic,2010,2.679736427
Turks and Caicos Islands,2010,11.07368421
Chad,2010,4.391677255
Togo,2010,22.77753263
Thailand,2010,39.29025818
Tajikistan,2010,2.929408402
Turkmenistan,2010,8.782159045
Timor-Leste,2010,62.88500336
Tonga,2010,12.43055556
Trinidad and Tobago,2010,45.30409357
Tunisia,2010,4.424755407
Turkiye,2010,27.39378662
Tuvalu,2010,33.33333333
Tanzania,2010,56.38971551
Uganda,2010,13.71643726
Ukraine,2010,16.48139198
Uruguay,2010,9.892012341
United States,2010,33.74940694
Uzbekistan,2010,7.87400094
St. Vincent and the Grenadines,2010,73.17948718
"Venezuela, RB",2010,53.85749107
British Virgin Islands,2010,24.26666667
Virgin Islands (U.S.),2010,52.65714286
Vietnam,2010,43.17754056
Vanuatu,2010,36.28383921
Samoa,2010,58.83038869
"Yemen, Rep.",2010,1.039831809
South Africa,2010,14.3551509
Zambia,2010,62.81494236
Zimbabwe,2010,46.28481324
Aruba,2011,2.333333333
Afghanistan,2011,1.850994088
Angola,2011,57.4339761
Albania,2011,28.59465328
Andorra,2011,34.04255319
United Arab Emirates,2011,4.467755562
Argentina,2011,10.9587129
Armenia,2011,11.60351247
American Samoa,2011,87.0
Antigua and Barbuda,2011,19.80454545
Australia,2011,16.95531026
Austria,2011,46.83564879
Azerbaijan,2011,12.60099567
Burundi,2011,8.219626168
Belgium,2011,22.77926024
Benin,2011,31.79451933
Burkina Faso,2011,24.36578947
Bangladesh,2011,14.4991442
Bulgaria,2011,34.60022108
Bahrain,2011,0.698826597
"Bahamas, The",2011,50.93506494
Bosnia and Herzegovina,2011,41.29351563
Belarus,2011,42.53462126
Belize,2011,60.48566418
Bermuda,2011,18.51851852
Bolivia,2011,48.80850365
Brazil,2011,61.02332816
Barbados,2011,14.65116279
Brunei Darussalam,2011,72.10626186
Bhutan,2011,71.02521185
Botswana,2011,28.79572283
Central African Republic,2011,36.23390799
Canada,2011,38.73486407
Switzerland,2011,31.33308027
Chile,2011,22.72857658
China,2011,21.49109623
Cote d'Ivoire,2011,12.11538994
Cameroon,2011,44.0957035
"Congo, Dem. Rep.",2011,60.01968373
"Congo, Rep.",2011,64.60614934
Colombia,2011,54.68514105
Comoros,2011,19.80763031
Cabo Verde,2011,10.67493797
Costa Rica,2011,56.55240893
Cuba,2011,27.90863068
Curacao,2011,0.157657658
Cayman Islands,2011,53.0
Cyprus,2011,18.70281385
Czech Republic,2011,34.43270326
Germany,2011,32.73754877
Djibouti,2011,0.241587575
Dominica,2011,63.82666667
Denmark,2011,14.00254537
Dominican Republic,2011,43.03924653
Algeria,2011,0.808484553
Ecuador,2011,52.28856499
"Egypt, Arab Rep.",2011,0.062480285
Eritrea,2011,10.72970297
Spain,2011,37.10192046
Estonia,2011,55.50879925
Ethiopia,2011,15.69728395
Finland,2011,73.30086544
Fiji,2011,59.10870279
France,2011,30.13823218
Faroe Islands,2011,0.05730659
"Micronesia, Fed. Sts.",2011,91.65428571
Gabon,2011,91.73566189
United Kingdom,2011,12.72351507
Georgia,2011,40.61591596
Ghana,2011,34.85291377
Gibraltar,2011,0.0
Guinea,2011,26.58717239
"Gambia, The",2011,29.07786561
Guinea-Bissau,2011,73.11472262
Equatorial Guinea,2011,89.96976827
Greece,2011,30.27
Grenada,2011,52.05882353
Greenland,2011,0.000535997
Guatemala,2011,34.48338932
Guam,2011,44.81481481
Guyana,2011,94.02143764
"Hong Kong SAR, China",2011,
Honduras,2011,58.56771829
Croatia,2011,34.31736955
Haiti,2011,13.61661829
Hungary,2011,22.63642991
Indonesia,2011,54.50131102
Isle of Man,2011,6.070175439
India,2011,23.46382169
Ireland,2011,10.55651038
"Iran, Islamic Rep.",2011,6.564490778
Iraq,2011,1.89952109
Iceland,2011,0.452548628
Israel,2011,7.218114603
Italy,2011,30.87593663
Jamaica,2011,51.91615882
Jordan,2011,1.09822032
Japan,2011,68.48175583
Kazakhstan,2011,1.158437938
Kenya,2011,6.321035246
Kyrgyz Republic,2011,6.434337852
Cambodia,2011,58.01466123
Kiribati,2011,1.456790123
St. Kitts and Nevis,2011,42.30769231
"Korea, Rep.",2011,65.61374627
Kuwait,2011,0.350729517
Lao PDR,2011,73.24956672
Lebanon,2011,13.48445748
Liberia,2011,81.91216777
Libya,2011,0.123327688
St. Lucia,2011,34.04918033
Liechtenstein,2011,41.87125
Sri Lanka,2011,33.62557806
Lesotho,2011,1.137022398
Lithuania,2011,34.67785685
Luxembourg,2011,36.50205761
Latvia,2011,54.2762701
"Macao SAR, China",2011,
St. Martin (French part),2011,24.8
Morocco,2011,12.7192337
Monaco,2011,0.0
Moldova,2011,11.47275495
Madagascar,2011,21.56904408
Maldives,2011,2.733333333
Mexico,2011,34.37373904
Marshall Islands,2011,52.22222222
North Macedonia,2011,38.35146709
Mali,2011,10.89666363
Malta,2011,1.09375
Myanmar,2011,47.68370555
Montenegro,2011,61.48698885
Mongolia,2011,9.129216767
Mozambique,2011,49.2964114
Mauritania,2011,0.351023576
Mauritius,2011,18.90246305
Malawi,2011,27.78638099
Malaysia,2011,57.98497641
Namibia,2011,8.84011952
New Caledonia,2011,45.89277899
Niger,2011,0.940617352
Nigeria,2011,25.3595024
Nicaragua,2011,34.33626392
Netherlands,2011,11.02461447
Norway,2011,33.15537011
Nepal,2011,41.59072201
Nauru,2011,0.0
New Zealand,2011,37.40009115
Oman,2011,0.009693053
Pakistan,2011,5.268659195
Panama,2011,58.06529459
Peru,2011,57.71777031
Philippines,2011,23.0559949
Palau,2011,88.36086957
Papua New Guinea,2011,79.82156163
Poland,2011,30.52346276
Puerto Rico,2011,55.46065389
"Korea, Dem. People's Rep.",2011,51.66647288
Portugal,2011,35.63707828
Paraguay,2011,48.21534357
West Bank and Gaza,2011,1.523255827
French Polynesia,2011,40.83606557
Qatar,2011,0.0
Romania,2011,28.64053526
Russian Federation,2011,49.77108397
Rwanda,2011,10.78232671
Saudi Arabia,2011,0.454484135
Sudan,2011,10.76413572
Senegal,2011,43.77582714
Singapore,2011,24.83892045
Solomon Islands,2011,90.37327617
Sierra Leone,2011,37.57874758
El Salvador,2011,30.13416988
San Marino,2011,16.66666667
Somalia,2011,10.63338859
Serbia,2011,31.03482735
South Sudan,2011,11.32475396
Sao Tome and Principe,2011,59.875
Suriname,2011,98.01424359
Slovak Republic,2011,39.8993096
Slovenia,2011,61.90807108
Sweden,2011,68.36866988
Eswatini,2011,28.29325581
Sint Maarten (Dutch part),2011,10.88235294
Seychelles,2011,73.26086957
Syrian Arab Republic,2011,2.712410826
Turks and Caicos Islands,2011,11.07368421
Chad,2011,4.290025413
Togo,2011,22.72311087
Thailand,2011,39.28556049
Tajikistan,2011,2.946270363
Turkmenistan,2011,8.782159045
Timor-Leste,2011,62.79085407
Tonga,2011,12.43055556
Trinidad and Tobago,2011,45.2214425
Tunisia,2011,4.434603502
Turkiye,2011,27.53599002
Tuvalu,2011,33.33333333
Tanzania,2011,55.96975389
Uganda,2011,13.51071215
Ukraine,2011,16.5190223
Uruguay,2011,10.10764484
United States,2011,33.77947006
Uzbekistan,2011,7.96793606
St. Vincent and the Grenadines,2011,73.17948718
"Venezuela, RB",2011,53.67110708
British Virgin Islands,2011,24.24
Virgin Islands (U.S.),2011,53.07428571
Vietnam,2011,43.61215209
Vanuatu,2011,36.28383921
Samoa,2011,58.65936396
"Yemen, Rep.",2011,1.039831809
South Africa,2011,14.32514488
Zambia,2011,62.56180471
Zimbabwe,2011,46.16572315
Aruba,2012,2.333333333
Afghanistan,2012,1.850994088
Angola,2012,56.9887511
Albania,2012,28.64660584
Andorra,2012,34.04255319
United Arab Emirates,2012,4.467755562
Argentina,2012,10.87708144
Armenia,2012,11.59620653
American Samoa,2012,86.85
Antigua and Barbuda,2012,19.65454545
Australia,2012,17.04768884
Austria,2012,46.88320372
Azerbaijan,2012,12.71082654
Burundi,2012,8.887071651
Belgium,2012,22.77549538
Benin,2012,31.35109968
Burkina Faso,2012,24.18296784
Bangladesh,2012,14.49155105
Bulgaria,2012,34.7770818
Bahrain,2012,0.716883117
"Bahamas, The",2012,50.93506494
Bosnia and Herzegovina,2012,41.51945313
Belarus,2012,42.53807107
Belize,2012,59.97220517
Bermuda,2012,18.51851852
Bolivia,2012,48.61302871
Brazil,2012,60.83917474
Barbados,2012,14.65116279
Brunei Darussalam,2012,72.10626186
Bhutan,2012,71.0771047
Botswana,2012,28.58698146
Central African Republic,2012,36.18575235
Canada,2012,38.73025757
Switzerland,2012,31.420083
Chile,2012,22.96281532
China,2012,21.69659602
Cote d'Ivoire,2012,11.76040252
Cameroon,2012,43.97723763
"Congo, Dem. Rep.",2012,59.53386471
"Congo, Rep.",2012,64.57101025
Colombia,2012,54.56380171
Comoros,2012,19.57227297
Cabo Verde,2012,10.74937965
Costa Rica,2012,56.8729338
Cuba,2012,28.43720991
Curacao,2012,0.157657658
Cayman Islands,2012,53.0
Cyprus,2012,18.7
Czech Republic,2012,34.46567396
Germany,2012,32.74516555
Djibouti,2012,0.241587575
Dominica,2012,63.82666667
Denmark,2012,15.04415
Dominican Republic,2012,43.16563858
Algeria,2012,0.811675498
Ecuador,2012,52.12025286
"Egypt, Arab Rep.",2012,0.059020543
Eritrea,2012,10.69841584
Spain,2012,37.07977849
Estonia,2012,55.90979004
Ethiopia,2012,15.63261905
Finland,2012,73.41077364
Fiji,2012,59.47411056
France,2012,30.29054509
Faroe Islands,2012,0.05730659
"Micronesia, Fed. Sts.",2012,91.69428571
Gabon,2012,91.68954865
United Kingdom,2012,12.80287687
Georgia,2012,40.61591596
Ghana,2012,34.79798717
Gibraltar,2012,0.0
Guinea,2012,26.44066417
"Gambia, The",2012,28.51146245
Guinea-Bissau,2012,72.81443812
Equatorial Guinea,2012,89.67180036
Greece,2012,30.27
Grenada,2012,52.05882353
Greenland,2012,0.000535997
Guatemala,2012,34.22807018
Guam,2012,45.18518519
Guyana,2012,93.96205232
"Hong Kong SAR, China",2012,
Honduras,2012,58.36816516
Croatia,2012,34.32451751
Haiti,2012,13.50391872
Hungary,2012,22.66830885
Indonesia,2012,53.99000867
Isle of Man,2012,6.070175439
India,2012,23.55342242
Ireland,2012,10.65606039
"Iran, Islamic Rep.",2012,6.564490778
Iraq,2012,1.89952109
Iceland,2012,0.459511222
Israel,2012,7.319778189
Italy,2012,31.05886993
Jamaica,2012,52.26722068
Jordan,2012,1.09822032
Japan,2012,68.4696845
Kazakhstan,2012,1.175201022
Kenya,2012,6.28802755
Kyrgyz Republic,2012,6.457413973
Cambodia,2012,56.04048266
Kiribati,2012,1.456790123
St. Kitts and Nevis,2012,42.30769231
"Korea, Rep.",2012,65.43006885
Kuwait,2012,0.350729517
Lao PDR,2012,73.10008666
Lebanon,2012,13.5427175
Liberia,2012,81.59800664
Libya,2012,0.123327688
St. Lucia,2012,34.04918033
Liechtenstein,2012,41.871875
Sri Lanka,2012,33.70594801
Lesotho,2012,1.137022398
Lithuania,2012,34.73210582
Luxembourg,2012,36.50205761
Latvia,2012,54.35587005
"Macao SAR, China",2012,
St. Martin (French part),2012,24.8
Morocco,2012,12.72376877
Monaco,2012,0.0
Moldova,2012,11.54169203
Madagascar,2012,21.54632474
Maldives,2012,2.733333333
Mexico,2012,34.3107333
Marshall Islands,2012,52.22222222
North Macedonia,2012,38.62085646
Mali,2012,10.89666363
Malta,2012,1.09375
Myanmar,2012,47.25036515
Montenegro,2012,61.48698885
Mongolia,2012,9.128499704
Mozambique,2012,49.03390727
Mauritania,2012,0.34574561
Mauritius,2012,18.89359606
Malawi,2012,27.34089945
Malaysia,2012,58.29943083
Namibia,2012,8.753870447
New Caledonia,2012,45.88730853
Niger,2012,0.930812347
Nigeria,2012,25.18019698
Nicaragua,2012,33.86988532
Netherlands,2012,10.97330961
Norway,2012,33.1767257
Nepal,2012,41.59072201
Nauru,2012,0.0
New Zealand,2012,37.39894421
Oman,2012,0.009693053
Pakistan,2012,5.226855023
Panama,2012,57.91172989
Peru,2012,57.58413438
Philippines,2012,23.17299527
Palau,2012,88.54782609
Papua New Guinea,2012,79.7533443
Poland,2012,30.58389393
Puerto Rico,2012,55.51544532
"Korea, Dem. People's Rep.",2012,51.49015862
Portugal,2012,35.76809695
Paraguay,2012,47.17267053
West Bank and Gaza,2012,1.523255827
French Polynesia,2012,40.83606557
Qatar,2012,0.0
Romania,2012,28.99480045
Russian Federation,2012,49.76857873
Rwanda,2012,10.82286178
Saudi Arabia,2012,0.454484135
Sudan,2012,10.66988676
Senegal,2012,43.56806731
Singapore,2012,24.40906516
Solomon Islands,2012,90.34712397
Sierra Leone,2012,37.30545858
El Salvador,2012,29.91698842
San Marino,2012,16.66666667
Somalia,2012,10.51104664
Serbia,2012,31.04975989
South Sudan,2012,11.32483829
Sao Tome and Principe,2012,59.22916667
Suriname,2012,97.95246154
Slovak Republic,2012,39.91528032
Slovenia,2012,61.91892066
Sweden,2012,68.82653312
Eswatini,2012,28.36383721
Sint Maarten (Dutch part),2012,10.88235294
Seychelles,2012,73.26086957
Syrian Arab Republic,2012,2.745085226
Turks and Caicos Islands,2012,11.07368421
Chad,2012,4.188373571
Togo,2012,22.6686891
Thailand,2012,39.28086281
Tajikistan,2012,2.963132324
Turkmenistan,2012,8.782159045
Timor-Leste,2012,62.69670477
Tonga,2012,12.43055556
Trinidad and Tobago,2012,45.13879142
Tunisia,2012,4.444451596
Turkiye,2012,27.67819342
Tuvalu,2012,33.33333333
Tanzania,2012,55.54979228
Uganda,2012,13.30498703
Ukraine,2012,16.55665263
Uruguay,2012,10.32327734
United States,2012,33.80953318
Uzbekistan,2012,8.06187118
St. Vincent and the Grenadines,2012,73.17948718
"Venezuela, RB",2012,53.48472309
British Virgin Islands,2012,24.21333333
Virgin Islands (U.S.),2012,53.49142857
Vietnam,2012,44.04676363
Vanuatu,2012,36.28383921
Samoa,2012,58.48833922
"Yemen, Rep.",2012,1.039831809
South Africa,2012,14.29513886
Zambia,2012,62.30866705
Zimbabwe,2012,46.04663306
Aruba,2013,2.333333333
Afghanistan,2013,1.850994088
Angola,2013,56.54352611
Albania,2013,28.69855839
Andorra,2013,34.04255319
United Arab Emirates,2013,4.467755562
Argentina,2013,10.79544998
Armenia,2013,11.5889006
American Samoa,2013,86.7
Antigua and Barbuda,2013,19.50454545
Australia,2013,17.14006743
Austria,2013,46.93986502
Azerbaijan,2013,12.82050351
Burundi,2013,9.554517134
Belgium,2013,22.77173052
Benin,2013,30.90768003
Burkina Faso,2013,24.0001462
Bangladesh,2013,14.4839579
Bulgaria,2013,34.95394252
Bahrain,2013,0.737662338
"Bahamas, The",2013,50.93506494
Bosnia and Herzegovina,2013,41.74539063
Belarus,2013,42.54194019
Belize,2013,59.45874616
Bermuda,2013,18.51851852
Bolivia,2013,48.41755377
Brazil,2013,60.65502133
Barbados,2013,14.65116279
Brunei Darussalam,2013,72.10626186
Bhutan,2013,71.12899756
Botswana,2013,28.37824008
Central African Republic,2013,36.13759671
Canada,2013,38.72565107
Switzerland,2013,31.50708574
Chile,2013,23.19705406
China,2013,21.90209487
Cote d'Ivoire,2013,11.40541509
Cameroon,2013,43.85877176
"Congo, Dem. Rep.",2013,59.0480457
"Congo, Rep.",2013,64.53587116
Colombia,2013,54.44246237
Comoros,2013,19.33691564
Cabo Verde,2013,10.82382134
Costa Rica,2013,57.19345868
Cuba,2013,29.58357321
Curacao,2013,0.157657658
Cayman Islands,2013,53.0
Cyprus,2013,18.69718615
Czech Republic,2013,34.4986532
Germany,2013,32.71898647
Djibouti,2013,0.241587575
Dominica,2013,63.82666667
Denmark,2013,15.2351
Dominican Republic,2013,43.29203064
Algeria,2013,0.814866442
Ecuador,2013,51.95194073
"Egypt, Arab Rep.",2013,0.055560802
Eritrea,2013,10.66712871
Spain,2013,37.08211351
Estonia,2013,54.91175523
Ethiopia,2013,15.56793063
Finland,2013,73.52068183
Fiji,2013,59.83951834
France,2013,30.442858
Faroe Islands,2013,0.05730659
"Micronesia, Fed. Sts.",2013,91.73428571
Gabon,2013,91.6434354
United Kingdom,2013,12.88223866
Georgia,2013,40.61591596
Ghana,2013,34.74306056
Gibraltar,2013,0.0
Guinea,2013,26.29415595
"Gambia, The",2013,27.94505929
Guinea-Bissau,2013,72.51415363
Equatorial Guinea,2013,89.37383244
Greece,2013,30.27
Grenada,2013,52.05882353
Greenland,2013,0.000535997
Guatemala,2013,33.97275103
Guam,2013,45.55555556
Guyana,2013,93.90266701
"Hong Kong SAR, China",2013,
Honduras,2013,58.16861203
Croatia,2013,34.33166548
Haiti,2013,13.39121916
Hungary,2013,22.70018778
Indonesia,2013,53.47870632
Isle of Man,2013,6.070175439
India,2013,23.64302315
Ireland,2013,10.75561039
"Iran, Islamic Rep.",2013,6.564490778
Iraq,2013,1.900361184
Iceland,2013,0.466473815
Israel,2013,7.421441774
Italy,2013,31.24180322
Jamaica,2013,52.61828255
Jordan,2013,1.09822032
Japan,2013,68.45761317
Kazakhstan,2013,1.191964107
Kenya,2013,6.255019855
Kyrgyz Republic,2013,6.480490094
Cambodia,2013,54.0663041
Kiribati,2013,1.456790123
St. Kitts and Nevis,2013,42.30769231
"Korea, Rep.",2013,65.24952271
Kuwait,2013,0.350729517
Lao PDR,2013,72.95060659
Lebanon,2013,13.60097752
Liberia,2013,81.28384551
Libya,2013,0.123327688
St. Lucia,2013,34.04918033
Liechtenstein,2013,41.873125
Sri Lanka,2013,33.78631797
Lesotho,2013,1.137022398
Lithuania,2013,34.78579976
Luxembourg,2013,36.50205761
Latvia,2013,54.40926194
"Macao SAR, China",2013,
St. Martin (French part),2013,24.8
Morocco,2013,12.72830383
Monaco,2013,0.0
Moldova,2013,11.60705596
Madagascar,2013,21.52342042
Maldives,2013,2.733333333
Mexico,2013,34.24772757
Marshall Islands,2013,52.22222222
North Macedonia,2013,38.89024584
Mali,2013,10.89666363
Malta,2013,1.09375
Myanmar,2013,46.81182091
Montenegro,2013,61.48698885
Mongolia,2013,9.127782641
Mozambique,2013,48.77140314
Mauritania,2013,0.340467643
Mauritius,2013,18.88472906
Malawi,2013,26.8954179
Malaysia,2013,58.61388525
Namibia,2013,8.667621373
New Caledonia,2013,45.88183807
Niger,2013,0.921007342
Nigeria,2013,25.00089155
Nicaragua,2013,33.40350673
Netherlands,2013,10.93173048
Norway,2013,33.2090866
Nepal,2013,41.59072201
Nauru,2013,0.0
New Zealand,2013,37.39779727
Oman,2013,0.009693053
Pakistan,2013,5.185050851
Panama,2013,57.75816519
Peru,2013,57.45049844
Philippines,2013,23.28999564
Palau,2013,88.73478261
Papua New Guinea,2013,79.68512697
Poland,2013,30.64432906
Puerto Rico,2013,55.57023675
"Korea, Dem. People's Rep.",2013,51.31384437
Portugal,2013,35.8931589
Paraguay,2013,46.12999748
West Bank and Gaza,2013,1.523255827
French Polynesia,2013,40.83606557
Qatar,2013,0.0
Romania,2013,29.32911359
Russian Federation,2013,49.76607349
Rwanda,2013,10.86339684
Saudi Arabia,2013,0.454484135
Sudan,2013,10.57567675
Senegal,2013,43.36030748
Singapore,2013,24.0155587
Solomon Islands,2013,90.32097178
Sierra Leone,2013,37.03216958
El Salvador,2013,29.69980695
San Marino,2013,16.66666667
Somalia,2013,10.38870469
Serbia,2013,31.06469243
South Sudan,2013,11.32485529
Sao Tome and Principe,2013,58.58333333
Suriname,2013,97.89067949
Slovak Republic,2013,39.93125104
Slovenia,2013,61.94637537
Sweden,2013,68.78087102
Eswatini,2013,28.4344186
Sint Maarten (Dutch part),2013,10.88235294
Seychelles,2013,73.26086957
Syrian Arab Republic,2013,2.777759625
Turks and Caicos Islands,2013,11.07368421
Chad,2013,4.086721728
Togo,2013,22.61426733
Thailand,2013,39.27616512
Tajikistan,2013,2.979994284
Turkmenistan,2013,8.782159045
Timor-Leste,2013,62.60255548
Tonga,2013,12.43055556
Trinidad and Tobago,2013,45.05614035
Tunisia,2013,4.454299691
Turkiye,2013,27.82039681
Tuvalu,2013,33.33333333
Tanzania,2013,55.12983066
Uganda,2013,13.09926192
Ukraine,2013,16.59428295
Uruguay,2013,10.53890984
United States,2013,33.8395963
Uzbekistan,2013,8.1558063
St. Vincent and the Grenadines,2013,73.17948718
"Venezuela, RB",2013,53.2983391
British Virgin Islands,2013,24.18666667
Virgin Islands (U.S.),2013,53.90857143
Vietnam,2013,44.48137517
Vanuatu,2013,36.28383921
Samoa,2013,58.31731449
"Yemen, Rep.",2013,1.039831809
South Africa,2013,14.26513284
Zambia,2013,62.0555294
Zimbabwe,2013,45.92754298
Aruba,2014,2.333333333
Afghanistan,2014,1.850994088
Angola,2014,56.09830111
Albania,2014,28.75051095
Andorra,2014,34.04255319
United Arab Emirates,2014,4.467755562
Argentina,2014,10.71381852
Armenia,2014,11.58159466
American Samoa,2014,86.55
Antigua and Barbuda,2014,19.35454545
Australia,2014,17.23244601
Austria,2014,46.98801546
Azerbaijan,2014,12.92970858
Burundi,2014,10.22196262
Belgium,2014,22.76796565
Benin,2014,30.46426038
Burkina Faso,2014,23.81732456
Bangladesh,2014,14.47636475
Bulgaria,2014,35.13080324
Bahrain,2014,0.757457847
"Bahamas, The",2014,50.93506494
Bosnia and Herzegovina,2014,41.97132813
Belarus,2014,42.53176531
Belize,2014,58.94528715
Bermuda,2014,18.51851852
Bolivia,2014,48.22207883
Brazil,2014,60.47086792
Barbados,2014,14.65116279
Brunei Darussalam,2014,72.10626186
Bhutan,2014,71.18089042
Botswana,2014,28.1694987
Central African Republic,2014,36.08944107
Canada,2014,38.72104457
Switzerland,2014,31.59408847
Chile,2014,23.4312928
China,2014,22.10759465
Cote d'Ivoire,2014,11.05042767
Cameroon,2014,43.7403059
"Congo, Dem. Rep.",2014,58.56222668
"Congo, Rep.",2014,64.50073206
Colombia,2014,54.32112303
Comoros,2014,19.1015583
Cabo Verde,2014,10.89826303
Costa Rica,2014,57.51398355
Cuba,2014,30.12497597
Curacao,2014,0.157657658
Cayman Islands,2014,53.0
Cyprus,2014,18.69437229
Czech Republic,2014,34.52716913
Germany,2014,32.72284322
Djibouti,2014,0.241587575
Dominica,2014,63.82666667
Denmark,2014,15.42605
Dominican Republic,2014,43.41842269
Algeria,2014,0.818057387
Ecuador,2014,51.7836286
"Egypt, Arab Rep.",2014,0.05210106
Eritrea,2014,10.63584158
Spain,2014,37.08444853
Estonia,2014,55.30278353
Ethiopia,2014,15.50310992
Finland,2014,73.63059002
Fiji,2014,60.20492611
France,2014,30.59517091
Faroe Islands,2014,0.05730659
"Micronesia, Fed. Sts.",2014,91.77428571
Gabon,2014,91.59732216
United Kingdom,2014,12.96160046
Georgia,2014,40.61591596
Ghana,2014,34.68813395
Gibraltar,2014,0.0
Guinea,2014,26.14764773
"Gambia, The",2014,27.37865613
Guinea-Bissau,2014,72.21386913
Equatorial Guinea,2014,89.07586453
Greece,2014,30.27
Grenada,2014,52.05882353
Greenland,2014,0.000535997
Guatemala,2014,33.71743188
Guam,2014,45.92592593
Guyana,2014,93.84328169
"Hong Kong SAR, China",2014,
Honduras,2014,57.9690589
Croatia,2014,33.95652942
Haiti,2014,13.27851959
Hungary,2014,22.55023011
Indonesia,2014,52.96740396
Isle of Man,2014,6.070175439
India,2014,23.73262388
Ireland,2014,10.8551604
"Iran, Islamic Rep.",2014,6.564490778
Iraq,2014,1.900361184
Iceland,2014,0.473436409
Israel,2014,7.52310536
Italy,2014,31.42473652
Jamaica,2014,52.96934441
Jordan,2014,1.09822032
Japan,2014,68.44554184
Kazakhstan,2014,1.208727229
Kenya,2014,6.222012159
Kyrgyz Republic,2014,6.503566215
Cambodia,2014,52.09212554
Kiribati,2014,1.456790123
St. Kitts and Nevis,2014,42.30769231
"Korea, Rep.",2014,65.1442061
Kuwait,2014,0.350729517
Lao PDR,2014,72.80112652
Lebanon,2014,13.65923754
Liberia,2014,80.96968439
Libya,2014,0.123327688
St. Lucia,2014,34.04918033
Liechtenstein,2014,41.87375
Sri Lanka,2014,33.86668793
Lesotho,2014,1.137022398
Lithuania,2014,34.85395052
Luxembourg,2014,36.50205761
Latvia,2014,54.51522369
"Macao SAR, China",2014,
St. Martin (French part),2014,24.8
Morocco,2014,12.7328389
Monaco,2014,0.0
Moldova,2014,11.67944039
Madagascar,2014,21.50070127
Maldives,2014,2.733333333
Mexico,2014,34.18472183
Marshall Islands,2014,52.22222222
North Macedonia,2014,39.15963521
Mali,2014,10.89666363
Malta,2014,1.09375
Myanmar,2014,46.36821216
Montenegro,2014,61.48698885
Mongolia,2014,9.127065578
Mozambique,2014,48.50889901
Mauritania,2014,0.335189677
Mauritius,2014,18.87586207
Malawi,2014,26.44993636
Malaysia,2014,58.92833967
Namibia,2014,8.581372299
New Caledonia,2014,45.87636761
Niger,2014,0.911202337
Nigeria,2014,24.82158613
Nicaragua,2014,32.93712814
Netherlands,2014,10.88037993
Norway,2014,33.23181086
Nepal,2014,41.59072201
Nauru,2014,0.0
New Zealand,2014,37.39665034
Oman,2014,0.009693053
Pakistan,2014,5.143246679
Panama,2014,57.77558014
Peru,2014,57.3168625
Philippines,2014,23.40699601
Palau,2014,88.92173913
Papua New Guinea,2014,79.61690986
Poland,2014,30.70577093
Puerto Rico,2014,55.62502818
"Korea, Dem. People's Rep.",2014,51.13753011
Portugal,2014,36.02399853
Paraguay,2014,45.08732444
West Bank and Gaza,2014,1.523255827
French Polynesia,2014,40.83606557
Qatar,2014,0.0
Romania,2014,29.65824061
Russian Federation,2014,49.76356825
Rwanda,2014,10.9039319
Saudi Arabia,2014,0.454484135
Sudan,2014,10.48162009
Senegal,2014,43.15254765
Singapore,2014,23.58984485
Solomon Islands,2014,90.29481958
Sierra Leone,2014,36.75888058
El Salvador,2014,29.48262548
San Marino,2014,16.66666667
Somalia,2014,10.26636274
Serbia,2014,31.07962497
South Sudan,2014,11.32513374
Sao Tome and Principe,2014,57.9375
Suriname,2014,97.82889744
Slovak Republic,2014,39.95386855
Slovenia,2014,61.95630586
Sweden,2014,68.74027154
Eswatini,2014,28.505
Sint Maarten (Dutch part),2014,10.88235294
Seychelles,2014,73.26086957
Syrian Arab Republic,2014,2.810434025
Turks and Caicos Islands,2014,11.07368421
Chad,2014,3.985069886
Togo,2014,22.55984556
Thailand,2014,39.27146744
Tajikistan,2014,3.022206851
Turkmenistan,2014,8.782159045
Timor-Leste,2014,62.50840619
Tonga,2014,12.43055556
Trinidad and Tobago,2014,44.97348928
Tunisia,2014,4.464147786
Turkiye,2014,27.96260021
Tuvalu,2014,33.33333333
Tanzania,2014,54.70986904
Uganda,2014,12.8935368
Ukraine,2014,16.6327746
Uruguay,2014,10.75454234
United States,2014,33.86965942
Uzbekistan,2014,8.24974142
St. Vincent and the Grenadines,2014,73.17948718
"Venezuela, RB",2014,53.1119551
British Virgin Islands,2014,24.16
Virgin Islands (U.S.),2014,54.32571429
Vietnam,2014,44.91598671
Vanuatu,2014,36.28383921
Samoa,2014,58.14628975
"Yemen, Rep.",2014,1.039831809
South Africa,2014,14.23512682
Zambia,2014,61.80239175
Zimbabwe,2014,45.80845289
Aruba,2015,2.333333333
Afghanistan,2015,1.850994088
Angola,2015,55.65307612
Albania,2015,28.8024635
Andorra,2015,34.04255319
United Arab Emirates,2015,4.467755562
Argentina,2015,10.63218706
Armenia,2015,11.57428872
American Samoa,2015,86.4
Antigua and Barbuda,2015,19.20454545
Australia,2015,17.3248246
Austria,2015,47.03332525
Azerbaijan,2015,13.03953365
Burundi,2015,10.8894081
Belgium,2015,22.76420079
Benin,2015,30.02084072
Burkina Faso,2015,23.63450292
Bangladesh,2015,14.46877161
Bulgaria,2015,35.30766396
Bahrain,2015,0.771208226
"Bahamas, The",2015,50.93506494
Bosnia and Herzegovina,2015,42.19726563
Belarus,2015,42.53416626
Belize,2015,58.43182815
Bermuda,2015,18.51851852
Bolivia,2015,48.0266039
Brazil,2015,60.28671451
Barbados,2015,14.65116279
Brunei Darussalam,2015,72.10626186
Bhutan,2015,71.23278327
Botswana,2015,27.96075733
Central African Republic,2015,36.04128543
Canada,2015,38.71643807
Switzerland,2015,31.68106715
Chile,2015,23.66553154
China,2015,22.31309418
Cote d'Ivoire,2015,10.69544025
Cameroon,2015,43.62184003
"Congo, Dem. Rep.",2015,58.07640767
"Congo, Rep.",2015,64.46559297
Colombia,2015,54.19978369
Comoros,2015,18.86620097
Cabo Verde,2015,10.97270471
Costa Rica,2015,57.83450842
Cuba,2015,30.58597502
Curacao,2015,0.157657658
Cayman Islands,2015,53.0
Cyprus,2015,18.69155844
Czech Republic,2015,34.5601606
Germany,2015,32.73232815
Djibouti,2015,0.241587575
Dominica,2015,63.82666667
Denmark,2015,15.617
Dominican Republic,2015,43.54481474
Algeria,2015,0.821247986
Ecuador,2015,51.61531648
"Egypt, Arab Rep.",2015,0.048641318
Eritrea,2015,10.60455446
Spain,2015,37.12753247
Estonia,2015,55.69381182
Ethiopia,2015,15.43780939
Finland,2015,73.73564542
Fiji,2015,60.57033388
France,2015,30.74748382
Faroe Islands,2015,0.05730659
"Micronesia, Fed. Sts.",2015,91.81428571
Gabon,2015,91.55120891
United Kingdom,2015,13.04096226
Georgia,2015,40.61591596
Ghana,2015,34.63320735
Gibraltar,2015,0.0
Guinea,2015,26.00113951
"Gambia, The",2015,26.81225296
Guinea-Bissau,2015,71.91358464
Equatorial Guinea,2015,88.77789661
Greece,2015,30.27
Grenada,2015,52.05882353
Greenland,2015,0.000535997
Guatemala,2015,33.46211273
Guam,2015,46.2962963
Guyana,2015,93.78389637
"Hong Kong SAR, China",2015,
Honduras,2015,57.76950576
Croatia,2015,33.96359781
Haiti,2015,13.16582003
Hungary,2015,22.58185404
Indonesia,2015,52.45610161
Isle of Man,2015,6.070175439
India,2015,23.82222461
Ireland,2015,10.95471041
"Iran, Islamic Rep.",2015,6.564490778
Iraq,2015,1.900361184
Iceland,2015,0.480399002
Israel,2015,7.624768946
Italy,2015,31.60766982
Jamaica,2015,53.32040628
Jordan,2015,1.09822032
Japan,2015,68.43347051
Kazakhstan,2015,1.22549031
Kenya,2015,6.189004463
Kyrgyz Republic,2015,6.526642336
Cambodia,2015,50.11794697
Kiribati,2015,1.456790123
St. Kitts and Nevis,2015,42.30769231
"Korea, Rep.",2015,65.03155626
Kuwait,2015,0.350729517
Lao PDR,2015,72.65164645
Lebanon,2015,13.71749756
Liberia,2015,80.65552326
Libya,2015,0.123327688
St. Lucia,2015,34.04918033
Liechtenstein,2015,41.875
Sri Lanka,2015,34.39516585
Lesotho,2015,1.137022398
Lithuania,2015,34.90822027
Luxembourg,2015,36.50205761
Latvia,2015,54.58619025
"Macao SAR, China",2015,
St. Martin (French part),2015,24.8
Morocco,2015,12.73737396
Monaco,2015,0.0
Moldova,2015,11.75182482
Madagascar,2015,21.47798212
Maldives,2015,2.733333333
Mexico,2015,34.12171609
Marshall Islands,2015,52.22222222
North Macedonia,2015,39.42902458
Mali,2015,10.89666363
Malta,2015,1.09375
Myanmar,2015,45.92460342
Montenegro,2015,61.48698885
Mongolia,2015,9.104691498
Mozambique,2015,48.24639487
Mauritania,2015,0.32991171
Mauritius,2015,18.86699507
Malawi,2015,26.00445482
Malaysia,2015,59.2427941
Namibia,2015,8.495123225
New Caledonia,2015,45.87089716
Niger,2015,0.901397332
Nigeria,2015,24.64228071
Nicaragua,2015,32.47074954
Netherlands,2015,10.83546184
Norway,2015,33.24564399
Nepal,2015,41.59072201
Nauru,2015,0.0
New Zealand,2015,37.3955034
Oman,2015,0.009693053
Pakistan,2015,5.101442507
Panama,2015,57.62155963
Peru,2015,57.18322656
Philippines,2015,23.52399638
Palau,2015,89.10869565
Papua New Guinea,2015,79.54869249
Poland,2015,30.76521114
Puerto Rico,2015,55.67981962
"Korea, Dem. People's Rep.",2015,50.96121585
Portugal,2015,36.15499489
Paraguay,2015,44.0446514
West Bank and Gaza,2015,1.684385382
French Polynesia,2015,40.83606557
Qatar,2015,0.0
Romania,2015,29.99374131
Russian Federation,2015,49.76106301
Rwanda,2015,10.94446696
Saudi Arabia,2015,0.454484135
Sudan,2015,10.3873888
Senegal,2015,42.94478783
Singapore,2015,23.23187588
Solomon Islands,2015,90.26866738
Sierra Leone,2015,36.48559158
El Salvador,2015,29.26544402
San Marino,2015,16.66666667
Somalia,2015,10.14402079
Serbia,2015,31.09455751
South Sudan,2015,11.32513372
Sao Tome and Principe,2015,57.29166667
Suriname,2015,97.76711538
Slovak Republic,2015,39.96817936
Slovenia,2015,61.95823776
Sweden,2015,68.69460607
Eswatini,2015,28.5755814
Sint Maarten (Dutch part),2015,10.88235294
Seychelles,2015,73.26086957
Syrian Arab Republic,2015,2.843108425
Turks and Caicos Islands,2015,11.07368421
Chad,2015,3.883418043
Togo,2015,22.50542379
Thailand,2015,39.26676975
Tajikistan,2015,3.039123856
Turkmenistan,2015,8.782159045
Timor-Leste,2015,62.41425689
Tonga,2015,12.43055556
Trinidad and Tobago,2015,44.89083821
Tunisia,2015,4.473995881
Turkiye,2015,28.10480361
Tuvalu,2015,33.33333333
Tanzania,2015,54.28990743
Uganda,2015,12.68781169
Ukraine,2015,16.67040688
Uruguay,2015,10.97017484
United States,2015,33.89972254
Uzbekistan,2015,8.055997512
St. Vincent and the Grenadines,2015,73.17948718
"Venezuela, RB",2015,52.92557111
British Virgin Islands,2015,24.13333333
Virgin Islands (U.S.),2015,54.74285714
Vietnam,2015,45.35059825
Vanuatu,2015,36.28383921
Samoa,2015,57.97526502
"Yemen, Rep.",2015,1.039831809
South Africa,2015,14.20512081
Zambia,2015,61.54925409
Zimbabwe,2015,45.6893628
Aruba,2016,2.333333333
Afghanistan,2016,1.850994088
Angola,2016,55.20784471
Albania,2016,28.80218978
Andorra,2016,34.04255319
United Arab Emirates,2016,4.467755562
Argentina,2016,10.60039683
Armenia,2016,11.56691254
American Samoa,2016,86.25
Antigua and Barbuda,2016,19.04545455
Australia,2016,17.42548771
Austria,2016,47.07695104
Azerbaijan,2016,13.15441152
Burundi,2016,10.8894081
Belgium,2016,22.76420079
Benin,2016,29.57742107
Burkina Faso,2016,23.45175439
Bangladesh,2016,14.46877161
Bulgaria,2016,35.38135593
Bahrain,2016,0.795892169
"Bahamas, The",2016,50.93506494
Bosnia and Herzegovina,2016,42.50996094
Belarus,2016,42.90696987
Belize,2016,57.94300745
Bermuda,2016,18.51851852
Bolivia,2016,47.77132835
Brazil,2016,60.07103255
Barbados,2016,14.65116279
Brunei Darussalam,2016,72.10626186
Bhutan,2016,71.23427013
Botswana,2016,27.75201595
Central African Republic,2016,35.9931298
Canada,2016,38.71201338
Switzerland,2016,31.76812043
Chile,2016,23.83086404
China,2016,22.5428773
Cote d'Ivoire,2016,10.34044025
Cameroon,2016,43.50337416
"Congo, Dem. Rep.",2016,57.59058689
"Congo, Rep.",2016,64.43045388
Colombia,2016,54.04190176
Comoros,2016,18.62976894
Cabo Verde,2016,11.0471464
Costa Rica,2016,58.15511163
Cuba,2016,31.1514802
Curacao,2016,0.157657658
Cayman Islands,2016,53.0
Cyprus,2016,18.68073593
Czech Republic,2016,34.57459207
Germany,2016,32.68548202
Djibouti,2016,0.241587575
Dominica,2016,63.82666667
Denmark,2016,15.6165
Dominican Republic,2016,43.71227489
Algeria,2016,0.821247986
Ecuador,2016,51.3565389
"Egypt, Arab Rep.",2016,0.045185594
Eritrea,2016,10.57326733
Spain,2016,37.14286858
Estonia,2016,55.69933287
Ethiopia,2016,15.37274233
Finland,2016,73.73564542
Fiji,2016,60.93596059
France,2016,30.89979673
Faroe Islands,2016,0.05730659
"Micronesia, Fed. Sts.",2016,91.85714286
Gabon,2016,91.50510343
United Kingdom,2016,13.05749597
Georgia,2016,40.61591596
Ghana,2016,34.81691131
Gibraltar,2016,0.0
Guinea,2016,25.8383526
"Gambia, The",2016,26.24505929
Guinea-Bissau,2016,71.61344239
Equatorial Guinea,2016,88.4798574
Greece,2016,30.26997673
Grenada,2016,52.05882353
Greenland,2016,0.000535997
Guatemala,2016,33.35386338
Guam,2016,51.85185185
Guyana,2016,93.73716027
"Hong Kong SAR, China",2016,
Honduras,2016,57.58378765
Croatia,2016,34.00106379
Haiti,2016,13.05297533
Hungary,2016,22.55895244
Indonesia,2016,50.74345453
Isle of Man,2016,6.070175439
India,2016,23.91182535
Ireland,2016,11.06619248
"Iran, Islamic Rep.",2016,6.570691815
Iraq,2016,1.900361184
Iceland,2016,0.485386534
Israel,2016,6.469500924
Italy,2016,31.79060991
Jamaica,2016,53.67867036
Jordan,2016,1.09822032
Japan,2016,68.42249657
Kazakhstan,2016,1.236326258
Kenya,2016,6.240942475
Kyrgyz Republic,2016,6.549739312
Cambodia,2016,49.2359506
Kiribati,2016,1.456790123
St. Kitts and Nevis,2016,42.30769231
"Korea, Rep.",2016,64.87911457
Kuwait,2016,0.350729517
Lao PDR,2016,72.50216638
Lebanon,2016,13.77614858
Liberia,2016,80.34136213
Libya,2016,0.123327688
St. Lucia,2016,34.04918033
Liechtenstein,2016,41.875
Sri Lanka,2016,34.34411
Lesotho,2016,1.137022398
Lithuania,2016,34.96056959
Luxembourg,2016,36.50205761
Latvia,2016,54.65727624
"Macao SAR, China",2016,
St. Martin (French part),2016,24.8
Morocco,2016,12.77120771
Monaco,2016,0.0
Moldova,2016,11.75486618
Madagascar,2016,21.45527673
Maldives,2016,2.733333333
Mexico,2016,34.05599424
Marshall Islands,2016,52.22222222
North Macedonia,2016,39.71728787
Mali,2016,10.89666363
Malta,2016,1.1875
Myanmar,2016,45.48099773
Montenegro,2016,61.48698885
Mongolia,2016,9.103978705
Mozambique,2016,47.8500089
Mauritania,2016,0.324633744
Mauritius,2016,18.86206897
Malawi,2016,25.55897327
Malaysia,2016,58.78752093
Namibia,2016,8.408871722
New Caledonia,2016,45.8654267
Niger,2016,0.891592327
Nigeria,2016,24.46297956
Nicaragua,2016,31.63977065
Netherlands,2016,10.86308286
Norway,2016,33.27109973
Nepal,2016,41.59072201
Nauru,2016,0.0
New Zealand,2016,37.39603509
Oman,2016,0.00904685
Pakistan,2016,5.017953508
Panama,2016,57.46762008
Peru,2016,57.03928125
Philippines,2016,23.64101016
Palau,2016,89.30434783
Papua New Guinea,2016,79.47241973
Poland,2016,30.81420033
Puerto Rico,2016,55.73506201
"Korea, Dem. People's Rep.",2016,50.78490159
Portugal,2016,36.15499489
Paraguay,2016,43.62730934
West Bank and Gaza,2016,1.684385382
French Polynesia,2016,40.83606557
Qatar,2016,0.0
Romania,2016,30.11582928
Russian Federation,2016,49.77269955
Rwanda,2016,11.02553709
Saudi Arabia,2016,0.454484135
Sudan,2016,10.30054938
Senegal,2016,42.737028
Singapore,2016,22.9696756
Solomon Islands,2016,90.24258664
Sierra Leone,2016,36.21224716
El Salvador,2016,29.04826255
San Marino,2016,16.66666667
Somalia,2016,10.02167883
Serbia,2016,31.10198948
South Sudan,2016,11.32535085
Sao Tome and Principe,2016,56.64583333
Suriname,2016,97.69435897
Slovak Republic,2016,40.00353577
Slovenia,2016,61.85929898
Sweden,2016,68.69460607
Eswatini,2016,28.64651163
Sint Maarten (Dutch part),2016,10.88235294
Seychelles,2016,73.26086957
Syrian Arab Republic,2016,2.843108425
Turks and Caicos Islands,2016,11.07368421
Chad,2016,3.787325286
Togo,2016,22.45100202
Thailand,2016,39.18064554
Tajikistan,2016,3.039123856
Turkmenistan,2016,8.782159045
Timor-Leste,2016,62.3201076
Tonga,2016,12.43055556
Trinidad and Tobago,2016,44.80896686
Tunisia,2016,4.483843975
Turkiye,2016,28.10480361
Tuvalu,2016,33.33333333
Tanzania,2016,53.76044254
Uganda,2016,12.48209655
Ukraine,2016,16.68249064
Uruguay,2016,11.12444292
United States,2016,33.89972254
Uzbekistan,2016,8.13980408
St. Vincent and the Grenadines,2016,73.17948718
"Venezuela, RB",2016,52.76714472
British Virgin Islands,2016,24.13333333
Virgin Islands (U.S.),2016,55.17142857
Vietnam,2016,46.36914245
Vanuatu,2016,36.28383921
Samoa,2016,57.80565371
"Yemen, Rep.",2016,1.039831809
South Africa,2016,14.17511479
Zambia,2016,61.29595502
Zimbabwe,2016,45.57027272
Aruba,2017,2.333333333
Afghanistan,2017,1.850994088
Angola,2017,54.76262934
Albania,2017,28.79206204
Andorra,2017,34.04255319
United Arab Emirates,2017,4.467755562
Argentina,2017,10.55983688
Armenia,2017,11.55953635
American Samoa,2017,86.1
Antigua and Barbuda,2017,18.90909091
Australia,2017,17.42291362
Austria,2017,47.12045565
Azerbaijan,2017,13.27314606
Burundi,2017,10.8894081
Belgium,2017,22.76420079
Benin,2017,29.13400142
Burkina Faso,2017,23.26900585
Bangladesh,2017,14.46877161
Bulgaria,2017,35.50110538
Bahrain,2017,0.820512821
"Bahamas, The",2017,50.93506494
Bosnia and Herzegovina,2017,42.73261719
Belarus,2017,42.97797921
Belize,2017,57.45374836
Bermuda,2017,18.51851852
Bolivia,2017,47.53274255
Brazil,2017,59.83288148
Barbados,2017,14.65116279
Brunei Darussalam,2017,72.10626186
Bhutan,2017,71.28617869
Botswana,2017,27.54327458
Central African Republic,2017,35.94497416
Canada,2017,38.7078876
Switzerland,2017,31.85517371
Chile,2017,23.99619653
China,2017,22.74231029
Cote d'Ivoire,2017,9.985440252
Cameroon,2017,43.38490829
"Congo, Dem. Rep.",2017,57.10477052
"Congo, Rep.",2017,64.39531479
Colombia,2017,53.84386661
Comoros,2017,18.39333692
Cabo Verde,2017,11.12158809
Costa Rica,2017,58.47571485
Cuba,2017,31.23314066
Curacao,2017,0.157657658
Cayman Islands,2017,53.0
Cyprus,2017,18.67857143
Czech Republic,2017,34.60251263
Germany,2017,32.68454647
Djibouti,2017,0.242018982
Dominica,2017,63.82666667
Denmark,2017,15.64
Dominican Republic,2017,43.87973504
Algeria,2017,0.815789794
Ecuador,2017,51.09776131
"Egypt, Arab Rep.",2017,0.045185594
Eritrea,2017,10.5419802
Spain,2017,37.15223392
Estonia,2017,56.09385783
Ethiopia,2017,15.30842662
Finland,2017,73.73321927
Fiji,2017,61.3015873
France,2017,31.05210964
Faroe Islands,2017,0.05730659
"Micronesia, Fed. Sts.",2017,91.9
Gabon,2017,91.45899794
United Kingdom,2017,13.07816311
Georgia,2017,40.61591596
Ghana,2017,35.00061528
Gibraltar,2017,0.0
Guinea,2017,25.67556568
"Gambia, The",2017,25.67885375
Guinea-Bissau,2017,71.31330014
Equatorial Guinea,2017,88.18181818
Greece,2017,30.26997673
Grenada,2017,52.05882353
Greenland,2017,0.000535997
Guatemala,2017,33.24561404
Guam,2017,51.85185185
Guyana,2017,93.69037338
"Hong Kong SAR, China",2017,
Honduras,2017,57.39663956
Croatia,2017,34.13338752
Haiti,2017,12.94013062
Hungary,2017,22.5429542
Indonesia,2017,50.03933382
Isle of Man,2017,6.070175439
India,2017,24.00142608
Ireland,2017,11.17752939
"Iran, Islamic Rep.",2017,6.575916648
Iraq,2017,1.900361184
Iceland,2017,0.492568579
Israel,2017,6.469500924
Italy,2017,31.97355001
Jamaica,2017,54.0378578
Jordan,2017,1.09822032
Japan,2017,68.40877915
Kazakhstan,2017,1.247160796
Kenya,2017,6.292880486
Kyrgyz Republic,2017,6.572806152
Cambodia,2017,48.35395423
Kiribati,2017,1.456790123
St. Kitts and Nevis,2017,42.30769231
"Korea, Rep.",2017,64.78309917
Kuwait,2017,0.350729517
Lao PDR,2017,72.35268631
Lebanon,2017,13.83479961
Liberia,2017,80.027201
Libya,2017,0.123327688
St. Lucia,2017,34.04918033
Liechtenstein,2017,41.875
Sri Lanka,2017,34.29305414
Lesotho,2017,1.137022398
Lithuania,2017,35.05691161
Luxembourg,2017,36.50205761
Latvia,2017,54.72838512
"Macao SAR, China",2017,
St. Martin (French part),2017,24.8
Morocco,2017,12.79764732
Monaco,2017,0.0
Moldova,2017,11.75129219
Madagascar,2017,21.43255414
Maldives,2017,2.733333333
Mexico,2017,33.99026724
Marshall Islands,2017,52.22222222
North Macedonia,2017,39.71015067
Mali,2017,10.89666363
Malta,2017,1.3125
Myanmar,2017,45.05739978
Montenegro,2017,61.48698885
Mongolia,2017,9.103265913
Mozambique,2017,47.56809685
Mauritania,2017,0.319394586
Mauritius,2017,19.03940887
Malawi,2017,25.11349173
Malaysia,2017,58.63488054
Namibia,2017,8.322620219
New Caledonia,2017,45.85995624
Niger,2017,0.881787321
Nigeria,2017,24.28368304
Nicaragua,2017,30.80879176
Netherlands,2017,10.89100089
Norway,2017,33.29453727
Nepal,2017,41.59072201
Nauru,2017,0.0
New Zealand,2017,37.41160609
Oman,2017,0.008723748
Pakistan,2017,4.99418846
Panama,2017,57.3135456
Peru,2017,56.90217188
Philippines,2017,23.75802395
Palau,2017,89.47826087
Papua New Guinea,2017,79.39837919
Poland,2017,30.85339168
Puerto Rico,2017,55.7903044
"Korea, Dem. People's Rep.",2017,50.60858733
Portugal,2017,36.15499489
Paraguay,2017,42.63848477
West Bank and Gaza,2017,1.684385382
French Polynesia,2017,40.83606557
Qatar,2017,0.0
Romania,2017,30.11582928
Russian Federation,2017,49.78433608
Rwanda,2017,11.06607215
Saudi Arabia,2017,0.454484135
Sudan,2017,10.20745857
Senegal,2017,42.52926817
Singapore,2017,22.72214386
Solomon Islands,2017,90.21650589
Sierra Leone,2017,35.93890274
El Salvador,2017,28.83108108
San Marino,2017,16.66666667
Somalia,2017,9.899336883
Serbia,2017,31.12119826
South Sudan,2017,11.32536917
Sao Tome and Principe,2017,56.0
Suriname,2017,97.6475641
Slovak Republic,2017,40.05615641
Slovenia,2017,61.7699783
Sweden,2017,68.69460607
Eswatini,2017,28.71686047
Sint Maarten (Dutch part),2017,10.88235294
Seychelles,2017,73.26086957
Syrian Arab Republic,2017,2.843108425
Turks and Caicos Islands,2017,11.07368421
Chad,2017,3.693614994
Togo,2017,22.39658025
Thailand,2017,39.11018027
Tajikistan,2017,3.039123856
Turkmenistan,2017,8.782159045
Timor-Leste,2017,62.24613315
Tonga,2017,12.43055556
Trinidad and Tobago,2017,44.72709552
Tunisia,2017,4.49369207
Turkiye,2017,28.26352923
Tuvalu,2017,33.33333333
Tanzania,2017,53.23097765
Uganda,2017,12.27638141
Ukraine,2017,16.69428621
Uruguay,2017,11.24442921
United States,2017,33.86692641
Uzbekistan,2017,8.198462506
St. Vincent and the Grenadines,2017,73.17948718
"Venezuela, RB",2017,52.63667593
British Virgin Islands,2017,24.13333333
Virgin Islands (U.S.),2017,55.6
Vietnam,2017,46.49076015
Vanuatu,2017,36.28383921
Samoa,2017,57.6360424
"Yemen, Rep.",2017,1.039831809
South Africa,2017,14.14510877
Zambia,2017,61.04288462
Zimbabwe,2017,45.45118263
Aruba,2018,2.333333333
Afghanistan,2018,1.850994088
Angola,2018,54.31740595
Albania,2018,28.7919708
Andorra,2018,34.04255319
United Arab Emirates,2018,4.467755562
Argentina,2018,10.52037315
Armenia,2018,11.55216017
American Samoa,2018,85.95
Antigua and Barbuda,2018,18.75
Australia,2018,17.42131456
Austria,2018,47.16396025
Azerbaijan,2018,13.41392976
Burundi,2018,10.8894081
Belgium,2018,22.76420079
Benin,2018,28.69058177
Burkina Faso,2018,23.08625731
Bangladesh,2018,14.46877161
Bulgaria,2018,35.62085483
Bahrain,2018,0.846153846
"Bahamas, The",2018,50.93506494
Bosnia and Herzegovina,2018,42.73261719
Belarus,2018,43.05153217
Belize,2018,56.96492766
Bermuda,2018,18.51851852
Bolivia,2018,47.31213884
Brazil,2018,59.70842795
Barbados,2018,14.65116279
Brunei Darussalam,2018,72.10626186
Bhutan,2018,71.34556896
Botswana,2018,27.3345332
Central African Republic,2018,35.89681852
Canada,2018,38.70376294
Switzerland,2018,31.94222699
Chile,2018,24.16152903
China,2018,22.94173538
Cote d'Ivoire,2018,9.630440252
Cameroon,2018,43.26644243
"Congo, Dem. Rep.",2018,56.61894974
"Congo, Rep.",2018,64.35139092
Colombia,2018,53.66424516
Comoros,2018,18.16227834
Cabo Verde,2018,11.19602978
Costa Rica,2018,58.79612221
Cuba,2018,31.23314066
Curacao,2018,0.157657658
Cayman Islands,2018,53.375
Cyprus,2018,18.67640693
Czech Republic,2018,34.63044041
Germany,2018,32.68361097
Djibouti,2018,0.243313201
Dominica,2018,63.82666667
Denmark,2018,15.664
Dominican Republic,2018,44.0471952
Algeria,2018,0.810331602
Ecuador,2018,50.83898373
"Egypt, Arab Rep.",2018,0.045185594
Eritrea,2018,10.51069307
Spain,2018,37.15664678
Estonia,2018,56.09385783
Ethiopia,2018,15.24350842
Finland,2018,73.73321927
Fiji,2018,61.66721401
France,2018,31.20442255
Faroe Islands,2018,0.05730659
"Micronesia, Fed. Sts.",2018,91.94285714
Gabon,2018,91.41289246
United Kingdom,2018,13.11536395
Georgia,2018,40.61591596
Ghana,2018,35.03234596
Gibraltar,2018,0.0
Guinea,2018,25.51277877
"Gambia, The",2018,25.11264822
Guinea-Bissau,2018,71.01315789
Equatorial Guinea,2018,87.88377897
Greece,2018,30.26997673
Grenada,2018,52.05882353
Greenland,2018,0.000535997
Guatemala,2018,33.13736469
Guam,2018,51.85185185
Guyana,2018,93.64363729
"Hong Kong SAR, China",2018,
Honduras,2018,57.20940209
Croatia,2018,34.17759321
Haiti,2018,12.82728592
Hungary,2018,22.5281613
Indonesia,2018,49.71681778
Isle of Man,2018,6.070175439
India,2018,24.09102681
Ireland,2018,11.23559297
"Iran, Islamic Rep.",2018,6.586010216
Iraq,2018,1.900361184
Iceland,2018,0.496280869
Israel,2018,6.469500924
Italy,2018,31.76875021
Jamaica,2018,54.39704524
Jordan,2018,1.09822032
Japan,2018,68.40877915
Kazakhstan,2018,1.257992073
Kenya,2018,6.344818498
Kyrgyz Republic,2018,6.667883212
Cambodia,2018,47.47195785
Kiribati,2018,1.456790123
St. Kitts and Nevis,2018,42.30769231
"Korea, Rep.",2018,64.67391304
Kuwait,2018,0.350729517
Lao PDR,2018,72.20320624
Lebanon,2018,13.89345064
Liberia,2018,79.71303987
Libya,2018,0.123327688
St. Lucia,2018,34.04918033
Liechtenstein,2018,41.875
Sri Lanka,2018,34.25804992
Lesotho,2018,1.137022398
Lithuania,2018,35.0950024
Luxembourg,2018,36.50205761
Latvia,2018,54.80834273
"Macao SAR, China",2018,
St. Martin (French part),2018,24.8
Morocco,2018,12.82005378
Monaco,2018,0.0
Moldova,2018,11.75297169
Madagascar,2018,21.40983156
Maldives,2018,2.733333333
Mexico,2018,33.92454024
Marshall Islands,2018,52.22222222
North Macedonia,2018,39.71015067
Mali,2018,10.89666363
Malta,2018,1.4375
Myanmar,2018,44.61359702
Montenegro,2018,61.48698885
Mongolia,2018,9.102555458
Mozambique,2018,47.33610723
Mauritania,2018,0.314058407
Mauritius,2018,19.0591133
Malawi,2018,24.66801018
Malaysia,2018,58.48224015
Namibia,2018,8.236368716
New Caledonia,2018,45.85448578
Niger,2018,0.871982316
Nigeria,2018,24.1043842
Nicaragua,2018,29.97781286
Netherlands,2018,10.91862192
Norway,2018,33.31727872
Nepal,2018,41.59072201
Nauru,2018,0.0
New Zealand,2018,37.42793665
Oman,2018,0.008400646
Pakistan,2018,4.940561436
Panama,2018,57.11568276
Peru,2018,56.77815625
Philippines,2018,23.87500419
Palau,2018,89.67391304
Papua New Guinea,2018,79.32433865
Poland,2018,30.89460104
Puerto Rico,2018,55.84554679
"Korea, Dem. People's Rep.",2018,50.43227307
Portugal,2018,36.15499489
Paraguay,2018,41.93538887
West Bank and Gaza,2018,1.684385382
French Polynesia,2018,42.46022727
Qatar,2018,0.0
Romania,2018,30.11582928
Russian Federation,2018,49.78433608
Rwanda,2018,11.10660722
Saudi Arabia,2018,0.454484135
Sudan,2018,10.11438946
Senegal,2018,42.32150834
Singapore,2018,22.46826516
Solomon Islands,2018,90.19042515
Sierra Leone,2018,35.66555833
El Salvador,2018,28.61389961
San Marino,2018,16.66666667
Somalia,2018,9.776994931
Serbia,2018,31.12279899
South Sudan,2018,11.32565515
Sao Tome and Principe,2018,55.35416667
Suriname,2018,97.56910256
Slovak Republic,2018,40.05615641
Slovenia,2018,61.67438072
Sweden,2018,68.69460607
Eswatini,2018,28.7872093
Sint Maarten (Dutch part),2018,10.88235294
Seychelles,2018,73.26086957
Syrian Arab Republic,2018,2.843108425
Turks and Caicos Islands,2018,11.07368421
Chad,2018,3.601493011
Togo,2018,22.34215849
Thailand,2018,39.03971501
Tajikistan,2018,3.039123856
Turkmenistan,2018,8.782159045
Timor-Leste,2018,62.13180901
Tonga,2018,12.43055556
Trinidad and Tobago,2018,44.64522417
Tunisia,2018,4.503540165
Turkiye,2018,28.4660941
Tuvalu,2018,33.33333333
Tanzania,2018,52.70151276
Uganda,2018,12.07066627
Ukraine,2018,16.70348637
Uruguay,2018,11.3644155
United States,2018,33.86692641
Uzbekistan,2018,8.257720375
St. Vincent and the Grenadines,2018,73.17948718
"Venezuela, RB",2018,52.53416473
British Virgin Islands,2018,24.13333333
Virgin Islands (U.S.),2018,56.02857143
Vietnam,2018,46.73554359
Vanuatu,2018,36.28383921
Samoa,2018,57.4664311
"Yemen, Rep.",2018,1.039831809
South Africa,2018,14.11510275
Zambia,2018,60.78970661
Zimbabwe,2018,45.33209254
Aruba,2019,2.333333333
Afghanistan,2019,1.850994088
Angola,2019,53.87217454
Albania,2019,28.7919708
Andorra,2019,34.04255319
United Arab Emirates,2019,4.467755562
Argentina,2019,10.48017861
Armenia,2019,11.54478398
American Samoa,2019,85.8
Antigua and Barbuda,2019,18.59090909
Australia,2019,17.42131456
Austria,2019,47.20746486
Azerbaijan,2019,13.55336705
Burundi,2019,10.8894081
Belgium,2019,22.76420079
Benin,2019,28.24716211
Burkina Faso,2019,22.90350877
Bangladesh,2019,14.46877161
Bulgaria,2019,35.74060427
Bahrain,2019,0.871794872
"Bahamas, The",2019,50.93506494
Bosnia and Herzegovina,2019,42.73261719
Belarus,2019,43.12296778
Belize,2019,56.47566857
Bermuda,2019,18.51851852
Bolivia,2019,47.10953568
Brazil,2019,59.55852618
Barbados,2019,14.65116279
Brunei Darussalam,2019,72.10626186
Bhutan,2019,71.39748296
Botswana,2019,27.12579182
Central African Republic,2019,35.84866288
Canada,2019,38.69963717
Switzerland,2019,32.02928027
Chile,2019,24.32686152
China,2019,23.14116554
Cote d'Ivoire,2019,9.275471698
Cameroon,2019,43.14797656
"Congo, Dem. Rep.",2019,56.13312896
"Congo, Rep.",2019,64.30746706
Colombia,2019,53.48463272
Comoros,2019,17.92584632
Cabo Verde,2019,11.27047146
Costa Rica,2019,59.11672542
Cuba,2019,31.23314066
Curacao,2019,0.157657658
Cayman Islands,2019,53.0
Cyprus,2019,18.67424242
Czech Republic,2019,34.65388601
Germany,2019,32.68361097
Djibouti,2019,0.245901639
Dominica,2019,63.82666667
Denmark,2019,15.6875
Dominican Republic,2019,44.21465535
Algeria,2019,0.81411035
Ecuador,2019,50.58020615
"Egypt, Arab Rep.",2019,0.045185594
Eritrea,2019,10.47940594
Spain,2019,37.16523359
Estonia,2019,56.09385783
Ethiopia,2019,15.17886663
Finland,2019,73.73321927
Fiji,2019,62.03284072
France,2019,31.35673546
Faroe Islands,2019,0.05730659
"Micronesia, Fed. Sts.",2019,91.98571429
Gabon,2019,91.36678698
United Kingdom,2019,13.15256479
Georgia,2019,40.61591596
Ghana,2019,35.06407665
Gibraltar,2019,
Guinea,2019,25.34999186
"Gambia, The",2019,24.54545455
Guinea-Bissau,2019,70.71301565
Equatorial Guinea,2019,87.58573975
Greece,2019,30.26997673
Grenada,2019,52.05882353
Greenland,2019,0.000535997
Guatemala,2019,33.02911534
Guam,2019,51.85185185
Guyana,2019,93.59685039
"Hong Kong SAR, China",2019,
Honduras,2019,57.02216463
Croatia,2019,34.22177063
Haiti,2019,12.71444122
Hungary,2019,22.51227263
Indonesia,2019,49.39429641
Isle of Man,2019,6.070175439
India,2019,24.18062754
Ireland,2019,11.29365655
"Iran, Islamic Rep.",2019,6.596103784
Iraq,2019,1.900361184
Iceland,2019,0.502727363
Israel,2019,6.469500924
Italy,2019,31.94948443
Jamaica,2019,54.75530933
Jordan,2019,1.09822032
Japan,2019,68.40877915
Kazakhstan,2019,1.268822462
Kenya,2019,6.344818498
Kyrgyz Republic,2019,6.762982273
Cambodia,2019,46.58996148
Kiribati,2019,1.456790123
St. Kitts and Nevis,2019,42.30769231
"Korea, Rep.",2019,64.57136998
Kuwait,2019,0.350729517
Lao PDR,2019,72.05372617
Lebanon,2019,13.95210166
Liberia,2019,79.39887874
Libya,2019,0.123327688
St. Lucia,2019,34.04918033
Liechtenstein,2019,41.875
Sri Lanka,2019,34.20697013
Lesotho,2019,1.137022398
Lithuania,2019,35.12693597
Luxembourg,2019,36.50205761
Latvia,2019,54.87067161
"Macao SAR, China",2019,
St. Martin (French part),2019,24.8
Morocco,2019,12.84358055
Monaco,2019,
Moldova,2019,11.75297169
Madagascar,2019,21.38712616
Maldives,2019,2.733333333
Mexico,2019,33.85881839
Marshall Islands,2019,52.22222222
North Macedonia,2019,39.71015067
Mali,2019,10.89666363
Malta,2019,1.4375
Myanmar,2019,44.16979427
Montenegro,2019,61.48698885
Mongolia,2019,9.101842665
Mozambique,2019,47.00794781
Mauritania,2019,0.308819249
Mauritius,2019,19.07881773
Malawi,2019,24.22252864
Malaysia,2019,58.32959976
Namibia,2019,8.150117213
New Caledonia,2019,45.84901532
Niger,2019,0.862177311
Nigeria,2019,23.92508537
Nicaragua,2019,29.14683397
Netherlands,2019,10.94653995
Norway,2019,33.33864227
Nepal,2019,41.59072201
Nauru,2019,
New Zealand,2019,37.46731989
Oman,2019,0.008077544
Pakistan,2019,4.886934413
Panama,2019,56.96172668
Peru,2019,56.643125
Philippines,2019,23.99201798
Palau,2019,89.84782609
Papua New Guinea,2019,79.25029811
Poland,2019,30.93379495
Puerto Rico,2019,55.90078918
"Korea, Dem. People's Rep.",2019,50.25595881
Portugal,2019,36.15499489
Paraguay,2019,41.23231815
West Bank and Gaza,2019,1.684385382
French Polynesia,2019,42.46022727
Qatar,2019,0.0
Romania,2019,30.11582928
Russian Federation,2019,49.78433608
Rwanda,2019,11.14714228
Saudi Arabia,2019,0.454484135
Sudan,2019,10.02129144
Senegal,2019,42.11374851
Singapore,2019,22.21438646
Solomon Islands,2019,90.16434441
Sierra Leone,2019,35.39221391
El Salvador,2019,28.39671815
San Marino,2019,16.66666667
Somalia,2019,9.654652979
Serbia,2019,31.12531443
South Sudan,2019,11.32565515
Sao Tome and Principe,2019,54.70833333
Suriname,2019,97.49057692
Slovak Republic,2019,40.05615641
Slovenia,2019,61.57307165
Sweden,2019,68.69460607
Eswatini,2019,28.85755814
Sint Maarten (Dutch part),2019,10.88235294
Seychelles,2019,73.26086957
Syrian Arab Republic,2019,2.843108425
Turks and Caicos Islands,2019,11.07368421
Chad,2019,3.511753494
Togo,2019,22.28773672
Thailand,2019,38.96924974
Tajikistan,2019,3.046328986
Turkmenistan,2019,8.782159045
Timor-Leste,2019,62.03765972
Tonga,2019,12.43055556
Trinidad and Tobago,2019,44.56335283
Tunisia,2019,4.51338826
Turkiye,2019,28.6687889
Tuvalu,2019,33.33333333
Tanzania,2019,52.17204787
Uganda,2019,11.86490126
Ukraine,2019,16.71384191
Uruguay,2019,11.48440178
United States,2019,33.86692641
Uzbekistan,2019,8.316373665
St. Vincent and the Grenadines,2019,73.17948718
"Venezuela, RB",2019,52.45961113
British Virgin Islands,2019,24.13333333
Virgin Islands (U.S.),2019,56.45714286
Vietnam,2019,46.98032702
Vanuatu,2019,36.28383921
Samoa,2019,57.29681979
"Yemen, Rep.",2019,1.039831809
South Africa,2019,14.08509674
Zambia,2019,60.53651515
Zimbabwe,2019,45.21300246
Aruba,2020,2.333333333
Afghanistan,2020,1.850994088
Angola,2020,53.42695115
Albania,2020,28.7919708
Andorra,2020,34.04255319
United Arab Emirates,2020,4.467755562
Argentina,2020,10.44071488
Armenia,2020,11.5374078
American Samoa,2020,85.65
Antigua and Barbuda,2020,18.45454545
Australia,2020,17.42131456
Austria,2020,47.25096946
Azerbaijan,2020,13.69286423
Burundi,2020,10.8894081
Belgium,2020,22.76420079
Benin,2020,27.80374246
Burkina Faso,2020,22.72076023
Bangladesh,2020,14.46877161
Bulgaria,2020,35.86035372
Bahrain,2020,0.897435897
"Bahamas, The",2020,50.93506494
Bosnia and Herzegovina,2020,42.73261719
Belarus,2020,43.19440339
Belize,2020,55.98640947
Bermuda,2020,18.51851852
Bolivia,2020,46.92491461
Brazil,2020,59.41747805
Barbados,2020,14.65116279
Brunei Darussalam,2020,72.10626186
Bhutan,2020,71.44939696
Botswana,2020,26.91705045
Central African Republic,2020,35.80050724
Canada,2020,38.69551251
Switzerland,2020,32.11633355
Chile,2020,24.49215367
China,2020,23.3405957
Cote d'Ivoire,2020,8.920471698
Cameroon,2020,43.02951069
"Congo, Dem. Rep.",2020,55.64731259
"Congo, Rep.",2020,64.26354319
Colombia,2020,53.30501127
Comoros,2020,17.68941429
Cabo Verde,2020,11.34491315
Costa Rica,2020,59.43732863
Cuba,2020,31.23314066
Curacao,2020,0.157657658
Cayman Islands,2020,53.0
Cyprus,2020,18.67207792
Czech Republic,2020,34.67733161
Germany,2020,32.68361097
Djibouti,2020,0.250215703
Dominica,2020,63.82666667
Denmark,2020,15.711
Dominican Republic,2020,44.3821155
Algeria,2020,0.81830896
Ecuador,2020,50.32142857
"Egypt, Arab Rep.",2020,0.045185594
Eritrea,2020,10.44811881
Spain,2020,37.1738204
Estonia,2020,56.09385783
Ethiopia,2020,15.11422483
Finland,2020,73.73321927
Fiji,2020,62.39846743
France,2020,31.50904837
Faroe Islands,2020,0.05730659
"Micronesia, Fed. Sts.",2020,92.02857143
Gabon,2020,91.32068149
United Kingdom,2020,13.18563221
Georgia,2020,40.61591596
Ghana,2020,35.09585128
Gibraltar,2020,
Guinea,2020,25.18720495
"Gambia, The",2020,23.97924901
Guinea-Bissau,2020,70.4128734
Equatorial Guinea,2020,87.28770053
Greece,2020,30.26997673
Grenada,2020,52.05882353
Greenland,2020,0.000535997
Guatemala,2020,32.92086599
Guam,2020,51.85185185
Guyana,2020,93.5501143
"Hong Kong SAR, China",2020,
Honduras,2020,56.83492716
Croatia,2020,34.26594805
Haiti,2020,12.60159652
Hungary,2020,22.49627438
Indonesia,2020,49.07178037
Isle of Man,2020,6.070175439
India,2020,24.27022827
Ireland,2020,11.35172013
"Iran, Islamic Rep.",2020,6.601261082
Iraq,2020,1.900361184
Iceland,2020,0.509273034
Israel,2020,6.469500924
Italy,2020,32.13021865
Jamaica,2020,55.11449677
Jordan,2020,1.09822032
Japan,2020,68.40877915
Kazakhstan,2020,1.279653295
Kenya,2020,6.344818498
Kyrgyz Republic,2020,6.858081335
Cambodia,2020,45.7079651
Kiribati,2020,1.456790123
St. Kitts and Nevis,2020,42.30769231
"Korea, Rep.",2020,64.46882691
Kuwait,2020,0.350729517
Lao PDR,2020,71.9042461
Lebanon,2020,14.01075269
Liberia,2020,79.08471761
Libya,2020,0.123327688
St. Lucia,2020,34.04918033
Liechtenstein,2020,41.875
Sri Lanka,2020,34.15589034
Lesotho,2020,1.137022398
Lithuania,2020,35.14290276
Luxembourg,2020,36.50205761
Latvia,2020,54.93300048
"Macao SAR, China",2020,
St. Martin (French part),2020,24.8
Morocco,2020,12.86688326
Monaco,2020,
Moldova,2020,11.75297169
Madagascar,2020,21.36440358
Maldives,2020,2.733333333
Mexico,2020,33.79309139
Marshall Islands,2020,52.22222222
North Macedonia,2020,39.71015067
Mali,2020,10.89666363
Malta,2020,1.4375
Myanmar,2020,43.72599151
Montenegro,2020,61.48698885
Mongolia,2020,9.101129873
Mozambique,2020,46.72519647
Mauritania,2020,0.30348307
Mauritius,2020,19.09852217
Malawi,2020,23.77704709
Malaysia,2020,58.17695937
Namibia,2020,8.06386571
New Caledonia,2020,45.84354486
Niger,2020,0.852372306
Nigeria,2020,23.74578653
Nicaragua,2020,28.31585508
Netherlands,2020,10.97416097
Norway,2020,33.36000582
Nepal,2020,41.59072201
Nauru,2020,
New Zealand,2020,37.57012647
Oman,2020,0.008077544
Pakistan,2020,4.833307389
Panama,2020,56.80790542
Peru,2020,56.50810156
Philippines,2020,24.10903176
Palau,2020,90.02173913
Papua New Guinea,2020,79.17625756
Poland,2020,30.97298886
Puerto Rico,2020,55.95603157
"Korea, Dem. People's Rep.",2020,50.07964455
Portugal,2020,36.15499489
Paraguay,2020,40.52922225
West Bank and Gaza,2020,1.684385382
French Polynesia,2020,42.46022727
Qatar,2020,0.0
Romania,2020,30.11582928
Russian Federation,2020,49.78433608
Rwanda,2020,11.18767734
Saudi Arabia,2020,0.454484135
Sudan,2020,9.928193419
Senegal,2020,41.90598868
Singapore,2020,21.96050776
Solomon Islands,2020,90.13826367
Sierra Leone,2020,35.11886949
El Salvador,2020,28.17953668
San Marino,2020,16.66666667
Somalia,2020,9.532311028
Serbia,2020,31.13023096
South Sudan,2020,11.32565515
Sao Tome and Principe,2020,54.0625
Suriname,2020,97.41211538
Slovak Republic,2020,40.05615641
Slovenia,2020,61.47225919
Sweden,2020,68.69460607
Eswatini,2020,28.92790698
Sint Maarten (Dutch part),2020,10.88235294
Seychelles,2020,73.26086957
Syrian Arab Republic,2020,2.843108425
Turks and Caicos Islands,2020,11.07368421
Chad,2020,3.425190597
Togo,2020,22.23331495
Thailand,2020,38.89878447
Tajikistan,2020,3.053534116
Turkmenistan,2020,8.782159045
Timor-Leste,2020,61.94351042
Tonga,2020,12.43055556
Trinidad and Tobago,2020,44.48148148
Tunisia,2020,4.523236354
Turkiye,2020,28.8714837
Tuvalu,2020,33.33333333
Tanzania,2020,51.64258298
Uganda,2020,11.65918612
Ukraine,2020,16.72419745
Uruguay,2020,11.60438807
United States,2020,33.86692641
Uzbekistan,2020,8.375026955
St. Vincent and the Grenadines,2020,73.17948718
"Venezuela, RB",2020,52.41301514
British Virgin Islands,2020,24.13333333
Virgin Islands (U.S.),2020,56.88571429
Vietnam,2020,47.22511046
Vanuatu,2020,36.28383921
Samoa,2020,57.12720848
"Yemen, Rep.",2020,1.039831809
South Africa,2020,14.05509072
Zambia,2020,60.28333714
Zimbabwe,2020,45.09391237
