Country,Year,GDP per capita
Afghanistan,2006,274.2185536
Afghanistan,2020,510.7870634
Afghanistan,2015,565.5697304
Afghanistan,2014,625.0549418
Afghanistan,2007,376.223152
Afghanistan,2023,415.7074171
Afghanistan,2000,174.9309914
Afghanistan,2008,381.733238
Afghanistan,2004,221.7636539
Afghanistan,2022,357.2611528
Afghanistan,2003,198.8711157
Afghanistan,2002,178.9540884
Afghanistan,2012,651.4171345
Afghanistan,2019,496.6025043
Afghanistan,2009,452.0537055
Afghanistan,2010,560.6215055
Afghanistan,2018,491.3372214
Afghanistan,2001,138.7068217
Afghanistan,2013,637.0870991
Afghanistan,2005,254.1842491
Afghanistan,2017,525.4697709
Afghanistan,2011,606.6946763
Afghanistan,2016,522.0822156
Afghanistan,2021,356.4962141
Africa Eastern and Southern,2012,1702.969258
Africa Eastern and Southern,2015,1479.564123
Africa Eastern and Southern,2001,626.1691484
Africa Eastern and Southern,2007,1362.310651
Africa Eastern and Southern,2017,1520.171298
Africa Eastern and Southern,2016,1329.777824
Africa Eastern and Southern,2004,981.7446305
Africa Eastern and Southern,2008,1421.118612
Africa Eastern and Southern,2022,1628.024526
Africa Eastern and Southern,2010,1601.727748
Africa Eastern and Southern,2018,1538.924188
Africa Eastern and Southern,2002,625.998815
Africa Eastern and Southern,2019,1493.780445
Africa Eastern and Southern,2011,1735.58514
Africa Eastern and Southern,2005,1115.713956
Africa Eastern and Southern,2000,707.1203763
Africa Eastern and Southern,2014,1656.107642
Africa Eastern and Southern,1998,697.3526926
Africa Eastern and Southern,1999,670.6978278
Africa Eastern and Southern,2020,1344.080962
Africa Eastern and Southern,2009,1386.590206
Africa Eastern and Southern,2003,809.9681394
Africa Eastern and Southern,2006,1220.002468
Africa Eastern and Southern,2021,1522.590088
Africa Eastern and Southern,2023,1659.51529
Africa Eastern and Southern,2013,1673.140476
Africa Western and Central,2011,1824.722827
Africa Western and Central,2004,834.8612909
Africa Western and Central,2013,2113.316986
Africa Western and Central,2005,989.6997388
Africa Western and Central,2019,1783.654365
Africa Western and Central,2009,1439.047803
Africa Western and Central,2022,1777.235012
Africa Western and Central,2002,616.7960331
Africa Western and Central,2003,694.5009386
Africa Western and Central,2018,1703.896392
Africa Western and Central,2006,1222.550498
Africa Western and Central,1999,521.3647343
Africa Western and Central,2008,1652.18985
Africa Western and Central,2016,1616.843198
Africa Western and Central,2015,1845.767804
Africa Western and Central,2020,1664.249176
Africa Western and Central,2000,516.9323163
Africa Western and Central,2023,1568.72431
Africa Western and Central,2001,530.6531673
Africa Western and Central,2021,1747.840549
Africa Western and Central,1998,1137.744496
Africa Western and Central,2007,1393.748487
Africa Western and Central,2014,2204.9957
Africa Western and Central,2017,1560.162999
Africa Western and Central,2010,1647.149847
Africa Western and Central,2012,1920.119912
Albania,2021,6413.283286
Albania,2018,5365.489347
Albania,2010,4094.349686
Albania,1998,813.7893966
Albania,2016,4124.05539
Albania,2005,2673.787816
Albania,2011,4437.141161
Albania,2017,4531.032207
Albania,2013,4413.063383
Albania,2002,1425.124219
Albania,2023,8575.171134
Albania,2012,4247.631343
Albania,2009,4114.134033
Albania,2014,4578.633208
Albania,2007,3595.038295
Albania,2015,3952.803574
Albania,2000,1126.68334
Albania,2008,4370.539716
Albania,1999,1033.242532
Albania,2020,5370.778623
Albania,2001,1281.659826
Albania,2019,5460.428237
Albania,2003,1846.120121
Albania,2022,6846.426143
Albania,2004,2373.581292
Albania,2006,2972.743621
Algeria,2020,3743.541952
Algeria,2021,4160.559267
Algeria,2006,3660.661047
Algeria,2017,4554.66754
Algeria,2023,5364.02795
Algeria,2018,4577.210292
Algeria,2019,4468.453419
Algeria,2005,3233.133396
Algeria,2009,4235.429905
Algeria,2000,1772.928691
Algeria,2008,5180.918815
Algeria,1999,1596.118222
Algeria,2010,4912.785855
Algeria,2003,2283.772993
Algeria,2016,4424.98529
Algeria,1998,1603.366232
Algeria,2011,5916.313644
Algeria,2022,4961.552577
Algeria,2007,4167.451699
Algeria,2014,6094.693923
Algeria,2015,4685.059027
Algeria,2004,2816.99385
Algeria,2002,1937.464114
Algeria,2012,6033.648847
Algeria,2001,1896.300209
Algeria,2013,5979.60139
American Samoa,2007,9231.372409
American Samoa,2008,10030.80891
American Samoa,2002,8972.696365
American Samoa,2004,8958.428667
American Samoa,2022,18017.45894
American Samoa,2019,12886.13595
American Samoa,2005,8831.26976
American Samoa,2018,12552.05469
American Samoa,2003,9197.661968
American Samoa,2009,12156.02939
American Samoa,2016,12843.33429
American Samoa,2006,8745.166211
American Samoa,2021,15236.16049
American Samoa,2012,11745.48992
American Samoa,2011,10383.45933
American Samoa,2014,12026.33449
American Samoa,2017,11863.68395
American Samoa,2013,11813.5022
American Samoa,2020,14489.25866
American Samoa,2015,12727.41027
American Samoa,2010,10375.17201
Andorra,2003,34063.5784
Andorra,2019,41257.80458
Andorra,2015,38654.93472
Andorra,2001,23511.29515
Andorra,2009,43975.01837
Andorra,2020,37361.09007
Andorra,2023,46812.44845
Andorra,2014,44369.65969
Andorra,2007,48336.22833
Andorra,1999,18875.28837
Andorra,2012,41500.54358
Andorra,2000,21810.24874
Andorra,2008,49132.51571
Andorra,2006,43467.21099
Andorra,2005,40829.80188
Andorra,2004,39021.12781
Andorra,2011,46657.15612
Andorra,2002,26528.13016
Andorra,2021,42425.69968
Andorra,2010,42746.83095
Andorra,2017,40672.99433
Andorra,2022,42414.05901
Andorra,2018,42819.77458
Andorra,2016,40129.8192
Andorra,2013,42470.31612
Andorra,1998,18536.50843
Angola,2014,5005.999741
Angola,2023,2308.159767
Angola,2020,1449.922867
Angola,2004,1266.210864
Angola,2005,1916.468422
Angola,2010,3597.342932
Angola,2003,992.6989793
Angola,2001,533.5862024
Angola,2006,2617.05196
Angola,2011,4615.910598
Angola,2017,2437.259712
Angola,2009,3136.64547
Angola,2016,1807.952941
Angola,2008,4103.0669
Angola,2013,5057.747878
Angola,2002,882.1478472
Angola,2022,2929.694455
Angola,2000,563.7337956
Angola,2015,3213.902611
Angola,2021,1925.874661
Angola,2019,2189.855714
Angola,2018,2538.591391
Angola,2012,5086.027401
Angola,1999,392.725539
Angola,1998,429.1886541
Angola,2007,3141.04598
Antigua and Barbuda,1999,11341.93271
Antigua and Barbuda,2023,21787.10173
Antigua and Barbuda,2006,16172.25135
Antigua and Barbuda,2003,12171.37738
Antigua and Barbuda,2001,11535.77429
Antigua and Barbuda,2014,15533.48313
Antigua and Barbuda,2012,15208.65697
Antigua and Barbuda,2009,16471.36783
Antigua and Barbuda,2019,18884.37297
Antigua and Barbuda,2000,12021.46321
Antigua and Barbuda,2015,16080.65805
Antigua and Barbuda,2004,13036.00759
Antigua and Barbuda,2002,11657.34875
Antigua and Barbuda,2005,14366.29128
Antigua and Barbuda,2018,18273.42707
Antigua and Barbuda,2016,16557.84317
Antigua and Barbuda,2011,14841.97096
Antigua and Barbuda,2010,15216.30984
Antigua and Barbuda,2017,16924.78945
Antigua and Barbuda,2020,15360.45442
Antigua and Barbuda,2021,17340.37907
Antigua and Barbuda,2013,15050.71228
Antigua and Barbuda,2022,20117.76533
Antigua and Barbuda,1998,10906.52051
Antigua and Barbuda,2007,18203.51513
Antigua and Barbuda,2008,18785.46822
Arab World,2012,7336.197708
Arab World,2014,7259.936729
Arab World,2006,4355.087622
Arab World,2018,6576.516631
Arab World,2016,5957.059837
Arab World,1998,2192.611888
Arab World,2010,5928.30479
Arab World,2000,2664.165796
Arab World,2008,6091.932064
Arab World,2007,4940.702265
Arab World,1999,2378.950491
Arab World,2023,7292.210408
Arab World,2005,3750.508554
Arab World,2003,2696.672305
Arab World,2002,2483.107234
Arab World,2013,7311.296755
Arab World,2017,6005.390129
Arab World,2021,6445.807261
Arab World,2004,3133.736877
Arab World,2001,2536.711965
Arab World,2019,6525.211843
Arab World,2020,5648.341118
Arab World,2011,6883.374024
Arab World,2009,5134.450061
Arab World,2022,7658.40647
Arab World,2015,6203.702636
Argentina,2012,12949.71749
Argentina,2007,7185.251551
Argentina,2014,12233.14441
Argentina,2005,5067.653423
Argentina,2004,4242.020991
Argentina,2019,9955.974787
Argentina,2018,11752.79989
Argentina,2006,5869.38029
Argentina,2015,13679.6265
Argentina,2002,2569.699635
Argentina,2001,7141.475077
Argentina,2008,8944.110266
Argentina,1999,7705.542883
Argentina,2000,7637.014892
Argentina,2010,10260.13131
Argentina,2013,12963.67577
Argentina,2023,14187.48273
Argentina,2016,12699.96231
Argentina,2020,8535.59938
Argentina,2022,13935.68111
Argentina,2017,14532.50093
Argentina,2011,12704.28318
Argentina,2003,3320.477751
Argentina,2021,10738.01792
Argentina,2009,8150.23527
Argentina,1998,8218.992128
Armenia,2007,2962.702346
Armenia,2020,4268.680933
Armenia,2017,3869.053739
Armenia,2015,3512.393503
Armenia,2002,742.6511183
Armenia,2023,8053.010663
Armenia,2006,2041.652671
Armenia,2009,2820.592655
Armenia,1998,590.2399473
Armenia,2016,3524.424769
Armenia,2018,4196.005623
Armenia,2010,3041.344507
Armenia,2005,1557.484589
Armenia,2011,3349.553098
Armenia,2004,1130.087914
Armenia,2022,6571.974455
Armenia,2013,3680.166922
Armenia,2021,4685.179971
Armenia,2003,882.0301677
Armenia,2000,593.4505817
Armenia,1999,582.6698862
Armenia,2008,3777.668593
Armenia,2014,3852.118006
Armenia,2019,4597.228874
Armenia,2001,659.5889885
Armenia,2012,3511.563997
Aruba,2007,26736.30894
Aruba,2002,21307.24825
Aruba,2000,20681.02303
Aruba,2016,27441.52966
Aruba,2015,27458.22533
Aruba,2021,27200.06108
Aruba,2005,24171.83713
Aruba,2012,25119.66554
Aruba,2008,28171.9094
Aruba,2010,24093.14015
Aruba,2014,26129.83906
Aruba,2004,23700.63199
Aruba,2003,21949.486
Aruba,1999,19216.19724
Aruba,2006,24845.65848
Aruba,2023,33984.79062
Aruba,2017,28440.05196
Aruba,2018,30082.12764
Aruba,2013,25813.57673
Aruba,2019,31096.20507
Aruba,2022,30559.53353
Aruba,1998,18828.08706
Aruba,2009,25134.77123
Aruba,2001,20740.13258
Aruba,2020,22855.93232
Aruba,2011,25712.3843
Australia,1999,20712.66978
Australia,2019,54972.70179
Australia,2016,49888.04108
Australia,2000,21870.41597
Australia,2009,42816.5674
Australia,2011,62605.60046
Australia,2003,23718.13385
Australia,2023,64820.91179
Australia,2021,60607.77886
Australia,2020,51791.54018
Australia,2017,53901.71454
Australia,1998,21479.1142
Australia,2012,68072.87323
Australia,2002,20301.84317
Australia,2010,52144.66547
Australia,2001,19695.72974
Australia,2006,36595.70715
Australia,2015,56739.02653
Australia,2004,30836.73068
Australia,2007,41051.61207
Australia,2014,62544.08738
Australia,2013,68190.701
Australia,2018,57196.42208
Australia,2005,34479.76793
Australia,2008,49701.28178
Australia,2022,64997.01365
Austria,2013,50305.35458
Austria,2020,48716.40989
Austria,2014,51314.97226
Austria,2011,51116.89535
Austria,2000,24487.29747
Austria,2023,56033.57379
Austria,2019,49885.99474
Austria,2009,47857.44466
Austria,2021,53648.71907
Austria,2003,32110.11597
Austria,2005,38157.37023
Austria,2006,40382.20783
Austria,2010,46611.13934
Austria,2008,51581.39824
Austria,2002,26334.86222
Austria,2001,24430.49598
Austria,1999,27078.70816
Austria,2012,48250.40591
Austria,2018,51194.07498
Austria,1998,27212.46429
Austria,2017,47163.74258
Austria,2022,52176.66491
Austria,2007,46622.96229
Austria,2016,45061.49939
Austria,2015,43915.22802
Austria,2004,36614.25065
Azerbaijan,2003,883.6925807
Azerbaijan,2008,5574.468104
Azerbaijan,2020,4229.910649
Azerbaijan,2005,1578.36733
Azerbaijan,2017,4147.198142
Azerbaijan,2021,5408.045352
Azerbaijan,2001,703.6709986
Azerbaijan,2007,3851.330152
Azerbaijan,2000,655.0972496
Azerbaijan,2015,5500.503646
Azerbaijan,2002,763.1088955
Azerbaijan,2013,7875.345367
Azerbaijan,1999,573.8935287
Azerbaijan,2012,7495.865277
Azerbaijan,2022,7770.594223
Azerbaijan,2018,4739.794312
Azerbaijan,1998,561.9068079
Azerbaijan,2004,1045.013633
Azerbaijan,2023,7125.908584
Azerbaijan,2019,4805.753718
Azerbaijan,2010,5843.533768
Azerbaijan,2009,4950.39949
Azerbaijan,2006,2472.957257
Azerbaijan,2011,7189.818692
Azerbaijan,2014,7890.840281
Azerbaijan,2016,3880.685228
"Bahamas, The",2009,27512.9131
"Bahamas, The",2000,24940.07751
"Bahamas, The",2017,31337.18325
"Bahamas, The",2018,32124.40511
"Bahamas, The",2013,27432.95343
"Bahamas, The",2010,27473.10043
"Bahamas, The",2005,28602.41819
"Bahamas, The",2022,33044.38821
"Bahamas, The",2019,32979.54013
"Bahamas, The",2011,27090.83768
"Bahamas, The",2008,29392.38244
"Bahamas, The",2007,30051.84896
"Bahamas, The",2006,29184.78651
"Bahamas, The",2023,35896.50511
"Bahamas, The",2016,30266.58592
"Bahamas, The",2020,25155.67254
"Bahamas, The",2002,26781.61959
"Bahamas, The",2003,26429.12478
"Bahamas, The",2012,28552.02427
"Bahamas, The",1998,21667.44882
"Bahamas, The",2015,30289.40225
"Bahamas, The",2014,28705.61708
"Bahamas, The",2004,26650.29342
"Bahamas, The",2021,28682.327
"Bahamas, The",2001,25371.92377
"Bahamas, The",1999,24041.09332
Bahrain,2014,26451.79656
Bahrain,2005,17966.16578
Bahrain,2001,13573.23399
Bahrain,2002,13501.47088
Bahrain,2006,19267.28262
Bahrain,2019,27259.74386
Bahrain,2022,30616.26107
Bahrain,2015,23734.05511
Bahrain,2018,26324.40665
Bahrain,2007,20908.40425
Bahrain,2023,29218.86056
Bahrain,2016,23800.00144
Bahrain,2009,19465.31407
Bahrain,2003,14486.0269
Bahrain,2017,24784.76935
Bahrain,2020,24342.84446
Bahrain,2004,15963.94932
Bahrain,2011,25032.78677
Bahrain,2012,26438.67332
Bahrain,1998,11625.03438
Bahrain,2021,27147.80839
Bahrain,2013,26989.76011
Bahrain,2010,21819.32911
Bahrain,1999,12123.35347
Bahrain,2000,14214.48368
Bahrain,2008,23299.49928
Bangladesh,2006,490.3880265
Bangladesh,2000,396.6707302
Bangladesh,2021,2482.849178
Bangladesh,2007,537.9554928
Bangladesh,2014,1094.461997
Bangladesh,2003,426.7488075
Bangladesh,2019,2129.79897
Bangladesh,1998,385.6168818
Bangladesh,2012,859.6805364
Bangladesh,2005,480.0858508
Bangladesh,1999,388.0956843
Bangladesh,2015,1224.386477
Bangladesh,2001,394.65641
Bangladesh,2018,1965.243727
Bangladesh,2011,837.3369447
Bangladesh,2004,455.6140169
Bangladesh,2009,679.2114774
Bangladesh,2023,2551.017727
Bangladesh,2010,757.3852804
Bangladesh,2013,958.2629898
Bangladesh,2002,393.8864223
Bangladesh,2008,613.062041
Bangladesh,2016,1649.283809
Bangladesh,2022,2716.485927
Bangladesh,2020,2248.850788
Bangladesh,2017,1811.082217
Barbados,2020,18347.11091
Barbados,1999,11244.30877
Barbados,2021,18696.7859
Barbados,2017,19692.76067
Barbados,2012,19034.0708
Barbados,2016,19065.80698
Barbados,1998,10734.36372
Barbados,2013,19308.00911
Barbados,2010,18860.38337
Barbados,2001,11639.51605
Barbados,2003,12075.9587
Barbados,2019,20583.72658
Barbados,2005,14214.42022
Barbados,2000,11674.67365
Barbados,2011,19345.99531
Barbados,2002,11760.45247
Barbados,2004,12886.36653
Barbados,2018,20055.91587
Barbados,2023,23804.02499
Barbados,2006,15619.6006
Barbados,2008,17565.693
Barbados,2022,22164.02603
Barbados,2007,17235.43964
Barbados,2014,19277.94236
Barbados,2009,16294.90995
Barbados,2015,18954.29137
Belarus,2001,1244.373185
Belarus,2003,1819.526531
Belarus,2002,1479.380663
Belarus,2004,2378.337005
Belarus,2018,6360.053101
Belarus,2005,3126.071767
Belarus,2017,5785.533977
Belarus,2011,6527.659343
Belarus,1998,1511.259791
Belarus,2007,4735.481076
Belarus,2012,6953.215917
Belarus,2016,5039.775609
Belarus,2010,6034.678852
Belarus,2023,7829.053137
Belarus,2014,8341.290143
Belarus,2022,7994.648061
Belarus,2015,5967.06856
Belarus,2021,7489.718947
Belarus,2019,6837.768321
Belarus,2000,1276.280381
Belarus,2009,5352.488092
Belarus,2006,3848.223503
Belarus,2013,7998.080205
Belarus,2020,6542.86454
Belarus,2008,6376.175692
Belarus,1999,1210.587439
Belgium,2002,25006.1914
Belgium,2012,44874.17092
Belgium,2000,23098.88651
Belgium,2009,44923.34001
Belgium,2014,47995.7787
Belgium,2018,47487.21004
Belgium,2023,54700.90932
Belgium,2010,44197.39367
Belgium,2016,41854.54983
Belgium,2008,48303.39796
Belgium,2013,46964.59468
Belgium,2022,50807.20471
Belgium,2001,23015.07126
Belgium,2004,35429.40779
Belgium,2005,36809.70134
Belgium,2017,44035.32394
Belgium,2019,46716.62275
Belgium,2020,45906.28758
Belgium,2015,40893.80454
Belgium,1998,25338.44329
Belgium,2007,44319.16545
Belgium,1999,25252.80191
Belgium,2011,47760.82988
Belgium,2021,51655.78833
Belgium,2006,38705.1068
Belgium,2003,30655.20927
Belize,2023,7459.998151
Belize,2004,5156.098171
Belize,1999,4291.831682
Belize,2018,6031.281396
Belize,2006,5527.167759
Belize,2014,6128.142885
Belize,2002,4861.743142
Belize,2013,5950.202999
Belize,2019,6190.047923
Belize,1998,4127.937186
Belize,2016,6142.498732
Belize,2011,5582.221706
Belize,2008,5713.281268
Belize,2010,5451.138972
Belize,2000,4729.670804
Belize,2017,6072.582676
Belize,2003,4962.08962
Belize,2009,5401.229631
Belize,2020,5227.193638
Belize,2015,6154.495935
Belize,2012,5709.689188
Belize,2022,7068.454783
Belize,2007,5765.281999
Belize,2005,5272.744172
Belize,2001,4721.816257
Belize,2021,6122.611586
Benin,2019,1130.821353
Benin,2008,1060.602545
Benin,2017,1054.974081
Benin,2015,1002.418869
Benin,2020,1197.501364
Benin,2022,1264.70766
Benin,2006,809.1470725
Benin,2011,1059.413589
Benin,2004,758.6958038
Benin,2009,1024.102779
Benin,2010,973.2442545
Benin,2023,1394.373302
Benin,2013,1168.926993
Benin,2001,492.4014995
Benin,2018,1151.74097
Benin,2002,546.4638297
Benin,2007,912.3382472
Benin,2005,779.4377778
Benin,2016,1010.533896
Benin,2014,1204.399187
Benin,1998,361.6019831
Benin,2000,487.4241414
Benin,2012,1071.525836
Benin,2021,1318.834978
Benin,2003,676.0028781
Benin,1999,525.1305972
Bermuda,2003,67106.80281
Bermuda,1999,54388.34173
Bermuda,2018,113204.8221
Bermuda,2019,115798.0408
Bermuda,2020,106973.1757
Bermuda,2002,63358.56587
Bermuda,2015,104855.3668
Bermuda,2008,110268.5624
Bermuda,2011,99049.01699
Bermuda,1998,51629.28149
Bermuda,2007,107395.6515
Bermuda,2016,108747.3561
Bermuda,2010,104111.8242
Bermuda,2022,120897.3112
Bermuda,2012,100213.4934
Bermuda,2009,104711.7124
Bermuda,2004,71692.1589
Bermuda,2021,112712.0251
Bermuda,2013,101704.4075
Bermuda,2014,100961.5766
Bermuda,2023,125841.6025
Bermuda,2017,112339.4256
Bermuda,2006,97781.4559
Bermuda,2000,56542.95695
Bermuda,2005,77628.10352
Bermuda,2001,59490.2452
Bhutan,2001,812.2382108
Bhutan,2005,1299.949386
Bhutan,2008,1919.597749
Bhutan,2016,3152.309051
Bhutan,1999,685.4198306
Bhutan,2006,1405.607162
Bhutan,2009,1918.395992
Bhutan,2015,2954.04082
Bhutan,2004,1130.359346
Bhutan,2022,3711.327679
Bhutan,2011,2787.979677
Bhutan,2007,1850.415704
Bhutan,2012,2751.212887
Bhutan,2000,771.9249114
Bhutan,2019,3576.879871
Bhutan,2020,3191.66907
Bhutan,2010,2435.579807
Bhutan,2021,3570.612579
Bhutan,2002,895.7994899
Bhutan,2013,2679.952172
Bhutan,2003,1022.382403
Bhutan,2014,2849.499987
Bhutan,1998,638.2789623
Bhutan,2018,3400.204172
Bhutan,2017,3435.288048
Bolivia,2002,888.221329
Bolivia,2018,3500.726422
Bolivia,2021,3384.844865
Bolivia,1999,979.344495
Bolivia,2003,893.0137602
Bolivia,2022,3643.92827
Bolivia,2004,953.1918932
Bolivia,2012,2575.598571
Bolivia,2000,975.7770604
Bolivia,2017,3306.303012
Bolivia,2015,2996.012898
Bolivia,2001,930.1682272
Bolivia,2007,1354.549059
Bolivia,2016,3035.873478
Bolivia,2020,3099.94219
Bolivia,2023,3686.279965
Bolivia,2008,1692.672485
Bolivia,1998,1022.145065
Bolivia,2019,3503.896011
Bolivia,2014,3041.435031
Bolivia,2005,1020.123262
Bolivia,2013,2870.02377
Bolivia,2009,1731.181721
Bolivia,2006,1202.711504
Bolivia,2011,2315.521219
Bolivia,2010,1929.783731
Bosnia and Herzegovina,2016,4928.566525
Bosnia and Herzegovina,2010,4506.478285
Bosnia and Herzegovina,2003,2033.947009
Bosnia and Herzegovina,2023,8638.666202
Bosnia and Herzegovina,1998,1006.704797
Bosnia and Herzegovina,2021,7295.343824
Bosnia and Herzegovina,2011,4982.693758
Bosnia and Herzegovina,2020,6130.311332
Bosnia and Herzegovina,2017,5345.019855
Bosnia and Herzegovina,2001,1387.893651
Bosnia and Herzegovina,2015,4662.258837
Bosnia and Herzegovina,2009,4539.918638
Bosnia and Herzegovina,2022,7655.59421
Bosnia and Herzegovina,2007,3931.489487
Bosnia and Herzegovina,2013,5034.56616
Bosnia and Herzegovina,2018,6047.845843
Bosnia and Herzegovina,2005,2739.610769
Bosnia and Herzegovina,1999,1134.60298
Bosnia and Herzegovina,2012,4693.788991
Bosnia and Herzegovina,2006,3166.128653
Bosnia and Herzegovina,2004,2452.686168
Bosnia and Herzegovina,2000,1338.480596
Bosnia and Herzegovina,2002,1606.546722
Bosnia and Herzegovina,2014,5206.065583
Bosnia and Herzegovina,2008,4841.693119
Bosnia and Herzegovina,2019,6122.375345
Botswana,2005,5391.070766
Botswana,2011,7287.382953
Botswana,2017,7104.964011
Botswana,2020,6323.314192
Botswana,2000,3450.811806
Botswana,2018,7407.959401
Botswana,1999,3339.99596
Botswana,2010,6215.732161
Botswana,2002,3117.250872
Botswana,1998,2981.196397
Botswana,2001,3206.071237
Botswana,2003,4230.123269
Botswana,2007,5529.125746
Botswana,2023,7820.232404
Botswana,2006,5291.583791
Botswana,2012,6595.53845
Botswana,2004,4956.692877
Botswana,2022,8329.040322
Botswana,2019,7172.089565
Botswana,2015,6141.203947
Botswana,2021,7808.20624
Botswana,2016,6749.059943
Botswana,2008,5503.073953
Botswana,2013,6666.912196
Botswana,2009,5082.933883
Botswana,2014,7122.364234
Brazil,2006,5934.144711
Brazil,2001,3176.289357
Brazil,2020,7074.193783
Brazil,2003,3090.60701
Brazil,2004,3663.823188
Brazil,1999,3493.571625
Brazil,2002,2855.940189
Brazil,1998,5105.890995
Brazil,2008,8908.331766
Brazil,2016,8836.286526
Brazil,2007,7409.691307
Brazil,2021,7972.53665
Brazil,2015,8936.196618
Brazil,2011,13396.62436
Brazil,2012,12521.72135
Brazil,2014,12274.99397
Brazil,2023,10294.86668
Brazil,2000,3766.548115
Brazil,2009,8678.659225
Brazil,2018,9300.661649
Brazil,2017,10080.50928
Brazil,2010,11403.28213
Brazil,2022,9281.333344
Brazil,2019,9029.833267
Brazil,2013,12458.89121
Brazil,2005,4827.781731
Brunei Darussalam,2003,20677.90012
Brunei Darussalam,2010,34937.55552
Brunei Darussalam,1999,19752.20132
Brunei Darussalam,2018,30988.11905
Brunei Darussalam,2002,18621.29227
Brunei Darussalam,2017,28024.38246
Brunei Darussalam,2019,30426.57303
Brunei Darussalam,1998,17769.24636
Brunei Darussalam,2008,42156.56852
Brunei Darussalam,2000,20130.25715
Brunei Darussalam,2013,44003.06443
Brunei Darussalam,2015,30625.12873
Brunei Darussalam,2016,26663.29732
Brunei Darussalam,2004,24423.09477
Brunei Darussalam,2022,36632.92804
Brunei Darussalam,2021,31006.96362
Brunei Darussalam,2007,36217.3291
Brunei Darussalam,2012,46968.59711
Brunei Darussalam,2020,26834.35925
Brunei Darussalam,2009,30946.46743
Brunei Darussalam,2011,46382.82745
Brunei Darussalam,2014,41026.50839
Brunei Darussalam,2001,18287.82717
Brunei Darussalam,2023,32962.90651
Brunei Darussalam,2005,29386.27036
Brunei Darussalam,2006,34674.7996
Bulgaria,2022,13644.20158
Bulgaria,2007,5888.776852
Bulgaria,2011,7857.16707
Bulgaria,2003,2719.494369
Bulgaria,2023,15885.53913
Bulgaria,2013,7687.713682
Bulgaria,1998,1820.448664
Bulgaria,2018,9436.144799
Bulgaria,1999,1659.718611
Bulgaria,2020,10198.53883
Bulgaria,2008,7271.303389
Bulgaria,2002,2092.982886
Bulgaria,2001,1770.907049
Bulgaria,2021,12274.0776
Bulgaria,2016,7570.931655
Bulgaria,2009,6988.273163
Bulgaria,2005,3899.825963
Bulgaria,2012,7430.73738
Bulgaria,2010,6863.667068
Bulgaria,2000,1621.262107
Bulgaria,2019,9838.60059
Bulgaria,2004,3389.687434
Bulgaria,2017,8381.881346
Bulgaria,2015,7078.860323
Bulgaria,2014,7912.274844
Bulgaria,2006,4523.146558
Burkina Faso,2020,825.2370388
Burkina Faso,2000,248.9085269
Burkina Faso,2010,624.9572522
Burkina Faso,1999,292.8369587
Burkina Faso,2008,619.4375333
Burkina Faso,2009,601.5695207
Burkina Faso,2023,882.6898101
Burkina Faso,1998,249.5317329
Burkina Faso,2018,777.4656185
Burkina Faso,2016,663.7423648
Burkina Faso,2012,731.4701389
Burkina Faso,2022,836.1183046
Burkina Faso,2011,725.0247677
Burkina Faso,2002,285.6540876
Burkina Faso,2001,259.4852234
Burkina Faso,2013,759.7620652
Burkina Faso,2005,441.164148
Burkina Faso,2007,514.6844512
Burkina Faso,2019,764.8530778
Burkina Faso,2017,709.0915359
Burkina Faso,2003,362.3739
Burkina Faso,2021,895.5352884
Burkina Faso,2006,455.5136556
Burkina Faso,2004,403.8128374
Burkina Faso,2014,764.8616751
Burkina Faso,2015,630.1247508
Burundi,2007,166.1627449
Burundi,2008,189.5020746
Burundi,2022,250.6342254
Burundi,2021,214.0914554
Burundi,2011,230.0705774
Burundi,2001,132.1595545
Burundi,2002,120.9523086
Burundi,2009,199.097633
Burundi,2014,250.5404811
Burundi,2017,236.6944726
Burundi,1999,127.5141958
Burundi,2013,234.8430454
Burundi,2006,161.8927556
Burundi,2012,231.6884964
Burundi,2003,111.4066828
Burundi,2018,224.8993924
Burundi,2015,280.9668313
Burundi,1998,144.4569483
Burundi,2023,193.0071456
Burundi,2019,210.2364945
Burundi,2016,235.2862054
Burundi,2004,125.1949652
Burundi,2010,216.7277053
Burundi,2000,134.5378618
Burundi,2005,147.2346193
Burundi,2020,210.0081399
Cabo Verde,1998,1186.742948
Cabo Verde,2013,3960.975968
Cabo Verde,2018,4294.965105
Cabo Verde,2019,4380.781192
Cabo Verde,2011,4002.013869
Cabo Verde,2004,1929.490815
Cabo Verde,2008,3908.648858
Cabo Verde,2015,3415.062667
Cabo Verde,2009,3659.720464
Cabo Verde,2020,3539.22662
Cabo Verde,1999,1326.744669
Cabo Verde,2012,3736.81517
Cabo Verde,2017,3893.095723
Cabo Verde,2014,3985.607065
Cabo Verde,2001,1223.330553
Cabo Verde,2023,4850.984158
Cabo Verde,2007,3324.576752
Cabo Verde,2000,1189.514793
Cabo Verde,2010,3579.460061
Cabo Verde,2006,2256.996662
Cabo Verde,2016,3608.966066
Cabo Verde,2022,4323.313627
Cabo Verde,2003,1717.975654
Cabo Verde,2021,3971.444074
Cabo Verde,2005,2004.146804
Cabo Verde,2002,1328.578743
Cambodia,2011,1088.981528
Cambodia,2014,1431.563965
Cambodia,2023,2429.748535
Cambodia,2015,1547.320104
Cambodia,1999,286.7535964
Cambodia,2007,731.6922951
Cambodia,2016,1675.195557
Cambodia,2006,612.2526486
Cambodia,2000,296.4266875
Cambodia,2010,952.2746163
Cambodia,2021,2167.403242
Cambodia,2013,1305.660097
Cambodia,2017,1826.353917
Cambodia,1998,258.7809532
Cambodia,2009,875.7489362
Cambodia,2004,444.1990675
Cambodia,2003,386.6911239
Cambodia,2005,525.7973251
Cambodia,2018,2036.673776
Cambodia,2008,866.2839998
Cambodia,2022,2325.0305
Cambodia,2012,1192.80263
Cambodia,2019,2225.877055
Cambodia,2002,350.1472766
Cambodia,2001,327.5009843
Cambodia,2020,2081.739142
Cameroon,1999,796.2626498
Cameroon,2005,1142.624663
Cameroon,2008,1492.142698
Cameroon,1998,798.7456214
Cameroon,2011,1513.96057
Cameroon,2015,1415.000097
Cameroon,2018,1610.696416
Cameroon,2002,789.6238111
Cameroon,2019,1555.226605
Cameroon,2004,1133.393267
Cameroon,2009,1461.389992
Cameroon,2021,1672.326573
Cameroon,2014,1649.443391
Cameroon,2016,1441.720173
Cameroon,2017,1496.089518
Cameroon,2001,715.4702965
Cameroon,2007,1325.672482
Cameroon,2012,1449.098744
Cameroon,2013,1575.928821
Cameroon,2020,1555.603707
Cameroon,2022,1604.87727
Cameroon,2006,1191.45459
Cameroon,2003,988.2412768
Cameroon,2023,1736.860911
Cameroon,2010,1398.58702
Cameroon,2000,708.5657316
Canada,2004,32145.54126
Canada,2023,53431.18571
Canada,2016,42314.06158
Canada,2015,43594.1941
Canada,2003,28301.86459
Canada,1999,22315.24667
Canada,2021,52496.84417
Canada,2010,47560.6666
Canada,2013,52638.11872
Canada,2018,46539.17616
Canada,2000,24271.00206
Canada,2001,23822.09621
Canada,2022,55509.39318
Canada,2005,36383.66001
Canada,2020,43537.8393
Canada,2009,40874.88319
Canada,2006,40504.0371
Canada,2019,46352.86934
Canada,2014,50960.84312
Canada,2011,52223.85884
Canada,1998,21024.58507
Canada,2008,46710.25269
Canada,2017,45129.62812
Canada,2007,44660.08389
Canada,2012,52670.34473
Canada,2002,24256.01923
Caribbean small states,2006,9344.431642
Caribbean small states,2022,15564.55762
Caribbean small states,2005,8063.660513
Caribbean small states,2013,11336.21604
Caribbean small states,1999,6353.305409
Caribbean small states,1998,6038.837303
Caribbean small states,2002,6957.15483
Caribbean small states,2007,10042.3691
Caribbean small states,2009,10122.42306
Caribbean small states,2016,11358.70308
Caribbean small states,2004,7417.591195
Caribbean small states,2018,12047.85281
Caribbean small states,2001,6628.936948
Caribbean small states,2008,10440.09329
Caribbean small states,2023,16906.56721
Caribbean small states,2000,6626.895152
Caribbean small states,2011,10801.13891
Caribbean small states,2020,10270.79047
Caribbean small states,2003,7098.968544
Caribbean small states,2019,12356.32164
Caribbean small states,2010,10638.16939
Caribbean small states,2014,11603.94055
Caribbean small states,2012,11305.60619
Caribbean small states,2021,11920.34276
Caribbean small states,2015,11835.28722
Caribbean small states,2017,11775.3905
Cayman Islands,2014,75845.30604
Cayman Islands,2007,89888.26182
Cayman Islands,2006,87085.09374
Cayman Islands,2022,92202.1478
Cayman Islands,2011,75280.96076
Cayman Islands,2019,88254.29037
Cayman Islands,2020,82338.79829
Cayman Islands,2010,76837.66996
Cayman Islands,2016,77802.25416
Cayman Islands,2012,75101.59136
Cayman Islands,2013,75113.73324
Cayman Islands,2021,86438.44526
Cayman Islands,2015,76379.20951
Cayman Islands,2008,89655.11962
Cayman Islands,2018,83865.55316
Cayman Islands,2023,97749.5079
Cayman Islands,2009,81373.57115
Cayman Islands,2017,80053.94445
Central African Republic,2017,432.3240257
Central African Republic,2007,380.8870488
Central African Republic,2009,456.4716739
Central African Republic,1999,267.995954
Central African Republic,2012,544.3958491
Central African Republic,1998,266.5705446
Central African Republic,2011,534.0572815
Central African Republic,2006,333.9425199
Central African Republic,2005,311.9500231
Central African Republic,2010,476.873787
Central African Republic,2002,248.639291
Central African Republic,2019,449.2284676
Central African Republic,2013,364.3669626
Central African Republic,2015,366.3228539
Central African Republic,2021,492.2631428
Central African Republic,2022,467.359825
Central African Republic,2008,437.2482747
Central African Republic,2018,455.2439629
Central African Republic,2001,237.9517025
Central African Republic,2000,239.1541337
Central African Republic,2004,303.4613212
Central African Republic,2014,409.850486
Central African Republic,2016,387.1762034
Central African Republic,2003,278.4039922
Central African Republic,2020,462.8790713
Central African Republic,2023,495.9788972
Central Europe and the Baltics,2001,4360.497477
Central Europe and the Baltics,2000,3959.094293
Central Europe and the Baltics,1998,4117.289296
Central Europe and the Baltics,2018,16181.60737
Central Europe and the Baltics,2010,12639.15404
Central Europe and the Baltics,2002,4941.084945
Central Europe and the Baltics,2007,11997.96322
Central Europe and the Baltics,2004,7181.262146
Central Europe and the Baltics,2021,19144.06855
Central Europe and the Baltics,2003,5949.73678
Central Europe and the Baltics,2013,13697.2993
Central Europe and the Baltics,2015,12568.29651
Central Europe and the Baltics,2016,12836.56663
Central Europe and the Baltics,2023,22637.79501
Central Europe and the Baltics,2009,12304.59125
Central Europe and the Baltics,1999,3997.132271
Central Europe and the Baltics,2011,14000.17927
Central Europe and the Baltics,2012,13107.50012
Central Europe and the Baltics,2008,14574.67278
Central Europe and the Baltics,2014,14183.71548
Central Europe and the Baltics,2020,16450.87751
Central Europe and the Baltics,2022,19502.81693
Central Europe and the Baltics,2019,16475.16148
Central Europe and the Baltics,2006,9467.802376
Central Europe and the Baltics,2017,14294.44702
Central Europe and the Baltics,2005,8353.572001
Chad,2005,643.8079293
Chad,2023,680.6398779
Chad,2003,289.0876211
Chad,2011,954.3168729
Chad,2008,905.6784319
Chad,2014,982.5275631
Chad,2012,936.141445
Chad,2018,695.6423937
Chad,2019,678.1420357
Chad,2022,671.7201476
Chad,2016,668.0786361
Chad,2000,163.1216637
Chad,2021,660.7471926
Chad,2017,640.1170485
Chad,2015,747.5884485
Chad,2009,781.143474
Chad,2007,780.581406
Chad,1998,219.7795309
Chad,2001,194.3229533
Chad,2013,946.1295831
Chad,2010,866.4396809
Chad,2020,622.0955434
Chad,2004,445.8507672
Chad,1999,186.6385311
Chad,2002,219.061392
Chad,2006,693.8545918
Channel Islands,2013,59304.85125
Channel Islands,2020,56785.94024
Channel Islands,2005,57647.11889
Channel Islands,2010,56121.63866
Channel Islands,2016,55950.14854
Channel Islands,2015,61852.07365
Channel Islands,2004,56259.53442
Channel Islands,2022,67627.30823
Channel Islands,2009,57778.54029
Channel Islands,2014,64700.74257
Channel Islands,2019,60568.10853
Channel Islands,2023,74589.13802
Channel Islands,2017,55806.57091
Channel Islands,2012,58813.93665
Channel Islands,2002,44459.73182
Channel Islands,2011,60419.23251
Channel Islands,2001,41873.74061
Channel Islands,2021,66912.17501
Channel Islands,2003,48570.77966
Channel Islands,2018,60783.35331
Channel Islands,2006,62745.10066
Channel Islands,1999,42443.71997
Channel Islands,1998,40472.66535
Channel Islands,2007,74139.97799
Channel Islands,2000,43479.19408
Chile,2009,10098.80172
Chile,2012,15241.907
Chile,2004,6120.591521
Chile,2005,7480.32331
Chile,1999,4933.555815
Chile,2007,10346.41382
Chile,2013,15683.54864
Chile,2022,15451.13196
Chile,2010,12632.87047
Chile,2021,16216.57065
Chile,2000,5052.992458
Chile,1998,5419.824173
Chile,2014,14529.67672
Chile,2018,15659.48087
Chile,2001,4563.595299
Chile,2020,13114.81547
Chile,2002,4430.847412
Chile,2017,14879.90862
Chile,2019,14495.71672
Chile,2008,10683.21888
Chile,2023,17067.81362
Chile,2003,4773.401775
Chile,2016,13649.85205
Chile,2015,13433.9203
Chile,2006,9318.656553
Chile,2011,14487.39278
China,2000,959.3604314
China,2012,6300.58218
China,2013,7020.386074
China,2005,1753.414192
China,2006,2099.21943
China,2014,7636.07434
China,2009,3832.227457
China,2003,1288.637491
China,2018,9905.406383
China,2010,4550.473944
China,2016,8094.390167
China,2021,12617.5051
China,2001,1053.112314
China,2022,12662.58267
China,2002,1148.514257
China,2023,12614.06174
China,2004,1508.667916
China,2017,8817.045608
China,2007,2693.958732
China,2019,10143.86022
China,2011,5614.386022
China,2015,8016.445595
China,2008,3468.327063
China,1998,828.594691
China,2020,10408.71955
China,1999,873.2923363
Colombia,2008,5541.836297
Colombia,2003,2311.942188
Colombia,2002,2428.929698
Colombia,2019,6472.545449
Colombia,2009,5250.972924
Colombia,2021,6222.621644
Colombia,2012,8108.598382
Colombia,2011,7400.99407
Colombia,2004,2818.571954
Colombia,2006,3789.853612
Colombia,2015,6248.514905
Colombia,2020,5339.687114
Colombia,2001,2472.99084
Colombia,2023,6947.359287
Colombia,1998,2605.999381
Colombia,2010,6398.295845
Colombia,2000,2555.00751
Colombia,2007,4769.926147
Colombia,1999,2243.64205
Colombia,2017,6479.532313
Colombia,2013,8279.102556
Colombia,2022,6674.596019
Colombia,2018,6816.968183
Colombia,2016,5959.842504
Colombia,2005,3456.066109
Colombia,2014,8187.208249
Comoros,2010,1386.574243
Comoros,2001,691.6999088
Comoros,2009,1410.30517
Comoros,2022,1489.495663
Comoros,2017,1423.924803
Comoros,2011,1531.437894
Comoros,2012,1490.315114
Comoros,2007,1289.736311
Comoros,2008,1455.027686
Comoros,2020,1527.16991
Comoros,2016,1365.484034
Comoros,2013,1603.327971
Comoros,2023,1590.312377
Comoros,2004,1091.272164
Comoros,2000,655.0077967
Comoros,2005,1103.206585
Comoros,2014,1615.717237
Comoros,2015,1329.370482
Comoros,1998,716.4322401
Comoros,2002,762.1169303
Comoros,2018,1540.711323
Comoros,2006,1154.904223
Comoros,2019,1519.263864
Comoros,2003,959.7878945
Comoros,1999,727.2583601
Comoros,2021,1584.124502
"Congo, Dem. Rep.",2018,528.2560198
"Congo, Dem. Rep.",2016,442.3104721
"Congo, Dem. Rep.",2013,431.1915282
"Congo, Dem. Rep.",2010,314.5385863
"Congo, Dem. Rep.",2003,161.4915535
"Congo, Dem. Rep.",2006,238.4176394
"Congo, Dem. Rep.",2017,436.5845347
"Congo, Dem. Rep.",2007,267.8885088
"Congo, Dem. Rep.",1999,96.31922435
"Congo, Dem. Rep.",2000,377.9254215
"Congo, Dem. Rep.",2023,627.5021817
"Congo, Dem. Rep.",1998,131.4613484
"Congo, Dem. Rep.",2022,642.6122658
"Congo, Dem. Rep.",2005,203.5616689
"Congo, Dem. Rep.",2020,507.5212301
"Congo, Dem. Rep.",2004,180.664765
"Congo, Dem. Rep.",2011,364.7141918
"Congo, Dem. Rep.",2008,307.3196386
"Congo, Dem. Rep.",2009,280.7980515
"Congo, Dem. Rep.",2014,458.0045418
"Congo, Dem. Rep.",2012,400.0599018
"Congo, Dem. Rep.",2019,557.0441613
"Congo, Dem. Rep.",2001,142.6781426
"Congo, Dem. Rep.",2015,467.9145805
"Congo, Dem. Rep.",2021,558.0340773
"Congo, Dem. Rep.",2002,162.3805291
"Congo, Rep.",2007,2206.471019
"Congo, Rep.",2009,2271.152192
"Congo, Rep.",2023,2477.978455
"Congo, Rep.",2010,2946.557981
"Congo, Rep.",2000,1024.301591
"Congo, Rep.",2015,2439.351894
"Congo, Rep.",2001,854.5983144
"Congo, Rep.",2004,1306.101363
"Congo, Rep.",2014,3601.236581
"Congo, Rep.",1998,660.3797751
"Congo, Rep.",1999,776.4163497
"Congo, Rep.",2020,1993.586672
"Congo, Rep.",2016,2093.107286
"Congo, Rep.",2022,2620.838043
"Congo, Rep.",2021,2516.162551
"Congo, Rep.",2012,3732.327373
"Congo, Rep.",2018,2694.434132
"Congo, Rep.",2002,905.5381355
"Congo, Rep.",2003,1016.823634
"Congo, Rep.",2008,2832.091778
"Congo, Rep.",2017,2211.633099
"Congo, Rep.",2005,1799.051584
"Congo, Rep.",2006,2103.582138
"Congo, Rep.",2013,3697.417059
"Congo, Rep.",2011,3396.165058
"Congo, Rep.",2019,2488.424667
Costa Rica,2008,6937.242616
Costa Rica,2021,12838.11854
Costa Rica,2001,3985.129845
Costa Rica,2003,4173.148564
Costa Rica,2000,3812.753883
Costa Rica,2014,10911.49788
Costa Rica,1998,3617.457567
Costa Rica,1999,3690.961548
Costa Rica,2018,12590.24938
Costa Rica,2005,4703.007218
Costa Rica,2002,4067.718514
Costa Rica,2019,12884.686
Costa Rica,2009,6832.698299
Costa Rica,2015,11714.7106
Costa Rica,2004,4431.011721
Costa Rica,2011,9276.391075
Costa Rica,2020,12394.0494
Costa Rica,2012,10126.9991
Costa Rica,2017,12317.09028
Costa Rica,2013,10803.2402
Costa Rica,2016,12091.03016
Costa Rica,2007,6137.711999
Costa Rica,2023,16942.02681
Costa Rica,2022,13625.90085
Costa Rica,2010,8265.788203
Costa Rica,2006,5256.596409
Cote d'Ivoire,2001,924.727295
Cote d'Ivoire,2018,2130.866194
Cote d'Ivoire,2000,936.6365413
Cote d'Ivoire,2010,1553.54887
Cote d'Ivoire,2023,2530.846593
Cote d'Ivoire,2016,1862.595971
Cote d'Ivoire,2007,1367.538177
Cote d'Ivoire,2019,2141.768362
Cote d'Ivoire,2011,1596.628266
Cote d'Ivoire,2005,1197.74617
Cote d'Ivoire,2004,1199.825245
Cote d'Ivoire,2015,1814.718551
Cote d'Ivoire,2022,2308.706547
Cote d'Ivoire,2009,1540.453936
Cote d'Ivoire,2002,967.8158644
Cote d'Ivoire,2008,1583.970667
Cote d'Ivoire,2003,1111.171351
Cote d'Ivoire,2021,2455.981276
Cote d'Ivoire,1999,1096.135206
Cote d'Ivoire,1998,1177.371338
Cote d'Ivoire,2014,1991.365394
Cote d'Ivoire,2017,1964.299303
Cote d'Ivoire,2012,1546.946018
Cote d'Ivoire,2006,1230.430568
Cote d'Ivoire,2013,1786.15862
Cote d'Ivoire,2020,2179.729348
Croatia,2006,11502.75312
Croatia,2008,15889.43471
Croatia,2007,13757.60565
Croatia,2023,21865.45628
Croatia,2010,13731.28652
Croatia,2011,14694.99932
Croatia,2005,10443.52784
Croatia,2009,14475.96329
Croatia,2012,13508.6837
Croatia,2004,9718.973228
Croatia,2014,14187.96945
Croatia,2015,12285.30326
Croatia,2022,18466.09555
Croatia,1998,5712.589857
Croatia,2020,14808.46202
Croatia,1999,5269.033946
Croatia,2002,6219.581641
Croatia,2000,4953.651588
Croatia,2016,12821.17381
Croatia,2003,8190.111352
Croatia,2017,13902.63105
Croatia,2018,15460.41833
Croatia,2013,14136.39677
Croatia,2001,5364.838247
Croatia,2021,17789.93047
Croatia,2019,15563.81674
Cuba,2012,6470.836734
Cuba,2016,8110.55874
Cuba,2013,6828.364282
Cuba,2007,4807.43889
Cuba,2005,3786.337992
Cuba,2019,9232.261159
Cuba,2000,2751.381771
Cuba,2011,6104.461052
Cuba,2004,3399.219629
Cuba,2015,7727.919972
Cuba,2002,3005.211042
Cuba,2014,7146.704591
Cuba,2008,4986.124365
Cuba,2020,9605.261251
Cuba,2006,4329.98266
Cuba,2009,5089.235198
Cuba,2003,3202.781099
Cuba,1999,2561.779804
Cuba,2018,8911.46206
Cuba,1998,2332.306561
Cuba,2001,2842.967043
Cuba,2010,5272.267558
Cuba,2017,8610.608295
Curacao,2020,16356.09336
Curacao,2012,19809.82232
Curacao,2010,19847.23101
Curacao,2019,19220.6867
Curacao,2008,19423.33524
Curacao,2009,19540.24766
Curacao,2003,16695.73511
Curacao,2018,19119.12439
Curacao,2016,18944.09615
Curacao,2022,20501.75228
Curacao,2011,19426.32638
Curacao,2000,15841.26124
Curacao,2015,19361.813
Curacao,2014,19623.02999
Curacao,2006,17400.16378
Curacao,2023,22192.4453
Curacao,2021,17980.08884
Curacao,2017,18938.24405
Curacao,2005,17032.33566
Curacao,2004,16671.34034
Curacao,2002,16723.69253
Curacao,2013,19721.29216
Curacao,2007,18005.71659
Curacao,2001,16609.84545
Cyprus,2001,14821.44922
Cyprus,2011,32485.79688
Cyprus,2017,26696.99023
Cyprus,2014,27244.35156
Cyprus,2022,33938.94531
Cyprus,2019,29703.05273
Cyprus,2004,23792.61914
Cyprus,2002,16093.21582
Cyprus,2010,31105.02734
Cyprus,2003,20252.24609
Cyprus,2000,14388.35254
Cyprus,2005,24959.26172
Cyprus,2021,33734.29297
Cyprus,2007,31244.87891
Cyprus,2023,36551.41797
Cyprus,2018,29599.98633
Cyprus,1998,15092.82813
Cyprus,2006,26729.28125
Cyprus,2008,35397.29688
Cyprus,2016,24715.1543
Cyprus,1999,15287.91797
Cyprus,2009,32236.44922
Cyprus,2012,28991.93555
Cyprus,2020,28649.01563
Cyprus,2015,23487.22852
Cyprus,2013,27797.45703
Czechia,2006,15259.07882
Czechia,2020,23472.89155
Czechia,2002,8101.260186
Czechia,1999,6377.621108
Czechia,2014,20038.41632
Czechia,2021,27696.46195
Czechia,2008,22774.70451
Czechia,1998,6526.596358
Czechia,2019,24062.719
Czechia,2015,17931.59877
Czechia,2003,9852.456779
Czechia,2005,13442.49163
Czechia,2007,18452.65328
Czechia,2023,31591.17707
Czechia,2018,23705.93298
Czechia,2016,18753.96867
Czechia,2009,19817.42158
Czechia,2012,20014.0354
Czechia,2001,6669.074948
Czechia,2000,6062.921528
Czechia,2013,20260.4955
Czechia,2011,22049.10808
Czechia,2004,11782.55467
Czechia,2010,20160.43551
Czechia,2022,28282.22367
Czechia,2017,20913.19763
Denmark,2011,61809.7379
Denmark,2010,58104.54456
Denmark,2019,59404.26632
Denmark,2020,60985.48856
Denmark,2016,54500.92604
Denmark,2000,30722.02518
Denmark,2002,33257.16226
Denmark,2005,48925.80767
Denmark,2004,46625.0501
Denmark,1999,33426.23811
Denmark,2023,68453.87693
Denmark,2017,57521.5515
Denmark,2001,30768.47755
Denmark,2018,61324.7665
Denmark,2008,64616.66576
Denmark,2009,58412.74724
Denmark,2015,53094.01336
Denmark,2003,40519.09749
Denmark,2014,62520.45097
Denmark,2006,52119.1788
Denmark,2013,61377.59406
Denmark,2022,68091.31911
Denmark,1998,33346.48843
Denmark,2021,69727.98737
Denmark,2012,58443.77471
Denmark,2007,58631.65664
Djibouti,2018,2718.085323
Djibouti,2022,3231.300153
Djibouti,2019,2837.171033
Djibouti,2014,2208.678103
Djibouti,2008,1119.152333
Djibouti,2002,743.0132704
Djibouti,2016,2510.430008
Djibouti,1998,735.3491079
Djibouti,2011,1306.345528
Djibouti,2007,969.5732202
Djibouti,2006,898.4646281
Djibouti,2021,3019.693439
Djibouti,2009,1150.937586
Djibouti,2017,2618.955211
Djibouti,2010,1213.233526
Djibouti,2020,2881.999245
Djibouti,2005,844.4483574
Djibouti,2004,806.2616529
Djibouti,2003,764.6344652
Djibouti,2001,742.1337911
Djibouti,2012,1400.193579
Djibouti,2023,3554.839189
Djibouti,2013,2074.296689
Djibouti,2015,2376.125547
Djibouti,1999,740.2193098
Djibouti,2000,737.6121836
Dominica,2023,9832.996431
Dominica,2019,9009.090115
Dominica,2010,7171.552389
Dominica,2003,5009.573932
Dominica,2018,8137.565206
Dominica,2002,4873.6422
Dominica,2004,5348.949001
Dominica,2006,5671.770657
Dominica,2015,7679.832936
Dominica,2007,6120.442054
Dominica,2014,7395.302597
Dominica,2000,4867.398963
Dominica,1998,4664.242681
Dominica,2013,7147.619541
Dominica,2005,5299.495964
Dominica,2001,4981.895849
Dominica,2017,7614.34028
Dominica,2020,7461.779332
Dominica,2012,7031.399871
Dominica,2009,7102.02826
Dominica,2011,7255.672106
Dominica,2022,9085.674128
Dominica,2021,8262.650913
Dominica,2016,8278.447686
Dominica,2008,6654.499214
Dominica,1999,4817.181055
Dominican Republic,2012,6025.725827
Dominican Republic,2004,2451.691616
Dominican Republic,2007,4649.645589
Dominican Republic,2009,4977.798844
Dominican Republic,2022,10109.5234
Dominican Republic,2019,8164.220809
Dominican Republic,2013,6149.027489
Dominican Republic,2011,5834.705907
Dominican Republic,2005,3878.312067
Dominican Republic,2018,7934.981412
Dominican Republic,2000,2831.458836
Dominican Republic,2016,7174.823496
Dominican Republic,2023,10717.62767
Dominican Republic,2006,4055.142703
Dominican Republic,2008,5026.840911
Dominican Republic,2003,2383.261718
Dominican Republic,2014,6512.507714
Dominican Republic,2001,2935.893673
Dominican Republic,2010,5484.646379
Dominican Republic,2002,3065.603295
Dominican Republic,2020,7162.291752
Dominican Republic,1998,2607.854573
Dominican Republic,2021,8472.47982
Dominican Republic,2015,6819.932252
Dominican Republic,2017,7499.692862
Dominican Republic,1999,2620.889682
Early-demographic dividend,2020,3240.951502
Early-demographic dividend,2007,2341.1199
Early-demographic dividend,2011,3259.608089
Early-demographic dividend,2012,3356.981832
Early-demographic dividend,2001,1310.876994
Early-demographic dividend,2016,3262.320018
Early-demographic dividend,2014,3424.550259
Early-demographic dividend,2000,1345.960967
Early-demographic dividend,2005,1787.409549
Early-demographic dividend,2023,4256.784144
Early-demographic dividend,2013,3357.744756
Early-demographic dividend,1998,1209.046347
Early-demographic dividend,2009,2455.417372
Early-demographic dividend,1999,1254.859343
Early-demographic dividend,2017,3496.771648
Early-demographic dividend,2021,3732.868491
Early-demographic dividend,2008,2592.625295
Early-demographic dividend,2018,3503.213201
Early-demographic dividend,2010,2936.705309
Early-demographic dividend,2022,4076.367491
Early-demographic dividend,2004,1562.5943
Early-demographic dividend,2015,3211.780127
Early-demographic dividend,2019,3527.543272
Early-demographic dividend,2002,1251.00893
Early-demographic dividend,2003,1368.161337
Early-demographic dividend,2006,2010.14276
East Asia & Pacific,2015,9562.106164
East Asia & Pacific,2016,9832.130363
East Asia & Pacific,1999,3813.612615
East Asia & Pacific,2008,6514.168316
East Asia & Pacific,2010,7712.665045
East Asia & Pacific,2020,11464.10129
East Asia & Pacific,2012,9416.215899
East Asia & Pacific,2000,4086.518124
East Asia & Pacific,2021,13117.39899
East Asia & Pacific,2009,6654.358927
East Asia & Pacific,2002,3793.345415
East Asia & Pacific,2004,4606.368383
East Asia & Pacific,2006,5131.872991
East Asia & Pacific,2014,9672.058568
East Asia & Pacific,2023,12908.63771
East Asia & Pacific,2022,12889.9062
East Asia & Pacific,2013,9446.409165
East Asia & Pacific,2017,10428.63218
East Asia & Pacific,2007,5691.537335
East Asia & Pacific,2011,8875.655491
East Asia & Pacific,2005,4878.311076
East Asia & Pacific,2003,4138.943938
East Asia & Pacific,2018,11285.89723
East Asia & Pacific,1998,3448.60462
East Asia & Pacific,2001,3765.764966
East Asia & Pacific,2019,11458.79584
East Asia & Pacific (IDA & IBRD countries),2006,1979.022054
East Asia & Pacific (IDA & IBRD countries),2012,5425.752997
East Asia & Pacific (IDA & IBRD countries),2000,965.9156055
East Asia & Pacific (IDA & IBRD countries),2004,1441.454268
East Asia & Pacific (IDA & IBRD countries),2018,8014.497663
East Asia & Pacific (IDA & IBRD countries),2017,7213.360718
East Asia & Pacific (IDA & IBRD countries),2009,3353.094235
East Asia & Pacific (IDA & IBRD countries),2010,4050.730807
East Asia & Pacific (IDA & IBRD countries),2016,6649.86736
East Asia & Pacific (IDA & IBRD countries),1998,814.2029769
East Asia & Pacific (IDA & IBRD countries),2020,8338.13776
East Asia & Pacific (IDA & IBRD countries),1999,886.7178037
East Asia & Pacific (IDA & IBRD countries),2007,2482.215108
East Asia & Pacific (IDA & IBRD countries),2005,1656.340649
East Asia & Pacific (IDA & IBRD countries),2023,10011.99413
East Asia & Pacific (IDA & IBRD countries),2008,3116.137036
East Asia & Pacific (IDA & IBRD countries),2019,8245.101611
East Asia & Pacific (IDA & IBRD countries),2013,5934.337562
East Asia & Pacific (IDA & IBRD countries),2014,6347.420969
East Asia & Pacific (IDA & IBRD countries),2001,1018.025081
East Asia & Pacific (IDA & IBRD countries),2002,1116.71958
East Asia & Pacific (IDA & IBRD countries),2021,9905.154404
East Asia & Pacific (IDA & IBRD countries),2003,1253.302033
East Asia & Pacific (IDA & IBRD countries),2022,10012.44947
East Asia & Pacific (IDA & IBRD countries),2015,6556.498726
East Asia & Pacific (IDA & IBRD countries),2011,4909.301567
East Asia & Pacific (excluding high income),2010,4004.410055
East Asia & Pacific (excluding high income),2023,9900.613565
East Asia & Pacific (excluding high income),2007,2453.504419
East Asia & Pacific (excluding high income),2019,8153.621406
East Asia & Pacific (excluding high income),2021,9795.319389
East Asia & Pacific (excluding high income),2006,1956.033454
East Asia & Pacific (excluding high income),2015,6482.993156
East Asia & Pacific (excluding high income),2018,7925.424765
East Asia & Pacific (excluding high income),2004,1424.599711
East Asia & Pacific (excluding high income),2003,1238.620986
East Asia & Pacific (excluding high income),2008,3080.236227
East Asia & Pacific (excluding high income),2022,9901.264099
East Asia & Pacific (excluding high income),2016,6575.525088
East Asia & Pacific (excluding high income),2002,1103.590673
East Asia & Pacific (excluding high income),2011,4853.385352
East Asia & Pacific (excluding high income),2012,5364.230699
East Asia & Pacific (excluding high income),2005,1637.024099
East Asia & Pacific (excluding high income),2017,7133.000059
East Asia & Pacific (excluding high income),1999,876.167058
East Asia & Pacific (excluding high income),2001,1006.001553
East Asia & Pacific (excluding high income),2014,6276.042179
East Asia & Pacific (excluding high income),2013,5867.354666
East Asia & Pacific (excluding high income),2009,3314.60145
East Asia & Pacific (excluding high income),1998,804.4715307
East Asia & Pacific (excluding high income),2020,8245.715216
East Asia & Pacific (excluding high income),2000,954.4651712
Ecuador,2015,5976.159681
Ecuador,2008,4194.757507
Ecuador,1999,1575.302347
Ecuador,2020,5463.645096
Ecuador,2014,6405.799793
Ecuador,2006,3243.670104
Ecuador,2002,2059.158554
Ecuador,1998,2284.015728
Ecuador,2001,1791.303597
Ecuador,2003,2315.622152
Ecuador,2010,4520.30959
Ecuador,2017,6233.322448
Ecuador,2021,6075.802657
Ecuador,2018,6303.918925
Ecuador,2000,1382.234218
Ecuador,2009,4053.363311
Ecuador,2011,5153.691642
Ecuador,2019,6205.057595
Ecuador,2012,5634.083932
Ecuador,2004,2586.209147
Ecuador,2013,6109.290315
Ecuador,2022,6540.998245
Ecuador,2023,6609.804082
Ecuador,2007,3478.924888
Ecuador,2005,2909.02606
Ecuador,2016,5917.637713
"Egypt, Arab Rep.",2013,3025.525636
"Egypt, Arab Rep.",2012,2996.067707
"Egypt, Arab Rep.",2021,3827.354154
"Egypt, Arab Rep.",2005,1104.803407
"Egypt, Arab Rep.",2023,3457.456916
"Egypt, Arab Rep.",2014,3133.391023
"Egypt, Arab Rep.",2000,1366.092744
"Egypt, Arab Rep.",2020,3511.11381
"Egypt, Arab Rep.",2009,2161.639646
"Egypt, Arab Rep.",2002,1116.828846
"Egypt, Arab Rep.",2001,1295.137418
"Egypt, Arab Rep.",2015,3306.981594
"Egypt, Arab Rep.",2017,2395.103333
"Egypt, Arab Rep.",1999,1268.309492
"Egypt, Arab Rep.",1998,1212.822598
"Egypt, Arab Rep.",2011,2590.643849
"Egypt, Arab Rep.",2019,2962.98892
"Egypt, Arab Rep.",2016,3270.628777
"Egypt, Arab Rep.",2004,991.2556891
"Egypt, Arab Rep.",2006,1298.979002
"Egypt, Arab Rep.",2018,2484.703156
"Egypt, Arab Rep.",2022,4233.307837
"Egypt, Arab Rep.",2008,1896.215943
"Egypt, Arab Rep.",2010,2455.081946
"Egypt, Arab Rep.",2007,1547.741707
"Egypt, Arab Rep.",2003,1031.275563
El Salvador,2020,3997.192796
El Salvador,1998,1859.730859
El Salvador,1999,1908.080455
El Salvador,2009,2910.186518
El Salvador,2007,2830.656938
El Salvador,2018,4183.54621
El Salvador,2017,4020.126714
El Salvador,2019,4320.116715
El Salvador,2008,2983.248296
El Salvador,2005,2447.391408
El Salvador,2000,1982.870935
El Salvador,2021,4642.607431
El Salvador,2006,2665.618072
El Salvador,2022,5093.518339
El Salvador,2015,3790.340891
El Salvador,2011,3330.600495
El Salvador,2010,3040.07301
El Salvador,2001,2058.044591
El Salvador,2012,3497.912569
El Salvador,2002,2115.411874
El Salvador,2014,3666.012489
El Salvador,2004,2285.689074
El Salvador,2013,3582.26694
El Salvador,2023,5391.069262
El Salvador,2003,2207.830895
El Salvador,2016,3901.34015
Equatorial Guinea,2007,12616.95329
Equatorial Guinea,2017,7809.104657
Equatorial Guinea,2012,17308.57239
Equatorial Guinea,2011,17198.21367
Equatorial Guinea,1999,930.9125493
Equatorial Guinea,2018,8102.470848
Equatorial Guinea,2010,13720.16587
Equatorial Guinea,2015,9068.910032
Equatorial Guinea,1998,577.8685253
Equatorial Guinea,2020,5764.055029
Equatorial Guinea,2009,13232.50194
Equatorial Guinea,2003,2930.601837
Equatorial Guinea,2006,10184.88412
Equatorial Guinea,2021,6945.630698
Equatorial Guinea,2016,7453.197979
Equatorial Guinea,2022,7589.299649
Equatorial Guinea,2023,6677.793435
Equatorial Guinea,2019,6804.149231
Equatorial Guinea,2000,1487.316551
Equatorial Guinea,2001,1948.611459
Equatorial Guinea,2008,18210.5553
Equatorial Guinea,2005,8673.902609
Equatorial Guinea,2014,15548.66247
Equatorial Guinea,2004,4901.301274
Equatorial Guinea,2013,16304.07132
Equatorial Guinea,2002,2264.210656
Eritrea,1999,311.3362093
Eritrea,2006,447.9974047
Eritrea,2007,480.4476237
Eritrea,2009,642.9257229
Eritrea,2000,314.3573968
Eritrea,2005,412.7530792
Eritrea,2003,348.9503271
Eritrea,2008,490.066956
Eritrea,1998,341.917364
Eritrea,2001,325.4091615
Eritrea,2011,688.6816596
Eritrea,2002,304.7757565
Eritrea,2010,539.6995121
Eritrea,2004,426.8409479
Estonia,2010,14663.7041
Estonia,2012,17568.2138
Estonia,2006,12641.4801
Estonia,2005,10414.63812
Estonia,2001,4502.66615
Estonia,2017,20851.52235
Estonia,2015,17722.15577
Estonia,2000,4070.609024
Estonia,2021,27953.76702
Estonia,2016,18666.37365
Estonia,1998,4093.392477
Estonia,2020,23933.99394
Estonia,2023,30133.30445
Estonia,2008,18205.90641
Estonia,2022,28451.14778
Estonia,2014,20581.7899
Estonia,2003,7205.407033
Estonia,2011,17555.54552
Estonia,2009,14712.44942
Estonia,1999,4140.936602
Estonia,2002,5343.183108
Estonia,2019,24021.25014
Estonia,2013,19310.38749
Estonia,2018,23618.13613
Estonia,2007,16745.4308
Estonia,2004,8916.072827
Eswatini,1998,1546.515193
Eswatini,2020,3442.321653
Eswatini,2008,2999.828169
Eswatini,2022,3852.085733
Eswatini,1999,1501.664267
Eswatini,2009,3239.757801
Eswatini,2006,3035.061561
Eswatini,2015,3393.533678
Eswatini,2000,1668.974913
Eswatini,2005,2945.363949
Eswatini,2001,1467.538902
Eswatini,2014,3740.692776
Eswatini,2019,3894.329516
Eswatini,2011,4312.342434
Eswatini,2023,3610.608797
Eswatini,2003,2060.184181
Eswatini,2012,4347.995693
Eswatini,2010,3992.951996
Eswatini,2013,3910.063976
Eswatini,2021,3926.486874
Eswatini,2002,1351.865502
Eswatini,2017,3831.425953
Eswatini,2004,2581.241728
Eswatini,2007,3180.861215
Eswatini,2016,3223.920041
Eswatini,2018,3986.105572
Ethiopia,2015,621.8456738
Ethiopia,2000,122.2692026
Ethiopia,2023,1272.016282
Ethiopia,1998,126.4650958
Ethiopia,2022,1011.073286
Ethiopia,1999,120.7346315
Ethiopia,2013,484.0398331
Ethiopia,2007,237.146256
Ethiopia,2020,905.3131758
Ethiopia,2001,118.4572043
Ethiopia,2021,910.9478403
Ethiopia,2009,368.5747123
Ethiopia,2018,747.9681436
Ethiopia,2005,158.2434581
Ethiopia,2019,828.7089723
Ethiopia,2012,452.1010319
Ethiopia,2016,696.1958847
Ethiopia,2003,116.8004911
Ethiopia,2014,549.9865771
Ethiopia,2004,133.1698125
Ethiopia,2011,343.0249424
Ethiopia,2008,316.4104751
Ethiopia,2017,745.6324492
Ethiopia,2002,109.5938136
Ethiopia,2006,189.3457375
Ethiopia,2010,330.6194128
Euro area,2002,22049.34824
Euro area,2010,37555.17227
Euro area,2005,31800.44303
Euro area,1998,22144.69486
Euro area,2000,20039.40027
Euro area,2011,40651.69334
Euro area,2008,42222.57824
Euro area,2003,27017.62091
Euro area,2015,34415.61535
Euro area,2017,37181.1343
Euro area,2001,20289.82937
Euro area,2019,39217.384
Euro area,2004,30816.54015
Euro area,2022,41454.16602
Euro area,2012,37558.51846
Euro area,2016,35178.85027
Euro area,2006,33671.9314
Euro area,1999,22011.26099
Euro area,2014,39926.34434
Euro area,2018,40068.52155
Euro area,2007,38580.6162
Euro area,2013,39109.1766
Euro area,2021,42978.88179
Euro area,2023,45130.12405
Euro area,2009,38519.97018
Euro area,2020,38241.57565
Europe & Central Asia,2003,15577.40775
Europe & Central Asia,1998,12504.21967
Europe & Central Asia,2021,27591.24375
Europe & Central Asia,2011,26241.04351
Europe & Central Asia,2016,22476.26688
Europe & Central Asia,2006,20756.97262
Europe & Central Asia,2023,29789.15403
Europe & Central Asia,2017,23755.7381
Europe & Central Asia,2004,18105.81526
Europe & Central Asia,2005,19219.88628
Europe & Central Asia,2019,24958.38598
Europe & Central Asia,2001,11749.49714
Europe & Central Asia,2014,26425.75248
Europe & Central Asia,1999,12364.71689
Europe & Central Asia,2015,22657.30949
Europe & Central Asia,2008,26512.67649
Europe & Central Asia,2020,24091.34169
Europe & Central Asia,2007,24183.35542
Europe & Central Asia,2012,25165.12693
Europe & Central Asia,2002,12843.69967
Europe & Central Asia,2022,27731.76954
Europe & Central Asia,2010,23699.49514
Europe & Central Asia,2013,26175.77032
Europe & Central Asia,2000,11645.08168
Europe & Central Asia,2018,25340.15366
Europe & Central Asia,2009,23249.13119
Europe & Central Asia (IDA & IBRD countries),2006,5626.528234
Europe & Central Asia (IDA & IBRD countries),2003,2877.400658
Europe & Central Asia (IDA & IBRD countries),2019,9027.507095
Europe & Central Asia (IDA & IBRD countries),1998,2164.8323
Europe & Central Asia (IDA & IBRD countries),2021,10010.77441
Europe & Central Asia (IDA & IBRD countries),2013,10951.22409
Europe & Central Asia (IDA & IBRD countries),2020,8443.061591
Europe & Central Asia (IDA & IBRD countries),2011,10016.56102
Europe & Central Asia (IDA & IBRD countries),2005,4655.781767
Europe & Central Asia (IDA & IBRD countries),2012,10406.9547
Europe & Central Asia (IDA & IBRD countries),2001,2079.66474
Europe & Central Asia (IDA & IBRD countries),2002,2339.237679
Europe & Central Asia (IDA & IBRD countries),2007,7237.145382
Europe & Central Asia (IDA & IBRD countries),2014,10293.72034
Europe & Central Asia (IDA & IBRD countries),2008,8939.125219
Europe & Central Asia (IDA & IBRD countries),2000,2043.079683
Europe & Central Asia (IDA & IBRD countries),2017,8555.476386
Europe & Central Asia (IDA & IBRD countries),2004,3719.986154
Europe & Central Asia (IDA & IBRD countries),2015,8001.112292
Europe & Central Asia (IDA & IBRD countries),2016,7649.906658
Europe & Central Asia (IDA & IBRD countries),2009,7062.978743
Europe & Central Asia (IDA & IBRD countries),1999,1877.971164
Europe & Central Asia (IDA & IBRD countries),2022,11351.00797
Europe & Central Asia (IDA & IBRD countries),2023,11977.33988
Europe & Central Asia (IDA & IBRD countries),2010,8267.959629
Europe & Central Asia (IDA & IBRD countries),2018,8884.712914
Europe & Central Asia (excluding high income),2021,6623.50479
Europe & Central Asia (excluding high income),2020,5733.538812
Europe & Central Asia (excluding high income),2011,6762.379471
Europe & Central Asia (excluding high income),2010,5994.384834
Europe & Central Asia (excluding high income),2015,6282.673041
Europe & Central Asia (excluding high income),2002,1768.778037
Europe & Central Asia (excluding high income),2000,1788.232062
Europe & Central Asia (excluding high income),2012,7072.258247
Europe & Central Asia (excluding high income),2013,7646.123413
Europe & Central Asia (excluding high income),2007,5187.17828
Europe & Central Asia (excluding high income),2018,5952.352265
Europe & Central Asia (excluding high income),2016,5977.234888
Europe & Central Asia (excluding high income),2009,5103.744341
Europe & Central Asia (excluding high income),2022,7247.734917
Europe & Central Asia (excluding high income),1999,1765.522466
Europe & Central Asia (excluding high income),2008,6167.503829
Europe & Central Asia (excluding high income),2006,4129.79367
Europe & Central Asia (excluding high income),2004,2876.768379
Europe & Central Asia (excluding high income),2017,6111.817064
Europe & Central Asia (excluding high income),2023,8548.010378
Europe & Central Asia (excluding high income),2005,3566.868996
Europe & Central Asia (excluding high income),2019,6020.750795
Europe & Central Asia (excluding high income),2001,1526.97979
Europe & Central Asia (excluding high income),1998,1940.277677
Europe & Central Asia (excluding high income),2003,2245.297839
Europe & Central Asia (excluding high income),2014,7272.884448
European Union,2005,27444.18123
European Union,2002,18799.09543
European Union,2013,34803.34614
European Union,2003,23025.75561
European Union,2000,16975.91504
European Union,2018,36002.56405
European Union,2014,35539.2021
European Union,2016,31404.4306
European Union,2011,36020.48635
European Union,2009,33670.62667
European Union,2007,33729.27359
European Union,2020,34635.48959
European Union,2012,33378.82742
European Union,2021,39180.37584
European Union,2006,29217.95385
European Union,1998,18616.33585
European Union,2010,33164.00485
European Union,2019,35341.57033
European Union,2023,41422.79997
European Union,2015,30716.62957
European Union,2004,26377.60338
European Union,1999,18506.37379
European Union,2022,37948.95054
European Union,2017,33327.66749
European Union,2001,17230.65037
European Union,2008,37203.13725
Faroe Islands,2001,24879.77296
Faroe Islands,2006,41743.68128
Faroe Islands,2009,47059.19473
Faroe Islands,2018,62524.03874
Faroe Islands,2007,48348.73937
Faroe Islands,2016,56875.28038
Faroe Islands,2013,55758.20837
Faroe Islands,2000,23322.75934
Faroe Islands,2020,62236.08666
Faroe Islands,1999,24978.62108
Faroe Islands,2021,68736.50561
Faroe Islands,2005,36389.08164
Faroe Islands,2011,51618.99078
Faroe Islands,2010,47923.15154
Faroe Islands,2014,60172.06325
Faroe Islands,2012,50261.96163
Faroe Islands,2015,52635.03755
Faroe Islands,2008,51287.89111
Faroe Islands,2022,66108.73365
Faroe Islands,1998,24729.01991
Faroe Islands,2023,71717.70422
Faroe Islands,2017,59384.98621
Faroe Islands,2002,26937.65056
Faroe Islands,2003,31269.6032
Faroe Islands,2019,63064.63431
Faroe Islands,2004,35647.54404
Fiji,2005,3377.69127
Fiji,2016,5363.790256
Fiji,2017,5826.848141
Fiji,2011,4139.602886
Fiji,2000,1995.720712
Fiji,1998,2010.496361
Fiji,2003,2655.580796
Fiji,2006,3455.105999
Fiji,2022,5405.030074
Fiji,2019,5950.828686
Fiji,2008,3899.922315
Fiji,2023,5888.736686
Fiji,2018,6085.419792
Fiji,2015,5097.531088
Fiji,2004,3097.190967
Fiji,2002,2136.567941
Fiji,2014,5293.356791
Fiji,2001,1944.997415
Fiji,2020,4844.42129
Fiji,2007,3762.746928
Fiji,2013,4572.443775
Fiji,2009,3164.132754
Fiji,2012,4341.403387
Fiji,1999,2327.957205
Fiji,2021,4696.171019
Fiji,2010,3449.144529
Finland,2018,49654.2497
Finland,2007,48473.02401
Finland,2014,50073.77608
Finland,2005,39049.87038
Finland,2013,49691.01452
Finland,2017,46085.01747
Finland,2010,46506.2919
Finland,2001,24965.203
Finland,1998,25999.98617
Finland,2012,47551.67408
Finland,2006,41214.01878
Finland,2021,53099.13514
Finland,2003,32920.08572
Finland,2022,50438.4754
Finland,2019,48358.18078
Finland,2004,37768.13342
Finland,2009,47478.34953
Finland,2002,26989.38926
Finland,2008,53769.47262
Finland,2020,48828.68469
Finland,2011,51060.32426
Finland,2000,24335.92251
Finland,2015,42560.34568
Finland,2023,52925.68976
Finland,1999,26180.41286
Finland,2016,43451.25624
Fragile and conflict affected situations,2012,2235.799786
Fragile and conflict affected situations,2010,2009.659004
Fragile and conflict affected situations,2018,1819.003021
Fragile and conflict affected situations,2008,1963.209854
Fragile and conflict affected situations,2022,1892.622706
Fragile and conflict affected situations,2001,718.6829537
Fragile and conflict affected situations,2006,1314.212802
Fragile and conflict affected situations,1999,657.1647633
Fragile and conflict affected situations,2015,1810.689302
Fragile and conflict affected situations,2009,1735.216052
Fragile and conflict affected situations,2002,684.3644992
Fragile and conflict affected situations,2016,1632.337453
Fragile and conflict affected situations,2021,1753.547754
Fragile and conflict affected situations,2023,1830.332718
Fragile and conflict affected situations,2003,702.9705229
Fragile and conflict affected situations,2020,1680.968847
Fragile and conflict affected situations,1998,901.0560445
Fragile and conflict affected situations,2005,1074.749889
Fragile and conflict affected situations,2019,1890.22007
Fragile and conflict affected situations,2007,1573.221083
Fragile and conflict affected situations,2011,2047.73072
Fragile and conflict affected situations,2013,2267.604041
Fragile and conflict affected situations,2004,870.4271346
Fragile and conflict affected situations,2000,751.402387
Fragile and conflict affected situations,2017,1702.908452
Fragile and conflict affected situations,2014,2351.212735
France,2011,43929.78409
France,2021,43725.09995
France,2012,40863.58144
France,2015,36702.43237
France,2020,39169.8606
France,2018,41418.17665
France,2013,42669.17951
France,2002,24144.5727
France,2014,43148.04593
France,2010,40694.82117
France,2000,22340.59395
France,1998,24869.40308
France,2019,40408.28486
France,2003,29479.52221
France,2005,34696.37183
France,2023,44690.93454
France,2016,37024.21571
France,2017,38687.16264
France,2022,41082.81193
France,2008,45464.81814
France,2007,41486.19078
France,2006,36431.56589
France,2004,33644.92822
France,1999,24576.31523
France,2009,41728.08842
France,2001,22331.79483
French Polynesia,2015,19166.95948
French Polynesia,2006,22330.86767
French Polynesia,2022,20738.65
French Polynesia,2004,21764.22032
French Polynesia,2000,14978.3241
French Polynesia,2008,26592.02628
French Polynesia,2005,21984.19362
French Polynesia,2017,20826.93125
French Polynesia,1999,16532.90223
French Polynesia,2019,21582.5892
French Polynesia,2001,14640.93601
French Polynesia,2012,20846.54575
French Polynesia,2002,16004.05833
French Polynesia,2020,20746.27204
French Polynesia,2014,22258.63214
French Polynesia,2016,19690.07757
French Polynesia,2013,21955.63293
French Polynesia,2009,24434.21976
French Polynesia,2010,22494.80671
French Polynesia,2021,21982.90389
French Polynesia,2018,21925.61604
French Polynesia,2011,22831.51853
French Polynesia,1998,16759.71417
French Polynesia,2003,19582.89364
French Polynesia,2007,24888.17813
Gabon,2017,6921.733731
Gabon,2001,3835.757183
Gabon,2009,7290.575261
Gabon,1999,3751.35319
Gabon,2006,6847.009857
Gabon,2013,9197.701063
Gabon,2004,5465.791936
Gabon,2008,9688.645197
Gabon,2000,3982.906201
Gabon,2022,8409.207415
Gabon,1998,3699.995139
Gabon,2007,8003.542897
Gabon,2005,6547.87614
Gabon,2012,9296.965879
Gabon,2020,6605.803461
Gabon,2011,10219.11393
Gabon,2015,7047.126546
Gabon,2021,8181.409141
Gabon,2018,7624.277523
Gabon,2023,7802.836596
Gabon,2003,4710.748628
Gabon,2014,9201.362766
Gabon,2019,7441.178647
Gabon,2016,6677.070039
Gabon,2002,3966.480019
Gabon,2010,8356.74662
"Gambia, The",2003,308.7191234
"Gambia, The",2013,653.8627133
"Gambia, The",2008,859.1276714
"Gambia, The",2019,738.186752
"Gambia, The",2022,836.2448759
"Gambia, The",2014,568.0045356
"Gambia, The",2005,616.4836579
"Gambia, The",2016,650.0565013
"Gambia, The",2023,888.1574077
"Gambia, The",2001,459.8030684
"Gambia, The",2011,710.6084115
"Gambia, The",2017,642.5226413
"Gambia, The",2000,538.0540723
"Gambia, The",1999,575.4598932
"Gambia, The",2020,720.3351434
"Gambia, The",2010,801.0333727
"Gambia, The",2012,692.5793616
"Gambia, The",2015,619.5363643
"Gambia, The",2006,614.5443079
"Gambia, The",2021,781.8909252
"Gambia, The",2002,376.531027
"Gambia, The",2018,696.219807
"Gambia, The",2009,774.8880309
"Gambia, The",1998,610.2347115
"Gambia, The",2007,724.7264072
"Gambia, The",2004,593.2853463
Georgia,2018,4804.054604
Georgia,2019,4741.283272
Georgia,2016,4143.401257
Georgia,2014,4830.334862
Georgia,2022,6729.846599
Georgia,2015,4086.622347
Georgia,2023,8283.669602
Georgia,2008,3324.753721
Georgia,2020,4300.857013
Georgia,2012,4530.695334
Georgia,2013,4712.002294
Georgia,2009,2822.689397
Georgia,2017,4418.752065
Georgia,2011,4119.668183
Georgia,2021,5083.606955
Georgia,2007,2635.366503
Georgia,2010,3281.729309
Georgia,2003,1010.031516
Georgia,2000,749.908535
Georgia,2002,853.5261719
Georgia,1998,851.5155425
Georgia,2004,1305.047486
Georgia,2005,1642.783594
Georgia,2001,801.9838371
Georgia,2006,1996.020133
Georgia,1999,673.5377829
Germany,2012,44735.58823
Germany,2008,46386.32959
Germany,2015,41911.01099
Germany,1998,27395.94406
Germany,2005,35084.43635
Germany,2000,23925.85599
Germany,2019,47623.86561
Germany,2007,42350.92172
Germany,1999,26965.49228
Germany,2003,30711.10225
Germany,2006,36980.33499
Germany,2010,42409.9357
Germany,2022,49686.11546
Germany,2001,23878.36415
Germany,2017,45526.59996
Germany,2004,34566.73591
Germany,2018,48874.8595
Germany,2011,47646.58204
Germany,2020,47379.76519
Germany,2023,54343.22651
Germany,2009,42487.21371
Germany,2014,48971.08247
Germany,2021,52265.65416
Germany,2002,25486.5942
Germany,2013,47220.01021
Germany,2016,42961.03569
Ghana,2012,1543.775242
Ghana,2020,2196.547893
Ghana,2018,2196.612906
Ghana,2006,906.4410276
Ghana,2014,1953.645136
Ghana,2017,2012.970258
Ghana,2013,2294.025645
Ghana,2016,1913.186733
Ghana,2005,478.6119092
Ghana,2004,406.1321053
Ghana,1998,400.3667995
Ghana,2002,297.4616447
Ghana,2007,1050.124615
Ghana,2010,1263.892518
Ghana,2019,2186.189241
Ghana,2011,1507.435732
Ghana,2021,2445.500818
Ghana,2015,1721.699644
Ghana,2003,358.3992714
Ghana,2009,1047.704301
Ghana,1999,403.0373261
Ghana,2022,2240.279451
Ghana,2001,263.5421565
Ghana,2023,2260.287413
Ghana,2000,253.7469362
Ghana,2008,1182.657613
Greece,2000,11638.20107
Greece,2018,19873.40152
Greece,2006,24416.0233
Greece,2019,19335.3602
Greece,2017,18631.99301
Greece,1999,12742.54044
Greece,2021,20654.7002
Greece,2004,21449.25528
Greece,2020,17886.73317
Greece,2014,21474.72571
Greece,2011,25504.78665
Greece,2007,28440.76253
Greece,2001,12156.95728
Greece,2022,20971.83493
Greece,2012,21624.34605
Greece,2009,29425.45732
Greece,2016,17919.24264
Greece,1998,13022.96488
Greece,2008,31695.83311
Greece,2013,21573.34498
Greece,2010,26653.0488
Greece,2023,23400.72788
Greece,2005,22054.13158
Greece,2002,13782.19564
Greece,2015,17980.72982
Greece,2003,18020.61204
Greenland,2021,57116.29577
Greenland,2009,44918.84138
Greenland,2005,32489.72773
Greenland,2010,43988.52803
Greenland,2020,54693.07668
Greenland,2011,47186.876
Greenland,2014,50485.22441
Greenland,2017,50765.74947
Greenland,2019,53309.20359
Greenland,2004,32023.68205
Greenland,2007,39780.94414
Greenland,2016,48181.74535
Greenland,2008,44366.78587
Greenland,2013,47535.48838
Greenland,2002,20652.8417
Greenland,2000,19004.00384
Greenland,2003,27459.87533
Greenland,2018,54545.13586
Greenland,1998,20496.57878
Greenland,2006,35458.2543
Greenland,2015,44536.35497
Greenland,2001,19275.43397
Greenland,1999,20170.32276
Greenland,2012,45936.95628
Grenada,2011,6947.381361
Grenada,2015,8694.12438
Grenada,2010,6909.601696
Grenada,2003,5427.963773
Grenada,2007,6864.548168
Grenada,2018,10083.02128
Grenada,2001,4819.507767
Grenada,2002,4984.474059
Grenada,2009,6932.564722
Grenada,2014,7986.334212
Grenada,2004,5480.261176
Grenada,2012,7092.719854
Grenada,2022,10474.26529
Grenada,2013,7424.802123
Grenada,2020,8968.558901
Grenada,2019,10462.79292
Grenada,2017,9751.426612
Grenada,2023,11246.34512
Grenada,2005,6338.560114
Grenada,2016,9221.234611
Grenada,2000,4839.828111
Grenada,1998,4206.280529
Grenada,2006,6344.038377
Grenada,2021,9622.240505
Grenada,1999,4516.283324
Grenada,2008,7448.204056
Guam,2010,29719.79678
Guam,2012,31653.75065
Guam,2015,35165.70146
Guam,2022,41833.15171
Guam,2019,39274.94314
Guam,2005,25631.97761
Guam,2021,38074.87937
Guam,2002,20909.95903
Guam,2008,28112.23166
Guam,2003,21877.31784
Guam,2020,36482.9364
Guam,2013,32530.75931
Guam,2009,29054.05812
Guam,2017,36779.00789
Guam,2011,29926.20524
Guam,2014,33900.14865
Guam,2007,26605.43242
Guam,2016,35930.65949
Guam,2018,37195.95031
Guam,2006,25709.93515
Guam,2004,23618.82669
Guatemala,2007,2458.815739
Guatemala,2023,5762.821746
Guatemala,2004,1840.911849
Guatemala,2002,1669.335175
Guatemala,2016,4060.137556
Guatemala,2005,2046.466117
Guatemala,2009,2611.646328
Guatemala,2000,1648.96579
Guatemala,2017,4324.996079
Guatemala,2022,5358.089638
Guatemala,2019,4511.997552
Guatemala,1999,1603.647761
Guatemala,2020,4477.617618
Guatemala,2011,3168.983706
Guatemala,2010,2805.259602
Guatemala,2012,3286.619593
Guatemala,2014,3689.144725
Guatemala,2015,3893.505218
Guatemala,2001,1537.686636
Guatemala,2006,2225.123475
Guatemala,2003,1722.547019
Guatemala,2021,4913.947129
Guatemala,1998,1741.201142
Guatemala,2013,3444.159718
Guatemala,2018,4352.946518
Guatemala,2008,2763.059882
Guinea,2020,1053.660977
Guinea,2003,566.4854059
Guinea,2015,747.3569668
Guinea,2008,703.5328258
Guinea,2011,636.6949587
Guinea,2016,711.9965098
Guinea,2023,1541.040509
Guinea,2005,463.1776869
Guinea,2006,446.9805541
Guinea,2013,748.4550208
Guinea,2018,933.2736156
Guinea,2002,495.9160736
Guinea,2021,1244.965505
Guinea,2004,584.8977405
Guinea,2001,483.0851202
Guinea,2022,1416.59612
Guinea,2007,650.1485753
Guinea,1998,647.3799208
Guinea,2014,765.1469994
Guinea,2010,659.2353262
Guinea,2012,699.3533772
Guinea,2017,833.5986217
Guinea,2000,518.1570669
Guinea,2019,1031.341465
Guinea,1999,610.6148429
Guinea,2009,662.1859147
Guinea-Bissau,2022,853.281304
Guinea-Bissau,2001,327.138432
Guinea-Bissau,2016,679.6653866
Guinea-Bissau,2021,900.4077808
Guinea-Bissau,2007,519.0697898
Guinea-Bissau,2005,463.0739627
Guinea-Bissau,2019,807.359904
Guinea-Bissau,1998,497.7242796
Guinea-Bissau,2018,808.5316132
Guinea-Bissau,2011,719.5395735
Guinea-Bissau,2013,654.3045344
Guinea-Bissau,2012,635.4616533
Guinea-Bissau,2020,817.7803357
Guinea-Bissau,1999,478.733191
Guinea-Bissau,2009,583.1900201
Guinea-Bissau,2006,448.5130755
Guinea-Bissau,2017,783.1231866
Guinea-Bissau,2023,951.2427483
Guinea-Bissau,2003,419.7848661
Guinea-Bissau,2008,640.2103311
Guinea-Bissau,2015,645.0668372
Guinea-Bissau,2010,600.1942985
Guinea-Bissau,2004,431.3765577
Guinea-Bissau,2002,362.0345746
Guinea-Bissau,2000,316.945495
Guinea-Bissau,2014,652.022501
Guyana,2016,5870.878238
Guyana,2001,931.5747238
Guyana,2018,6048.386972
Guyana,2006,3135.605535
Guyana,2000,931.7966517
Guyana,1998,939.6854882
Guyana,2008,4008.962867
Guyana,2014,5472.688205
Guyana,2011,4947.221706
Guyana,2002,950.8669325
Guyana,1999,908.7906314
Guyana,2021,9860.872334
Guyana,2010,4581.761797
Guyana,2009,4209.132306
Guyana,2015,5640.415606
Guyana,2023,20765.35036
Guyana,2005,1084.065414
Guyana,2007,3608.286852
Guyana,2022,17913.49101
Guyana,2019,6405.824434
Guyana,2013,5556.912312
Guyana,2004,1033.310309
Guyana,2020,6775.709391
Guyana,2012,5444.397519
Guyana,2003,973.7425981
Guyana,2017,6178.665044
Haiti,2004,683.1852982
Haiti,2008,1094.660584
Haiti,2002,720.969568
Haiti,2005,775.8457041
Haiti,2016,1318.402682
Haiti,2006,828.8057003
Haiti,2011,1312.039536
Haiti,1999,509.5785853
Haiti,2023,1705.779055
Haiti,2014,1460.188986
Haiti,2021,1835.443941
Haiti,1998,465.3633063
Haiti,2022,1760.626357
Haiti,2020,1290.325387
Haiti,2009,1196.852871
Haiti,2015,1411.126847
Haiti,2007,984.5669834
Haiti,2001,748.8211598
Haiti,2013,1457.832212
Haiti,2000,820.6000468
Haiti,2018,1496.38049
Haiti,2003,578.9952911
Haiti,2012,1361.393966
Haiti,2010,1209.727335
Haiti,2017,1395.239452
Haiti,2019,1352.172042
Heavily indebted poor countries (HIPC),2012,868.1549673
Heavily indebted poor countries (HIPC),2023,1231.81257
Heavily indebted poor countries (HIPC),1998,365.949109
Heavily indebted poor countries (HIPC),2022,1100.340765
Heavily indebted poor countries (HIPC),2020,959.1817376
Heavily indebted poor countries (HIPC),2000,376.3214783
Heavily indebted poor countries (HIPC),2001,353.858263
Heavily indebted poor countries (HIPC),1999,357.7439701
Heavily indebted poor countries (HIPC),2006,584.531743
Heavily indebted poor countries (HIPC),2009,756.6602137
Heavily indebted poor countries (HIPC),2018,968.1872953
Heavily indebted poor countries (HIPC),2004,460.4464694
Heavily indebted poor countries (HIPC),2008,784.3456397
Heavily indebted poor countries (HIPC),2021,1040.034107
Heavily indebted poor countries (HIPC),2013,947.0744897
Heavily indebted poor countries (HIPC),2010,799.1850395
Heavily indebted poor countries (HIPC),2014,974.2521316
Heavily indebted poor countries (HIPC),2003,411.0694409
Heavily indebted poor countries (HIPC),2011,861.3492268
Heavily indebted poor countries (HIPC),2017,931.78788
Heavily indebted poor countries (HIPC),2005,512.7426515
Heavily indebted poor countries (HIPC),2007,678.6664669
Heavily indebted poor countries (HIPC),2015,909.4943523
Heavily indebted poor countries (HIPC),2016,893.0105975
Heavily indebted poor countries (HIPC),2002,373.0788756
Heavily indebted poor countries (HIPC),2019,976.3125476
High income,2022,46632.84861
High income,2019,41457.38717
High income,2013,39073.84034
High income,2002,22968.47251
High income,2011,38853.65056
High income,1998,21125.87782
High income,2015,36650.44901
High income,2008,36964.53377
High income,2001,22119.28181
High income,2018,41180.34269
High income,2000,22409.90076
High income,2007,34720.66478
High income,1999,22013.25751
High income,2005,30103.65807
High income,2020,40262.86988
High income,2009,34172.57551
High income,2010,35835.93143
High income,2014,39502.08295
High income,2021,45229.27533
High income,2016,37140.55958
High income,2017,38873.8614
High income,2003,25651.83896
High income,2012,38757.33355
High income,2004,28502.73904
High income,2006,31763.25805
High income,2023,48752.71274
Honduras,2005,1304.700392
Honduras,2004,1215.139954
Honduras,2008,1732.490627
Honduras,2000,1092.564007
Honduras,2015,2271.20266
Honduras,2013,2081.128435
Honduras,2020,2307.614943
Honduras,2016,2307.344684
Honduras,2018,2464.642415
Honduras,2023,3231.657245
Honduras,2002,1132.499653
Honduras,2012,2126.034747
Honduras,1999,1002.19633
Honduras,2019,2502.327443
Honduras,2021,2735.147515
Honduras,2022,3003.289968
Honduras,2003,1156.081627
Honduras,2007,1577.737892
Honduras,2017,2413.007656
Honduras,2001,1132.164875
Honduras,2011,2073.661211
Honduras,2006,1425.847801
Honduras,2010,1893.327227
Honduras,2009,1781.157036
Honduras,2014,2179.88172
Honduras,1998,1021.158188
"Hong Kong SAR, China",2013,38403.77771
"Hong Kong SAR, China",2012,36730.7962
"Hong Kong SAR, China",2019,48359.0012
"Hong Kong SAR, China",2021,49770.56424
"Hong Kong SAR, China",2002,24665.83623
"Hong Kong SAR, China",2011,35142.48793
"Hong Kong SAR, China",1999,25091.6666
"Hong Kong SAR, China",2016,43734.19807
"Hong Kong SAR, China",2009,30697.53839
"Hong Kong SAR, China",2023,50531.73854
"Hong Kong SAR, China",2015,42432.16197
"Hong Kong SAR, China",2018,48537.56689
"Hong Kong SAR, China",1998,25808.86099
"Hong Kong SAR, China",2003,23977.17341
"Hong Kong SAR, China",2000,25756.77287
"Hong Kong SAR, China",2007,30593.95117
"Hong Kong SAR, China",2010,32550.13649
"Hong Kong SAR, China",2005,26649.63772
"Hong Kong SAR, China",2014,40315.37395
"Hong Kong SAR, China",2020,46109.22999
"Hong Kong SAR, China",2001,25230.37809
"Hong Kong SAR, China",2008,31515.52921
"Hong Kong SAR, China",2006,28224.09516
"Hong Kong SAR, China",2017,46160.42979
"Hong Kong SAR, China",2022,48826.05277
"Hong Kong SAR, China",2004,24928.10037
Hungary,2019,16786.21364
Hungary,2012,12984.83657
Hungary,1999,4793.478522
Hungary,2008,15772.33008
Hungary,2002,6655.333009
Hungary,2003,8419.430871
Hungary,2023,22141.86698
Hungary,2005,11223.3993
Hungary,2013,13715.07036
Hungary,2006,11489.56087
Hungary,2014,14294.25842
Hungary,2016,13104.69955
Hungary,2004,10301.70339
Hungary,1998,4744.212264
Hungary,2010,13217.5046
Hungary,2000,4624.281657
Hungary,2018,16425.20503
Hungary,2009,13077.30547
Hungary,2011,14234.47158
Hungary,2007,13940.90928
Hungary,2020,16131.95404
Hungary,2017,14621.2396
Hungary,2022,18353.29836
Hungary,2001,5276.033189
Hungary,2021,18755.10235
Hungary,2015,12717.0386
IBRD only,1999,1372.054195
IBRD only,2017,6032.457316
IBRD only,2016,5513.077153
IBRD only,2001,1477.369457
IBRD only,2003,1646.224107
IBRD only,2009,3766.342524
IBRD only,2006,2689.147289
IBRD only,2013,5827.573155
IBRD only,2020,6171.879657
IBRD only,2014,5959.318017
IBRD only,2019,6459.056497
IBRD only,2021,7289.992048
IBRD only,2005,2291.475448
IBRD only,2008,3924.244295
IBRD only,2010,4533.452503
IBRD only,2000,1474.433538
IBRD only,2004,1939.123608
IBRD only,1998,1426.819315
IBRD only,2015,5525.004907
IBRD only,2018,6376.206376
IBRD only,2012,5583.762236
IBRD only,2023,7832.149756
IBRD only,2022,7651.517025
IBRD only,2011,5311.687108
IBRD only,2002,1482.329709
IBRD only,2007,3305.748682
IDA & IBRD total,2002,1252.312783
IDA & IBRD total,2019,5125.361189
IDA & IBRD total,2015,4458.110831
IDA & IBRD total,2007,2730.003213
IDA & IBRD total,2003,1387.170522
IDA & IBRD total,2011,4299.306686
IDA & IBRD total,2016,4431.3044
IDA & IBRD total,2005,1912.047929
IDA & IBRD total,2004,1626.720859
IDA & IBRD total,1998,1238.080403
IDA & IBRD total,2012,4504.300205
IDA & IBRD total,2018,5071.477806
IDA & IBRD total,2001,1245.673614
IDA & IBRD total,2022,5974.316584
IDA & IBRD total,2010,3693.185549
IDA & IBRD total,2014,4807.810768
IDA & IBRD total,2009,3090.400078
IDA & IBRD total,2017,4816.556697
IDA & IBRD total,1999,1160.608072
IDA & IBRD total,2020,4884.262425
IDA & IBRD total,2021,5707.610643
IDA & IBRD total,2000,1249.124171
IDA & IBRD total,2023,6075.122993
IDA & IBRD total,2006,2238.11252
IDA & IBRD total,2013,4699.59848
IDA & IBRD total,2008,3228.518332
IDA blend,2007,1292.998154
IDA blend,2021,1827.963106
IDA blend,2010,1534.542403
IDA blend,2014,2099.678521
IDA blend,2017,1796.872873
IDA blend,2016,1787.0344
IDA blend,2004,820.1458999
IDA blend,2005,946.7942539
IDA blend,1998,954.3302766
IDA blend,2008,1475.156954
IDA blend,2012,1858.020474
IDA blend,2022,1944.228147
IDA blend,2018,1856.818763
IDA blend,2009,1341.380979
IDA blend,2003,693.5338882
IDA blend,2020,1713.864579
IDA blend,1999,503.4429214
IDA blend,2000,605.0273251
IDA blend,2001,587.7543753
IDA blend,2013,1976.248372
IDA blend,2011,1710.785605
IDA blend,2015,1953.901452
IDA blend,2006,1145.173797
IDA blend,2002,629.7588009
IDA blend,2019,1865.356055
IDA blend,2023,1687.281337
IDA only,2000,385.1740659
IDA only,2012,950.9071629
IDA only,2023,1424.845979
IDA only,2017,1130.918143
IDA only,2008,801.1280412
IDA only,2021,1276.232716
IDA only,2005,518.9331389
IDA only,1998,363.1634941
IDA only,1999,362.737146
IDA only,2007,677.0732904
IDA only,2016,1072.25259
IDA only,2002,382.9385791
IDA only,2004,466.4063333
IDA only,2015,1036.870897
IDA only,2011,968.3451938
IDA only,2006,583.703214
IDA only,2020,1197.826556
IDA only,2019,1211.19959
IDA only,2013,1014.879832
IDA only,2003,421.5412454
IDA only,2009,796.7378871
IDA only,2022,1347.049598
IDA only,2014,1062.793302
IDA only,2010,884.9291612
IDA only,2001,369.4406413
IDA only,2018,1177.527642
IDA total,2009,980.1226111
IDA total,2001,441.6158464
IDA total,1999,408.4030428
IDA total,2020,1370.262578
IDA total,2022,1545.893118
IDA total,2018,1405.597172
IDA total,2003,511.731752
IDA total,2000,457.6445245
IDA total,2023,1510.984397
IDA total,2019,1430.29037
IDA total,2010,1104.154616
IDA total,2021,1460.266755
IDA total,2014,1413.487017
IDA total,2002,464.7379795
IDA total,2006,771.7504442
IDA total,2017,1354.977107
IDA total,2012,1257.628914
IDA total,2016,1313.252079
IDA total,2008,1027.530089
IDA total,2007,883.6351757
IDA total,2004,584.2090551
IDA total,2005,661.7863668
IDA total,1998,561.2236762
IDA total,2011,1219.258317
IDA total,2015,1346.696932
IDA total,2013,1340.128859
Iceland,2012,45995.54788
Iceland,2020,59023.56635
Iceland,2005,56794.85016
Iceland,2014,54576.74481
Iceland,2002,32409.21615
Iceland,2017,72010.14903
Iceland,2001,28897.44394
Iceland,2010,43237.07295
Iceland,2011,47714.59223
Iceland,1998,31030.0536
Iceland,2000,32096.37226
Iceland,2008,56943.37045
Iceland,2007,69495.72674
Iceland,2006,57492.93425
Iceland,1999,32381.62524
Iceland,2021,69325.90783
Iceland,2023,79636.95486
Iceland,2019,68452.23622
Iceland,2015,52951.68151
Iceland,2022,75314.08556
Iceland,2003,39476.69785
Iceland,2013,49804.983
Iceland,2016,61987.92636
Iceland,2009,41301.27322
Iceland,2018,74452.18907
Iceland,2004,47334.93065
India,2006,801.6683537
India,2019,2041.428637
India,2009,1094.949746
India,2010,1347.519391
India,2014,1553.883961
India,1998,413.6308641
India,2004,624.2588265
India,2012,1429.321995
India,2023,2480.792087
India,2002,469.149929
India,2022,2352.613925
India,2018,1966.254552
India,2005,710.4880804
India,2007,1021.887077
India,2011,1445.461275
India,2015,1583.998159
India,2013,1432.843975
India,2017,1950.104683
India,2021,2239.613844
India,2001,450.3579005
India,1999,441.9279914
India,2000,442.7502189
India,2020,1907.042516
India,2008,992.5195849
India,2003,544.1431335
India,2016,1707.508929
Indonesia,2002,881.0029136
Indonesia,2003,1043.210584
Indonesia,2018,3860.953531
Indonesia,2017,3798.883262
Indonesia,2012,3632.27254
Indonesia,1998,454.8778008
Indonesia,2016,3521.469435
Indonesia,2005,1238.214476
Indonesia,2020,3853.702888
Indonesia,1999,657.2689347
Indonesia,2022,4730.745489
Indonesia,2001,732.3070934
Indonesia,2004,1126.840044
Indonesia,2019,4106.948562
Indonesia,2021,4287.17314
Indonesia,2014,3441.068085
Indonesia,2010,3065.683484
Indonesia,2011,3579.464425
Indonesia,2023,4876.314327
Indonesia,2007,1823.219763
Indonesia,2013,3566.602845
Indonesia,2008,2124.554839
Indonesia,2000,763.711125
Indonesia,2009,2218.485419
Indonesia,2006,1558.315628
Indonesia,2015,3288.222697
"Iran, Islamic Rep.",2009,5415.522806
"Iran, Islamic Rep.",2005,3132.050819
"Iran, Islamic Rep.",2018,4631.78709
"Iran, Islamic Rep.",2011,8025.687434
"Iran, Islamic Rep.",2000,1650.013858
"Iran, Islamic Rep.",2017,5753.115447
"Iran, Islamic Rep.",2004,2672.422665
"Iran, Islamic Rep.",1999,1739.59462
"Iran, Islamic Rep.",2010,6291.194437
"Iran, Islamic Rep.",2019,3831.278948
"Iran, Islamic Rep.",2002,1891.257561
"Iran, Islamic Rep.",2016,5477.037124
"Iran, Islamic Rep.",1998,1709.193341
"Iran, Islamic Rep.",2003,2208.996366
"Iran, Islamic Rep.",2008,5377.411507
"Iran, Islamic Rep.",2021,4334.792686
"Iran, Islamic Rep.",2014,5672.063729
"Iran, Islamic Rep.",2015,4952.733555
"Iran, Islamic Rep.",2012,8114.080998
"Iran, Islamic Rep.",2013,6222.741948
"Iran, Islamic Rep.",2006,3618.916014
"Iran, Islamic Rep.",2007,4687.991663
"Iran, Islamic Rep.",2001,1881.022666
"Iran, Islamic Rep.",2023,4465.63767
"Iran, Islamic Rep.",2022,4405.092915
"Iran, Islamic Rep.",2020,2988.781224
Iraq,2019,5671.856863
Iraq,2014,6249.39227
Iraq,2002,1266.159613
Iraq,2018,5646.689321
Iraq,2013,6650.352822
Iraq,1999,1560.364667
Iraq,2011,5775.542291
Iraq,2004,1328.371576
Iraq,2022,6504.124284
Iraq,2008,4542.96609
Iraq,2020,4295.189451
Iraq,2021,4868.494311
Iraq,2009,3714.71206
Iraq,2015,4440.141893
Iraq,2001,1435.695684
Iraq,2007,3128.990103
Iraq,2005,1762.393604
Iraq,2023,5565.126446
Iraq,2016,4334.420964
Iraq,2003,817.8878625
Iraq,2000,1980.18916
Iraq,2010,4461.751962
Iraq,2006,2276.554357
Iraq,2017,4759.284644
Iraq,1998,900.9371426
Iraq,2012,6477.596185
Ireland,2016,64292.65997
Ireland,2011,52692.78131
Ireland,2004,47754.20232
Ireland,2017,72499.32687
Ireland,2001,28282.40988
Ireland,1998,24294.85477
Ireland,2007,61396.41746
Ireland,2003,41203.52958
Ireland,2019,82508.46599
Ireland,1999,26338.10775
Ireland,2023,103887.8004
Ireland,2009,52133.09092
Ireland,2014,57278.25909
Ireland,2015,64311.82347
Ireland,2008,61353.10656
Ireland,2002,32705.43456
Ireland,2005,50933.02161
Ireland,2018,81248.31354
Ireland,2012,49411.73875
Ireland,2013,52619.21237
Ireland,2020,87567.1149
Ireland,2021,105561.1375
Ireland,2000,26334.56721
Ireland,2022,106194.7559
Ireland,2006,54329.16186
Ireland,2010,48679.40268
Isle of Man,2004,35564.60239
Isle of Man,2007,55040.2437
Isle of Man,1998,18753.12023
Isle of Man,2010,70587.31403
Isle of Man,2013,83207.65884
Isle of Man,2003,28861.61781
Isle of Man,2001,21819.71238
Isle of Man,1999,21042.14618
Isle of Man,2008,72276.77413
Isle of Man,2017,83481.30385
Isle of Man,2019,87127.5518
Isle of Man,2014,91885.45287
Isle of Man,2021,94299.96935
Isle of Man,2000,21161.39631
Isle of Man,2016,82025.94545
Isle of Man,2018,89393.82442
Isle of Man,2015,84753.51874
Isle of Man,2006,42627.50894
Isle of Man,2002,24471.07988
Isle of Man,2005,38135.85979
Isle of Man,2009,66156.10566
Isle of Man,2012,79329.20343
Isle of Man,2020,79513.53303
Isle of Man,2011,77808.85796
Israel,2001,20907.1143
Israel,2012,33236.57312
Israel,2022,54930.72616
Israel,2021,52255.61591
Israel,2015,36123.99079
Israel,2009,28381.64494
Israel,2008,30176.28651
Israel,2014,38230.4954
Israel,2007,25635.92684
Israel,1999,19782.28697
Israel,2004,20546.22917
Israel,2013,36929.60422
Israel,2005,21226.72139
Israel,1998,20157.09663
Israel,2018,42233.26103
Israel,2000,21660.84038
Israel,2010,31338.55689
Israel,2023,52642.42675
Israel,2017,40997.91102
Israel,2011,34433.82261
Israel,2016,37556.62729
Israel,2006,22502.07222
Israel,2020,44679.77158
Israel,2003,19629.41451
Israel,2019,44140.82894
Israel,2002,19034.31757
Italy,2010,36184.71187
Italy,2021,36852.54254
Italy,2002,22463.52221
Italy,2017,32554.14668
Italy,2007,38031.97095
Italy,2014,35750.71975
Italy,2018,34746.34414
Italy,2022,35635.74422
Italy,2020,32091.48666
Italy,2004,31425.82087
Italy,2016,31126.32469
Italy,2019,33812.78872
Italy,2003,27618.94177
Italy,2015,30387.12932
Italy,2011,38851.38813
Italy,1999,22049.99906
Italy,2023,39003.3161
Italy,2000,20190.00356
Italy,2013,35747.70795
Italy,2006,33684.72004
Italy,2009,37388.45371
Italy,2005,32171.79337
Italy,2008,41095.40634
Italy,2001,20571.47877
Italy,1998,22365.18376
Italy,2012,35235.79891
Jamaica,2007,4716.486125
Jamaica,2005,4184.439749
Jamaica,2018,5578.103461
Jamaica,2006,4417.001271
Jamaica,2015,5062.895565
Jamaica,2000,3453.092528
Jamaica,2001,3503.550267
Jamaica,1998,3419.493529
Jamaica,2003,3549.707584
Jamaica,2013,5124.213014
Jamaica,2009,4428.381533
Jamaica,2011,5232.636449
Jamaica,2008,5029.800953
Jamaica,2022,6022.153411
Jamaica,2012,5340.833332
Jamaica,2019,5607.243007
Jamaica,2023,6839.725039
Jamaica,2020,4879.440246
Jamaica,1999,3431.568135
Jamaica,2014,4975.11327
Jamaica,2016,5009.794501
Jamaica,2021,5165.33781
Jamaica,2017,5259.313341
Jamaica,2002,3680.645517
Jamaica,2010,4809.97738
Jamaica,2004,3807.562931
Japan,2011,48760.07895
Japan,2007,35779.02454
Japan,2001,34406.18246
Japan,2019,40415.95676
Japan,2002,32820.79364
Japan,2013,40898.6479
Japan,2015,34960.63938
Japan,2000,39169.35957
Japan,2003,35387.03742
Japan,2004,38298.98017
Japan,2014,38475.39525
Japan,2023,33766.52683
Japan,2009,41308.99684
Japan,2008,39876.30397
Japan,2020,40040.76551
Japan,1999,36610.16832
Japan,2010,44968.15623
Japan,2022,34017.27181
Japan,2017,38834.05293
Japan,2016,39375.47316
Japan,2005,37812.89502
Japan,2006,35991.546
Japan,1998,32423.75561
Japan,2018,39751.1331
Japan,2012,49145.28043
Japan,2021,40058.53733
Jordan,2015,4042.756781
Jordan,2023,4455.505405
Jordan,2005,2087.870793
Jordan,2022,4332.251599
Jordan,2018,4145.439897
Jordan,2020,4022.040136
Jordan,2019,4170.1144
Jordan,2004,1940.086413
Jordan,2012,4169.504701
Jordan,2009,3435.833759
Jordan,2013,4311.219167
Jordan,2016,3986.71677
Jordan,2000,1570.610029
Jordan,2006,2342.634596
Jordan,2001,1632.29454
Jordan,1998,1532.113804
Jordan,2007,2506.205995
Jordan,2021,4183.499983
Jordan,2011,3946.855039
Jordan,2017,4065.616287
Jordan,1999,1544.587506
Jordan,2010,3718.465716
Jordan,2002,1706.267444
Jordan,2008,3241.652414
Jordan,2014,4191.180501
Jordan,2003,1775.676256
Kazakhstan,2010,8793.0759
Kazakhstan,2007,6449.439311
Kazakhstan,2019,9457.126147
Kazakhstan,2022,11255.33964
Kazakhstan,2002,1573.552199
Kazakhstan,2014,12427.70946
Kazakhstan,1998,1414.592897
Kazakhstan,2018,9472.485273
Kazakhstan,2006,5030.134947
Kazakhstan,2004,2722.474078
Kazakhstan,2023,12918.86613
Kazakhstan,2005,3577.35804
Kazakhstan,2011,11287.14649
Kazakhstan,2020,8781.507978
Kazakhstan,2001,1422.273318
Kazakhstan,2008,8123.547059
Kazakhstan,2012,12018.79665
Kazakhstan,2000,1180.044456
Kazakhstan,2021,9983.601036
Kazakhstan,2013,13478.45963
Kazakhstan,1999,1091.547277
Kazakhstan,2003,1958.020502
Kazakhstan,2015,10196.12263
Kazakhstan,2016,7475.566887
Kazakhstan,2009,6938.011757
Kazakhstan,2017,8943.084168
Kenya,2009,1047.967832
Kenya,1999,433.7212357
Kenya,2022,2109.562885
Kenya,2017,1667.484472
Kenya,2007,840.2014395
Kenya,2020,1927.66459
Kenya,2002,402.9363856
Kenya,2001,410.7004525
Kenya,2011,1096.144998
Kenya,2005,523.4563124
Kenya,2013,1370.878852
Kenya,2015,1489.119598
Kenya,2010,1091.518731
Kenya,1998,487.8832399
Kenya,2003,442.8984573
Kenya,2016,1554.126103
Kenya,2018,1836.452755
Kenya,2006,699.8023706
Kenya,2000,414.6263651
Kenya,2008,915.5443547
Kenya,2021,2061.356221
Kenya,2004,463.6627813
Kenya,2023,1952.304579
Kenya,2012,1285.005362
Kenya,2019,1960.408089
Kenya,2014,1482.815663
Kiribati,2017,1853.05113
Kiribati,2001,718.8337573
Kiribati,2006,1123.192683
Kiribati,2020,1769.432118
Kiribati,2021,2253.825001
Kiribati,2007,1352.5783
Kiribati,2009,1316.627346
Kiribati,2004,1083.26859
Kiribati,2013,1772.087069
Kiribati,2003,1020.500502
Kiribati,2015,1639.852743
Kiribati,2018,1912.737981
Kiribati,2005,1161.783727
Kiribati,2014,1736.705301
Kiribati,2008,1410.622495
Kiribati,2019,1750.997509
Kiribati,2016,1742.668124
Kiribati,2022,2075.908441
Kiribati,2000,845.3675561
Kiribati,2012,1843.553469
Kiribati,2011,1771.128945
Kiribati,1999,887.4956781
Kiribati,2023,2106.760004
Kiribati,1998,874.4845739
Kiribati,2010,1522.101102
Kiribati,2002,810.10895
"Korea, Rep.",2017,31600.73587
"Korea, Rep.",2004,16496.13162
"Korea, Rep.",2008,21350.42798
"Korea, Rep.",2009,19143.85161
"Korea, Rep.",2010,23079.26013
"Korea, Rep.",2014,29252.93124
"Korea, Rep.",2016,29280.44032
"Korea, Rep.",1999,10672.44756
"Korea, Rep.",2003,14672.80575
"Korea, Rep.",1998,8281.719483
"Korea, Rep.",2000,12257.02066
"Korea, Rep.",2002,13165.08362
"Korea, Rep.",2019,31902.4169
"Korea, Rep.",2022,32394.68337
"Korea, Rep.",2005,19402.50263
"Korea, Rep.",2023,33121.37129
"Korea, Rep.",2007,24086.41044
"Korea, Rep.",2011,25097.59543
"Korea, Rep.",2001,11561.20717
"Korea, Rep.",2020,31721.29891
"Korea, Rep.",2021,35125.5225
"Korea, Rep.",2015,28737.43917
"Korea, Rep.",2018,33447.15628
"Korea, Rep.",2006,21743.47745
"Korea, Rep.",2013,27179.51701
"Korea, Rep.",2012,25459.1689
Kosovo,2015,3520.628507
Kosovo,2020,4310.888247
Kosovo,2013,3704.558728
Kosovo,2022,5290.947472
Kosovo,2012,3410.655507
Kosovo,2021,5270.426702
Kosovo,2010,2987.545196
Kosovo,2023,5960.158205
Kosovo,2017,4009.317993
Kosovo,2011,3538.947598
Kosovo,2016,3759.449591
Kosovo,2019,4415.997161
Kosovo,2014,3902.494244
Kosovo,2009,2794.866995
Kosovo,2008,2877.393314
Kosovo,2018,4384.186241
Kuwait,2009,37907.10013
Kuwait,2020,25236.07555
Kuwait,2012,52155.22255
Kuwait,2018,32067.96237
Kuwait,2022,40077.23805
Kuwait,2004,27552.28274
Kuwait,2016,27323.68906
Kuwait,2005,36122.61427
Kuwait,1999,15853.62644
Kuwait,2001,17374.23187
Kuwait,2011,49169.6064
Kuwait,1998,14066.95096
Kuwait,2013,49651.04397
Kuwait,2023,33729.79855
Kuwait,2007,45709.41329
Kuwait,2003,22690.65518
Kuwait,2021,34043.54215
Kuwait,2019,31707.87375
Kuwait,2006,42946.63741
Kuwait,2000,19296.34717
Kuwait,2015,29882.21269
Kuwait,2017,29047.65358
Kuwait,2002,18512.7523
Kuwait,2010,39212.27267
Kuwait,2014,44368.78137
Kuwait,2008,55585.18893
Kyrgyz Republic,2010,876.9544764
Kyrgyz Republic,2019,1421.999275
Kyrgyz Republic,2013,1269.663035
Kyrgyz Republic,2012,1168.622447
Kyrgyz Republic,2002,321.7267754
Kyrgyz Republic,2022,1739.720308
Kyrgyz Republic,2011,1117.401844
Kyrgyz Republic,2015,1105.65203
Kyrgyz Republic,2023,1970.15781
Kyrgyz Republic,2003,380.5058288
Kyrgyz Republic,2016,1103.274984
Kyrgyz Republic,1998,345.1370823
Kyrgyz Republic,2007,721.771646
Kyrgyz Republic,2020,1229.517757
Kyrgyz Republic,2005,476.5482398
Kyrgyz Republic,2001,308.4113267
Kyrgyz Republic,2014,1264.526795
Kyrgyz Republic,2021,1349.997307
Kyrgyz Republic,2008,966.3885694
Kyrgyz Republic,2004,433.2339157
Kyrgyz Republic,2000,279.621767
Kyrgyz Republic,1999,258.0480559
Kyrgyz Republic,2009,870.1988945
Kyrgyz Republic,2018,1283.520403
Kyrgyz Republic,2017,1221.390565
Kyrgyz Republic,2006,543.1135125
Lao PDR,2013,1812.517744
Lao PDR,2015,2121.013391
Lao PDR,2014,1981.039109
Lao PDR,2011,1361.547044
Lao PDR,2012,1563.565077
Lao PDR,2001,320.3160054
Lao PDR,2016,2303.22156
Lao PDR,2000,318.7498522
Lao PDR,2017,2432.430595
Lao PDR,2004,409.2962983
Lao PDR,2003,355.0972162
Lao PDR,2002,313.3508171
Lao PDR,2018,2545.107542
Lao PDR,2022,2046.404403
Lao PDR,2010,1125.916102
Lao PDR,2019,2589.32081
Lao PDR,2009,935.0323728
Lao PDR,2006,579.3919474
Lao PDR,1999,272.325307
Lao PDR,2005,466.061507
Lao PDR,2008,885.7473761
Lao PDR,2023,2066.949798
Lao PDR,2021,2526.05105
Lao PDR,2007,697.3230137
Lao PDR,1998,243.9239625
Lao PDR,2020,2583.777307
Late-demographic dividend,2013,8562.315979
Late-demographic dividend,2009,5204.533041
Late-demographic dividend,2010,6225.204366
Late-demographic dividend,2006,3506.879798
Late-demographic dividend,2005,2924.78065
Late-demographic dividend,2000,1670.889478
Late-demographic dividend,2012,8005.486485
Late-demographic dividend,2016,8192.827243
Late-demographic dividend,2011,7540.269254
Late-demographic dividend,2002,1805.117734
Late-demographic dividend,2003,2043.332604
Late-demographic dividend,2014,8829.321674
Late-demographic dividend,2018,9850.361151
Late-demographic dividend,2022,12082.0001
Late-demographic dividend,2017,9032.31848
Late-demographic dividend,2007,4388.242029
Late-demographic dividend,2004,2440.062105
Late-demographic dividend,2008,5420.884874
Late-demographic dividend,2020,9734.689593
Late-demographic dividend,2015,8228.521903
Late-demographic dividend,2021,11597.48556
Late-demographic dividend,2019,9991.404016
Late-demographic dividend,2023,12184.20708
Late-demographic dividend,1998,1674.829799
Late-demographic dividend,2001,1714.598314
Late-demographic dividend,1999,1534.905404
Latin America & Caribbean,2015,8759.806397
Latin America & Caribbean,2005,5229.823993
Latin America & Caribbean,2004,4385.822878
Latin America & Caribbean,2012,10344.62519
Latin America & Caribbean,2016,8461.785469
Latin America & Caribbean,2020,7444.660734
Latin America & Caribbean,2003,3862.063117
Latin America & Caribbean,2013,10491.08126
Latin America & Caribbean,2010,9183.197677
Latin America & Caribbean,2011,10333.7427
Latin America & Caribbean,2019,8830.900456
Latin America & Caribbean,2008,8077.940759
Latin America & Caribbean,2001,4326.548005
Latin America & Caribbean,2023,10796.86237
Latin America & Caribbean,2014,10583.19362
Latin America & Caribbean,2006,6047.6569
Latin America & Caribbean,2000,4472.561981
Latin America & Caribbean,2021,8596.355885
Latin America & Caribbean,2018,9034.707811
Latin America & Caribbean,1998,4618.670362
Latin America & Caribbean,2007,7035.723998
Latin America & Caribbean,2009,7495.040429
Latin America & Caribbean,2017,9311.411094
Latin America & Caribbean,2002,3839.098999
Latin America & Caribbean,2022,9714.936287
Latin America & Caribbean,1999,4110.883895
Latin America & Caribbean (excluding high income),2004,4151.880368
Latin America & Caribbean (excluding high income),2008,7617.553348
Latin America & Caribbean (excluding high income),2018,8504.73822
Latin America & Caribbean (excluding high income),2020,6940.278963
Latin America & Caribbean (excluding high income),2003,3690.371986
Latin America & Caribbean (excluding high income),2023,10180.70552
Latin America & Caribbean (excluding high income),2007,6667.544888
Latin America & Caribbean (excluding high income),2017,8843.085346
Latin America & Caribbean (excluding high income),1998,4500.106555
Latin America & Caribbean (excluding high income),2016,8011.610156
Latin America & Caribbean (excluding high income),1999,3934.769407
Latin America & Caribbean (excluding high income),2014,9914.63937
Latin America & Caribbean (excluding high income),2010,8634.477129
Latin America & Caribbean (excluding high income),2009,6979.948067
Latin America & Caribbean (excluding high income),2012,9826.019886
Latin America & Caribbean (excluding high income),2021,7996.407761
Latin America & Caribbean (excluding high income),2019,8305.989468
Latin America & Caribbean (excluding high income),2001,4121.552994
Latin America & Caribbean (excluding high income),2011,9973.994714
Latin America & Caribbean (excluding high income),2000,4286.864533
Latin America & Caribbean (excluding high income),2005,4958.194768
Latin America & Caribbean (excluding high income),2022,9129.466627
Latin America & Caribbean (excluding high income),2013,9978.513581
Latin America & Caribbean (excluding high income),2015,8337.145994
Latin America & Caribbean (excluding high income),2002,3661.552015
Latin America & Caribbean (excluding high income),2006,5713.840174
Latin America & the Caribbean (IDA & IBRD countries),2019,8654.862095
Latin America & the Caribbean (IDA & IBRD countries),1998,4564.441581
Latin America & the Caribbean (IDA & IBRD countries),2011,10277.12122
Latin America & the Caribbean (IDA & IBRD countries),2017,9165.48672
Latin America & the Caribbean (IDA & IBRD countries),2012,10277.90556
Latin America & the Caribbean (IDA & IBRD countries),2020,7240.560061
Latin America & the Caribbean (IDA & IBRD countries),2014,10507.14547
Latin America & the Caribbean (IDA & IBRD countries),2007,6927.842312
Latin America & the Caribbean (IDA & IBRD countries),2010,9115.010317
Latin America & the Caribbean (IDA & IBRD countries),2022,9483.706406
Latin America & the Caribbean (IDA & IBRD countries),1999,4029.371645
Latin America & the Caribbean (IDA & IBRD countries),2013,10420.64453
Latin America & the Caribbean (IDA & IBRD countries),2021,8382.654516
Latin America & the Caribbean (IDA & IBRD countries),2004,4252.783972
Latin America & the Caribbean (IDA & IBRD countries),2003,3728.671264
Latin America & the Caribbean (IDA & IBRD countries),2018,8877.722992
Latin America & the Caribbean (IDA & IBRD countries),2005,5103.92114
Latin America & the Caribbean (IDA & IBRD countries),2009,7386.620166
Latin America & the Caribbean (IDA & IBRD countries),2002,3714.295059
Latin America & the Caribbean (IDA & IBRD countries),2000,4388.926811
Latin America & the Caribbean (IDA & IBRD countries),2001,4222.902653
Latin America & the Caribbean (IDA & IBRD countries),2023,10553.71099
Latin America & the Caribbean (IDA & IBRD countries),2016,8302.174342
Latin America & the Caribbean (IDA & IBRD countries),2008,7989.397438
Latin America & the Caribbean (IDA & IBRD countries),2015,8617.552912
Latin America & the Caribbean (IDA & IBRD countries),2006,5926.835007
Latvia,2019,17294.97516
Latvia,2022,20229.46136
Latvia,2018,17252.17104
Latvia,2006,9211.737447
Latvia,2017,15132.49583
Latvia,2023,22502.84299
Latvia,2021,20262.84339
Latvia,2008,15677.60809
Latvia,1999,3063.897946
Latvia,2014,15185.81458
Latvia,2007,13370.97895
Latvia,2012,13329.34999
Latvia,2016,13838.52668
Latvia,2001,3504.618295
Latvia,2013,14484.47153
Latvia,2005,7283.787381
Latvia,2003,4914.579928
Latvia,2010,11188.41917
Latvia,1998,2893.799987
Latvia,2002,4003.609358
Latvia,2009,11996.03227
Latvia,2004,6109.732652
Latvia,2011,12902.57405
Latvia,2020,17564.23215
Latvia,2000,3278.178964
Latvia,2015,13321.97531
Least developed countries: UN classification,2011,900.5100128
Least developed countries: UN classification,2017,1024.162826
Least developed countries: UN classification,2005,476.4147231
Least developed countries: UN classification,2008,756.4095534
Least developed countries: UN classification,2009,731.9627137
Least developed countries: UN classification,2014,1028.077764
Least developed countries: UN classification,2016,958.1743981
Least developed countries: UN classification,1999,299.9973301
Least developed countries: UN classification,2003,369.0777561
Least developed countries: UN classification,2020,1081.797482
Least developed countries: UN classification,2012,920.3567442
Least developed countries: UN classification,2000,332.7600355
Least developed countries: UN classification,2007,631.7264321
Least developed countries: UN classification,2023,1306.234785
Least developed countries: UN classification,2022,1265.525405
Least developed countries: UN classification,1998,298.32061
Least developed countries: UN classification,2021,1153.750929
Least developed countries: UN classification,2002,334.1428755
Least developed countries: UN classification,2010,808.1681798
Least developed countries: UN classification,2001,313.1993606
Least developed countries: UN classification,2006,538.3612984
Least developed countries: UN classification,2004,413.9288896
Least developed countries: UN classification,2015,964.4497934
Least developed countries: UN classification,2019,1097.76355
Least developed countries: UN classification,2018,1065.22658
Least developed countries: UN classification,2013,978.7373105
Lebanon,2019,8905.880055
Lebanon,1998,4124.855279
Lebanon,2007,5125.2581
Lebanon,2014,7577.64133
Lebanon,2016,8089.012088
Lebanon,2011,7834.962571
Lebanon,2000,3986.835139
Lebanon,2015,7714.11
Lebanon,2005,4602.198046
Lebanon,2020,5561.19167
Lebanon,2006,4635.251412
Lebanon,2012,8406.984056
Lebanon,2022,3654.358455
Lebanon,2009,7090.854939
Lebanon,2003,4437.715885
Lebanon,2010,7625.810516
Lebanon,2004,4600.683714
Lebanon,2017,8608.21085
Lebanon,2008,5912.045328
Lebanon,2018,9174.536662
Lebanon,2001,4009.559298
Lebanon,2021,4045.373911
Lebanon,2002,4290.852838
Lebanon,2013,8162.379294
Lebanon,1999,4086.938728
Lesotho,2007,861.1884209
Lesotho,2018,1170.655697
Lesotho,2005,861.3814964
Lesotho,2015,1121.198513
Lesotho,2006,925.4674855
Lesotho,2012,1217.930712
Lesotho,2016,992.4918407
Lesotho,2004,766.6858209
Lesotho,2022,1029.995533
Lesotho,2013,1151.037358
Lesotho,2017,1069.366732
Lesotho,2002,388.9233499
Lesotho,1999,455.6500544
Lesotho,2011,1280.733909
Lesotho,2010,1119.475578
Lesotho,2003,583.2700362
Lesotho,2020,918.5825774
Lesotho,2014,1173.537793
Lesotho,2001,412.6774737
Lesotho,2000,442.7795458
Lesotho,2021,1066.586451
Lesotho,2023,916.2829793
Lesotho,2009,878.8479505
Lesotho,2008,898.4825179
Lesotho,1998,464.6837455
Lesotho,2019,1082.057068
Liberia,2007,374.2113081
Liberia,2004,284.140224
Liberia,1998,134.6753934
Liberia,2022,744.6171752
Liberia,2005,287.4873334
Liberia,1999,156.5731669
Liberia,2018,692.2031271
Liberia,2009,448.386367
Liberia,2002,299.5364455
Liberia,2000,298.4853406
Liberia,2014,706.7144901
Liberia,2017,699.2690957
Liberia,2015,692.5900824
Liberia,2012,638.3687515
Liberia,2008,451.7138563
Liberia,2003,239.7795567
Liberia,2020,616.787867
Liberia,2016,714.6130631
Liberia,2023,771.8871421
Liberia,2019,658.1641808
Liberia,2013,710.7445709
Liberia,2011,568.0878655
Liberia,2006,320.5580862
Liberia,2010,492.252808
Liberia,2001,300.4638286
Liberia,2021,667.9661051
Libya,1998,5301.083548
Libya,2010,11600.90686
Libya,2011,7593.839153
Libya,2013,11951.71341
Libya,2012,14975.89028
Libya,2014,8926.420746
Libya,2019,9963.194891
Libya,2009,9551.054039
Libya,2002,3718.294347
Libya,1999,6894.518755
Libya,2008,13906.14078
Libya,2018,11196.58548
Libya,2023,6172.812469
Libya,2017,9965.832367
Libya,2001,6312.800305
Libya,2007,11144.94484
Libya,2003,4674.099432
Libya,2021,4935.827873
Libya,2005,8079.249573
Libya,2004,5773.763332
Libya,2016,7525.802993
Libya,2000,7214.100404
Libya,2006,10048.84804
Libya,2022,5986.636949
Libya,2015,7458.489178
Libya,2020,6650.338106
Liechtenstein,2002,79795.17859
Liechtenstein,2019,166907.8393
Liechtenstein,2013,172823.6078
Liechtenstein,2003,90108.36736
Liechtenstein,2008,143249.2273
Liechtenstein,1999,82682.28488
Liechtenstein,2001,75067.80017
Liechtenstein,2005,105295.057
Liechtenstein,2014,178735.153
Liechtenstein,2010,141089.8128
Liechtenstein,2018,174988.7751
Liechtenstein,2017,170547.0923
Liechtenstein,2006,114167.9392
Liechtenstein,2020,164671.0936
Liechtenstein,2016,165375.4914
Liechtenstein,2012,148842.0351
Liechtenstein,2022,186400.2338
Liechtenstein,2015,167187.1573
Liechtenstein,2009,126024.7146
Liechtenstein,2011,158066.3694
Liechtenstein,2004,100280.8314
Liechtenstein,2021,196783.7294
Liechtenstein,2007,130492.5953
Liechtenstein,2000,76087.91111
Liechtenstein,1998,78302.99059
Lithuania,2015,14300.25537
Lithuania,2012,14294.71786
Lithuania,2005,7857.031488
Lithuania,2017,16884.71003
Lithuania,2021,23934.72849
Lithuania,2007,12295.12128
Lithuania,2008,14955.53455
Lithuania,2022,25085.78406
Lithuania,2016,14981.62081
Lithuania,2006,9210.101182
Lithuania,2002,4148.130915
Lithuania,2009,11854.37111
Lithuania,2013,15655.35133
Lithuania,2020,20541.82499
Lithuania,2001,3532.527874
Lithuania,1998,3180.644986
Lithuania,1999,3127.511767
Lithuania,2003,5507.474342
Lithuania,2018,19368.5391
Lithuania,2000,3300.636349
Lithuania,2019,19727.76075
Lithuania,2010,11829.12261
Lithuania,2004,6734.574871
Lithuania,2011,14261.84338
Lithuania,2023,27786.00578
Lithuania,2014,16473.56782
Low & middle income,2005,1707.020598
Low & middle income,2004,1466.620302
Low & middle income,2009,2773.761588
Low & middle income,2021,5345.679193
Low & middle income,2016,4176.467505
Low & middle income,2011,3862.683057
Low & middle income,2023,5658.547496
Low & middle income,2006,1980.797437
Low & middle income,2015,4187.844069
Low & middle income,2014,4373.156291
Low & middle income,2018,4738.203403
Low & middle income,2007,2398.014403
Low & middle income,2019,4791.420883
Low & middle income,2020,4585.375759
Low & middle income,1999,1086.538803
Low & middle income,2000,1162.756639
Low & middle income,2022,5551.335146
Low & middle income,2010,3325.85341
Low & middle income,2012,4048.47846
Low & middle income,2002,1150.991879
Low & middle income,2003,1268.976837
Low & middle income,2001,1146.548088
Low & middle income,1998,1147.335991
Low & middle income,2013,4236.632272
Low & middle income,2008,2806.73796
Low & middle income,2017,4507.725907
Low income,2000,317.586554
Low income,2009,673.1287263
Low income,2005,445.8178064
Low income,2010,720.0405877
Low income,2011,759.6036342
Low income,2018,654.3451713
Low income,2013,703.2281812
Low income,2007,595.0130989
Low income,1998,270.3865863
Low income,2019,676.7098007
Low income,2006,503.102894
Low income,2003,338.2800607
Low income,2016,633.7014685
Low income,2015,705.461511
Low income,2022,763.3227248
Low income,2008,695.7685492
Low income,2017,645.9847383
Low income,2002,312.0286842
Low income,2012,699.3738333
Low income,2001,292.0916826
Low income,2021,680.0527236
Low income,2014,734.4265831
Low income,1999,265.2414177
Low income,2020,651.4533784
Low income,2023,900.9632581
Low income,2004,384.2080033
Lower middle income,2002,571.9635117
Lower middle income,2022,2423.841467
Lower middle income,2010,1484.051825
Lower middle income,2008,1224.054828
Lower middle income,2017,2017.256138
Lower middle income,2019,2152.161879
Lower middle income,1998,596.7373015
Lower middle income,2012,1692.331253
Lower middle income,2000,557.8144293
Lower middle income,2013,1761.337453
Lower middle income,2021,2300.761243
Lower middle income,2001,552.5703718
Lower middle income,1999,539.0828287
Lower middle income,2020,2057.146291
Lower middle income,2023,2415.598545
Lower middle income,2007,1125.941583
Lower middle income,2014,1872.373944
Lower middle income,2006,936.4791218
Lower middle income,2015,1841.845261
Lower middle income,2011,1628.266236
Lower middle income,2003,636.9074118
Lower middle income,2016,1891.002551
Lower middle income,2004,719.2603941
Lower middle income,2018,2076.456711
Lower middle income,2005,813.930174
Lower middle income,2009,1254.577569
Luxembourg,2006,90788.80049
Luxembourg,2005,80988.13762
Luxembourg,2014,123678.7021
Luxembourg,2019,112726.4397
Luxembourg,2023,128678.1899
Luxembourg,2008,120422.1379
Luxembourg,2021,133711.7944
Luxembourg,2022,125006.0218
Luxembourg,2012,112584.6763
Luxembourg,2013,120000.1407
Luxembourg,2020,116905.3704
Luxembourg,1999,50872.44927
Luxembourg,2009,109419.747
Luxembourg,2000,48659.59888
Luxembourg,2016,106899.2935
Luxembourg,2010,110885.9914
Luxembourg,2001,48440.14202
Luxembourg,2004,76544.91709
Luxembourg,2017,110193.2138
Luxembourg,2002,53005.73392
Luxembourg,2011,119025.0572
Luxembourg,2018,116786.5117
Luxembourg,2003,65689.32145
Luxembourg,2007,107475.3203
Luxembourg,2015,105462.0126
Luxembourg,1998,47445.38108
"Macao SAR, China",1999,15319.77173
"Macao SAR, China",2019,81967.69917
"Macao SAR, China",2000,15731.98688
"Macao SAR, China",2014,88310.81196
"Macao SAR, China",2016,69074.0363
"Macao SAR, China",1998,16097.06889
"Macao SAR, China",2023,67476.52908
"Macao SAR, China",2017,77704.92153
"Macao SAR, China",2012,76051.63123
"Macao SAR, China",2004,23407.19937
"Macao SAR, China",2015,70070.2918
"Macao SAR, China",2008,38888.5118
"Macao SAR, China",2011,67041.28231
"Macao SAR, China",2018,83761.81718
"Macao SAR, China",2003,18589.89983
"Macao SAR, China",2007,35400.23347
"Macao SAR, China",2002,16814.99264
"Macao SAR, China",2022,36909.95641
"Macao SAR, China",2006,29813.78772
"Macao SAR, China",2010,52591.80352
"Macao SAR, China",2020,36976.25611
"Macao SAR, China",2001,15810.72277
"Macao SAR, China",2009,40351.00356
"Macao SAR, China",2005,25681.21673
"Macao SAR, China",2021,45376.31459
"Macao SAR, China",2013,87069.767
Madagascar,2007,419.5480014
Madagascar,2012,493.5111629
Madagascar,2011,506.1636916
Madagascar,2014,505.6849225
Madagascar,2008,512.5798001
Madagascar,2022,497.2425148
Madagascar,2018,500.4571855
Madagascar,2002,304.9417774
Madagascar,2020,450.7716152
Madagascar,2006,324.1468749
Madagascar,1999,267.360531
Madagascar,2010,450.0093916
Madagascar,2017,491.8668487
Madagascar,1998,284.1929231
Madagascar,2004,272.2007486
Madagascar,2015,445.3200695
Madagascar,2009,446.3152384
Madagascar,2001,319.2832782
Madagascar,2013,515.3015894
Madagascar,2003,352.6200958
Madagascar,2000,280.2829056
Madagascar,2016,453.9707145
Madagascar,2005,305.8120749
Madagascar,2019,499.8188376
Madagascar,2023,506.1593687
Madagascar,2021,490.2062386
Malawi,2011,763.0610004
Malawi,2001,215.4745249
Malawi,2015,539.6053632
Malawi,2016,450.5061055
Malawi,2014,529.513344
Malawi,2009,625.8697299
Malawi,2010,683.1246947
Malawi,2000,224.2241592
Malawi,2017,495.7696834
Malawi,2023,602.3436198
Malawi,2018,533.2031737
Malawi,1999,233.9359862
Malawi,2007,475.1802617
Malawi,2003,383.3485969
Malawi,2006,440.822149
Malawi,2022,604.2697512
Malawi,2013,496.9473683
Malawi,2019,580.8898161
Malawi,2002,428.2104398
Malawi,2005,414.361122
Malawi,2021,617.4475208
Malawi,2008,554.0488204
Malawi,2004,404.6742484
Malawi,2012,558.4620883
Malawi,1998,236.0454795
Malawi,2020,602.5074782
Malaysia,2002,4184.031638
Malaysia,2023,11379.0861
Malaysia,2021,10903.11164
Malaysia,1998,3294.309784
Malaysia,2007,7168.930319
Malaysia,2008,8371.821561
Malaysia,2013,10713.64076
Malaysia,2022,11748.09193
Malaysia,2015,9648.679794
Malaysia,2001,3943.799439
Malaysia,2010,8899.345055
Malaysia,2019,10920.19176
Malaysia,2020,9957.526267
Malaysia,2018,10901.802
Malaysia,2014,11013.31073
Malaysia,2011,10217.10686
Malaysia,2006,6158.407855
Malaysia,2003,4465.321946
Malaysia,2005,5555.5818
Malaysia,2012,10600.57442
Malaysia,2004,4939.248519
Malaysia,2009,7191.432872
Malaysia,2016,9476.534098
Malaysia,2017,9862.548066
Malaysia,1999,3527.815814
Malaysia,2000,4083.528745
Maldives,2022,11786.00915
Maldives,2018,11423.28384
Maldives,1999,2124.060075
Maldives,2006,5018.943354
Maldives,2021,10176.14388
Maldives,2016,9947.807447
Maldives,2012,7461.297037
Maldives,2007,5758.102869
Maldives,2005,3796.515465
Maldives,2002,3076.070072
Maldives,2019,11740.2724
Maldives,2003,3548.576701
Maldives,2023,12530.36024
Maldives,2008,6757.432809
Maldives,2020,7393.888654
Maldives,2000,2213.812351
Maldives,2014,8939.074166
Maldives,2009,6734.031656
Maldives,2004,4070.260946
Maldives,2001,3033.932345
Maldives,2011,7424.520411
Maldives,1998,1980.384484
Maldives,2010,7173.596018
Maldives,2013,8236.081779
Maldives,2017,10509.62881
Maldives,2015,9644.90655
Mali,2004,416.2783444
Mali,2019,820.1973908
Mali,1998,267.442574
Mali,2002,318.042432
Mali,2012,733.7389353
Mali,2017,775.5364921
Mali,2009,662.8833881
Mali,2008,658.4931833
Mali,2015,704.8216464
Mali,2003,371.6270164
Mali,2010,670.369099
Mali,2018,835.0867106
Mali,2001,291.1594979
Mali,2014,797.1545108
Mali,2000,256.199555
Mali,2021,862.4674001
Mali,2013,758.4755326
Mali,2023,869.2702343
Mali,2007,564.1579583
Mali,2005,461.4579203
Mali,2022,813.9650341
Mali,1999,306.4574267
Mali,2006,493.6287065
Mali,2016,730.8549382
Mali,2020,804.3439567
Mali,2011,789.0627255
Malta,2009,21176.31124
Malta,2020,31796.82134
Malta,2019,32412.26978
Malta,2017,30259.39526
Malta,2018,33332.19056
Malta,2005,15831.34405
Malta,2008,22315.31986
Malta,2015,25481.89776
Malta,2010,21946.60697
Malta,2022,36142.20585
Malta,1998,10408.06199
Malta,2002,11251.20609
Malta,2011,23516.96912
Malta,2014,27356.60803
Malta,2003,13593.9742
Malta,2006,16653.60718
Malta,2007,19444.1875
Malta,2004,15212.12674
Malta,2013,25346.52365
Malta,1999,10609.19472
Malta,2000,10348.48655
Malta,2021,38027.38017
Malta,2023,40395.76921
Malta,2016,26409.62859
Malta,2012,22878.31309
Malta,2001,10357.70404
Marshall Islands,2003,2539.330738
Marshall Islands,2014,3735.239778
Marshall Islands,2000,2264.791149
Marshall Islands,2023,6678.342391
Marshall Islands,2021,6258.611937
Marshall Islands,2011,3319.398154
Marshall Islands,2015,3764.344262
Marshall Islands,1999,2257.920003
Marshall Islands,2010,3095.45769
Marshall Islands,2007,2892.28404
Marshall Islands,2001,2394.345011
Marshall Islands,2009,2906.63027
Marshall Islands,2005,2658.652179
Marshall Islands,2013,3677.906908
Marshall Islands,2019,5292.339855
Marshall Islands,1998,2254.160549
Marshall Islands,2016,4229.809889
Marshall Islands,2022,6322.828555
Marshall Islands,2020,5661.967873
Marshall Islands,2012,3514.265155
Marshall Islands,2006,2754.269888
Marshall Islands,2018,4858.120791
Marshall Islands,2008,2817.605228
Marshall Islands,2017,4592.834576
Marshall Islands,2002,2566.067088
Marshall Islands,2004,2566.08291
Mauritania,2013,1934.241031
Mauritania,2021,1947.789184
Mauritania,2007,1405.150162
Mauritania,2012,1859.117332
Mauritania,2008,1635.563062
Mauritania,2002,648.8796439
Mauritania,2014,1713.008653
Mauritania,2023,2120.823204
Mauritania,2004,823.5544571
Mauritania,2005,998.9658342
Mauritania,2015,1554.948979
Mauritania,2003,732.0178208
Mauritania,2011,1931.199755
Mauritania,2006,1300.60368
Mauritania,2020,1795.764596
Mauritania,2022,1960.352401
Mauritania,1999,781.3370336
Mauritania,2017,1615.004013
Mauritania,2009,1435.430108
Mauritania,2019,1767.072711
Mauritania,1998,821.2663786
Mauritania,2016,1565.765757
Mauritania,2000,680.9110619
Mauritania,2018,1722.935289
Mauritania,2010,1659.963697
Mauritania,2001,651.8178402
Mauritius,1998,3641.621426
Mauritius,2003,4858.265755
Mauritius,2011,9197.042991
Mauritius,2020,9011.042884
Mauritius,2013,9764.644131
Mauritius,2002,4073.060531
Mauritius,2006,5695.975255
Mauritius,2004,5460.608002
Mauritius,2021,9068.973002
Mauritius,2016,9965.725311
Mauritius,2014,10366.35508
Mauritius,2000,3981.983432
Mauritius,2001,3908.556949
Mauritius,2007,6574.663576
Mauritius,2018,11643.4606
Mauritius,2010,8000.376432
Mauritius,2005,5354.029743
Mauritius,2019,11403.25279
Mauritius,2009,7318.12641
Mauritius,2012,9291.236276
Mauritius,2023,11613.04416
Mauritius,1999,3745.696251
Mauritius,2008,8030.052281
Mauritius,2022,10239.79705
Mauritius,2017,10841.68478
Mauritius,2015,9507.871337
Mexico,2020,8841.27075
Mexico,2004,7849.667596
Mexico,2003,7434.074649
Mexico,2016,9097.923977
Mexico,2023,13790.02434
Mexico,2000,7524.027137
Mexico,2014,11391.37735
Mexico,2015,10021.23861
Mexico,2008,10523.76854
Mexico,2013,11216.80085
Mexico,1998,5832.69342
Mexico,2022,11385.40708
Mexico,2018,10084.79376
Mexico,2012,10744.13352
Mexico,2019,10369.55536
Mexico,2009,8423.569332
Mexico,2005,8671.758919
Mexico,2006,9512.635753
Mexico,2011,10664.4944
Mexico,2017,9649.278168
Mexico,2010,9728.800784
Mexico,1999,6499.97183
Mexico,2002,7983.033985
Mexico,2021,10314.05067
Mexico,2001,7952.764796
Mexico,2007,10134.33271
"Micronesia, Fed. Sts.",2015,2911.16211
"Micronesia, Fed. Sts.",2017,3279.10779
"Micronesia, Fed. Sts.",2022,3835.381843
"Micronesia, Fed. Sts.",2002,2156.705322
"Micronesia, Fed. Sts.",2014,2945.41496
"Micronesia, Fed. Sts.",2000,2081.966013
"Micronesia, Fed. Sts.",2007,2336.978522
"Micronesia, Fed. Sts.",2019,3572.659183
"Micronesia, Fed. Sts.",2012,3033.169895
"Micronesia, Fed. Sts.",2005,2246.453703
"Micronesia, Fed. Sts.",2011,2890.50493
"Micronesia, Fed. Sts.",2001,2144.537
"Micronesia, Fed. Sts.",1998,1965.155283
"Micronesia, Fed. Sts.",2020,3353.88943
"Micronesia, Fed. Sts.",2013,2933.883334
"Micronesia, Fed. Sts.",2008,2415.59356
"Micronesia, Fed. Sts.",1999,1971.172099
"Micronesia, Fed. Sts.",2009,2596.261474
"Micronesia, Fed. Sts.",2016,2979.601192
"Micronesia, Fed. Sts.",2006,2289.751556
"Micronesia, Fed. Sts.",2018,3566.586904
"Micronesia, Fed. Sts.",2023,4084.169404
"Micronesia, Fed. Sts.",2010,2761.243258
"Micronesia, Fed. Sts.",2003,2185.80309
"Micronesia, Fed. Sts.",2021,3493.872286
"Micronesia, Fed. Sts.",2004,2146.401608
Middle East & North Africa,2012,8823.396275
Middle East & North Africa,2017,7340.268739
Middle East & North Africa,2009,6161.91281
Middle East & North Africa,2005,4335.684878
Middle East & North Africa,2022,8986.098959
Middle East & North Africa,2006,4977.189111
Middle East & North Africa,2002,2944.473135
Middle East & North Africa,2020,6650.853688
Middle East & North Africa,2019,7590.754518
Middle East & North Africa,2015,7228.308895
Middle East & North Africa,2004,3697.371674
Middle East & North Africa,2008,7011.103635
Middle East & North Africa,2007,5749.015746
Middle East & North Africa,2014,8372.742628
Middle East & North Africa,1998,2666.168598
Middle East & North Africa,2023,8499.843064
Middle East & North Africa,2016,7156.796135
Middle East & North Africa,2018,7732.442966
Middle East & North Africa,2011,8379.04713
Middle East & North Africa,2010,7103.441752
Middle East & North Africa,2003,3206.885936
Middle East & North Africa,2021,7801.403934
Middle East & North Africa,2013,8500.600916
Middle East & North Africa,2001,3028.863533
Middle East & North Africa,2000,3112.374122
Middle East & North Africa,1999,2838.691267
Middle East & North Africa (IDA & IBRD countries),2009,3566.43761
Middle East & North Africa (IDA & IBRD countries),2006,2564.446396
Middle East & North Africa (IDA & IBRD countries),2013,4471.074146
Middle East & North Africa (IDA & IBRD countries),2021,3653.411588
Middle East & North Africa (IDA & IBRD countries),2001,1639.142445
Middle East & North Africa (IDA & IBRD countries),2011,4668.631835
Middle East & North Africa (IDA & IBRD countries),2017,3770.440415
Middle East & North Africa (IDA & IBRD countries),2005,2230.535544
Middle East & North Africa (IDA & IBRD countries),2014,4322.949164
Middle East & North Africa (IDA & IBRD countries),2002,1553.437255
Middle East & North Africa (IDA & IBRD countries),2004,1943.506691
Middle East & North Africa (IDA & IBRD countries),2019,3593.386667
Middle East & North Africa (IDA & IBRD countries),2010,4056.240811
Middle East & North Africa (IDA & IBRD countries),2008,3742.104613
Middle East & North Africa (IDA & IBRD countries),2023,3802.179725
Middle East & North Africa (IDA & IBRD countries),2020,3174.944151
Middle East & North Africa (IDA & IBRD countries),2012,4927.285765
Middle East & North Africa (IDA & IBRD countries),2003,1672.335981
Middle East & North Africa (IDA & IBRD countries),2018,3684.084605
Middle East & North Africa (IDA & IBRD countries),2000,1649.666317
Middle East & North Africa (IDA & IBRD countries),2022,4032.804004
Middle East & North Africa (IDA & IBRD countries),2016,3834.136582
Middle East & North Africa (IDA & IBRD countries),2015,3809.846682
Middle East & North Africa (IDA & IBRD countries),1998,1484.066249
Middle East & North Africa (IDA & IBRD countries),1999,1591.664391
Middle East & North Africa (IDA & IBRD countries),2007,3090.140074
Middle East & North Africa (excluding high income),2012,4906.913136
Middle East & North Africa (excluding high income),2004,1938.077293
Middle East & North Africa (excluding high income),2011,4649.161669
Middle East & North Africa (excluding high income),2003,1668.039091
Middle East & North Africa (excluding high income),2022,4030.08693
Middle East & North Africa (excluding high income),2008,3723.895082
Middle East & North Africa (excluding high income),1998,1483.875454
Middle East & North Africa (excluding high income),2017,3768.75975
Middle East & North Africa (excluding high income),2020,3175.617067
Middle East & North Africa (excluding high income),2005,2223.350026
Middle East & North Africa (excluding high income),2013,4458.355277
Middle East & North Africa (excluding high income),2000,1647.905802
Middle East & North Africa (excluding high income),2001,1636.043389
Middle East & North Africa (excluding high income),2023,3797.10418
Middle East & North Africa (excluding high income),2018,3682.710255
Middle East & North Africa (excluding high income),2007,3075.060612
Middle East & North Africa (excluding high income),2021,3653.70377
Middle East & North Africa (excluding high income),1999,1590.734499
Middle East & North Africa (excluding high income),2016,3830.713009
Middle East & North Africa (excluding high income),2006,2553.994171
Middle East & North Africa (excluding high income),2015,3803.871106
Middle East & North Africa (excluding high income),2002,1549.350817
Middle East & North Africa (excluding high income),2019,3594.108764
Middle East & North Africa (excluding high income),2014,4312.216413
Middle East & North Africa (excluding high income),2009,3551.661077
Middle East & North Africa (excluding high income),2010,4040.017546
Middle income,2013,4610.542197
Middle income,2022,6137.817076
Middle income,2004,1566.726102
Middle income,2021,5906.22675
Middle income,2000,1236.425456
Middle income,2007,2573.087217
Middle income,2010,3590.836535
Middle income,2017,4939.463083
Middle income,2003,1353.777556
Middle income,2020,5049.558237
Middle income,2009,2984.353826
Middle income,1998,1221.378514
Middle income,2023,6254.08765
Middle income,2014,4763.025724
Middle income,2019,5267.927627
Middle income,2008,3015.081549
Middle income,2016,4566.492851
Middle income,2015,4565.927446
Middle income,2005,1825.529117
Middle income,2006,2121.941748
Middle income,2018,5202.510343
Middle income,2002,1226.222479
Middle income,2001,1221.819192
Middle income,2012,4398.517813
Middle income,1999,1156.919379
Middle income,2011,4182.813214
Moldova,2007,1531.216186
Moldova,2002,570.7998662
Moldova,2018,4156.44982
Moldova,2017,3453.267277
Moldova,2022,5738.424735
Moldova,2021,5274.605822
Moldova,2019,4405.334182
Moldova,2023,6729.412868
Moldova,2008,2110.553054
Moldova,2020,4375.778893
Moldova,2011,2941.362241
Moldova,2010,2436.799351
Moldova,2016,2847.087948
Moldova,2012,3044.808432
Moldova,2005,1034.391977
Moldova,1999,399.4998186
Moldova,2000,440.538684
Moldova,2003,682.319096
Moldova,2009,1898.439757
Moldova,2014,3289.957586
Moldova,2013,3321.043978
Moldova,2006,1183.024814
Moldova,2001,507.4040763
Moldova,2015,2749.551371
Moldova,2004,897.1784947
Moldova,1998,578.7346276
Monaco,2013,184940.6638
Monaco,2000,81789.02065
Monaco,2020,176891.8865
Monaco,2011,179363.9842
Monaco,2002,90051.44599
Monaco,2016,173604.7536
Monaco,2015,170437.1012
Monaco,2004,125160.2281
Monaco,2018,188298.3157
Monaco,2005,130538.7426
Monaco,2014,195693.5707
Monaco,2007,184558.5566
Monaco,1999,89698.19936
Monaco,1998,90947.20512
Monaco,2022,226052.0019
Monaco,2003,111110.4513
Monaco,2001,82402.78096
Monaco,2010,161853.9206
Monaco,2021,223823.364
Monaco,2006,143083.4611
Monaco,2019,193746.7856
Monaco,2009,169150.2673
Monaco,2012,165444.6514
Monaco,2023,256580.5151
Monaco,2017,170663.3752
Monaco,2008,204263.7971
Mongolia,2003,643.1680689
Mongolia,2022,4993.514875
Mongolia,2017,3645.967087
Mongolia,2014,4126.239758
Mongolia,1999,448.6603683
Mongolia,1998,483.8780661
Mongolia,2000,476.0275508
Mongolia,2009,1703.327568
Mongolia,2011,3736.042015
Mongolia,2005,994.9001091
Mongolia,2021,4517.61578
Mongolia,2023,5838.631081
Mongolia,2002,570.2492132
Mongolia,2007,1627.687877
Mongolia,2019,4347.546103
Mongolia,2018,4107.642885
Mongolia,2001,524.4534836
Mongolia,2008,2127.426786
Mongolia,2015,3838.92127
Mongolia,2013,4340.143105
Mongolia,2016,3619.900264
Mongolia,2010,2625.218814
Mongolia,2006,1329.891796
Mongolia,2012,4328.890019
Mongolia,2020,4001.251931
Mongolia,2004,794.154552
Montenegro,2014,7387.872969
Montenegro,2006,4425.678873
Montenegro,2018,8850.374925
Montenegro,2013,7188.863616
Montenegro,2016,7033.439624
Montenegro,2003,2789.159065
Montenegro,2020,7677.371321
Montenegro,2009,6727.107767
Montenegro,2008,7367.751909
Montenegro,2017,7803.358245
Montenegro,2000,1627.065119
Montenegro,2021,9465.96153
Montenegro,1999,1367.902573
Montenegro,2022,10093.4387
Montenegro,2005,3674.617924
Montenegro,2011,7328.789431
Montenegro,2001,1909.598702
Montenegro,2012,6586.399703
Montenegro,2019,8909.653876
Montenegro,2002,2106.635068
Montenegro,2015,6517.192675
Montenegro,2023,12221.47755
Montenegro,1998,1405.816327
Montenegro,2010,6688.402596
Montenegro,2007,5976.394145
Montenegro,2004,3380.165121
Morocco,2011,3301.98877
Morocco,2012,3164.177246
Morocco,2005,2242.988281
Morocco,2007,2755.585938
Morocco,2018,3501.697998
Morocco,2009,3119.588623
Morocco,2004,2183.55542
Morocco,2023,3771.446289
Morocco,2000,1499.107422
Morocco,1999,1635.656738
Morocco,2010,3067.985352
Morocco,2019,3508.097656
Morocco,2014,3435.406982
Morocco,2017,3296.526611
Morocco,2002,1596.02063
Morocco,2003,1941.872559
Morocco,2013,3379.743164
Morocco,2001,1506.245239
Morocco,2006,2438.126465
Morocco,2021,3785.936279
Morocco,2008,3183.200439
Morocco,1998,1668.497559
Morocco,2022,3455.39624
Morocco,2015,3146.247803
Morocco,2020,3268.030273
Morocco,2016,3140.855469
Mozambique,2014,697.1426804
Mozambique,2018,517.5072603
Mozambique,2010,496.1858394
Mozambique,2022,578.2516638
Mozambique,2023,622.9856193
Mozambique,2015,610.5637747
Mozambique,1998,320.1251217
Mozambique,2004,400.0569732
Mozambique,2019,519.0925509
Mozambique,2001,304.7921386
Mozambique,2002,313.8866617
Mozambique,2011,618.1764929
Mozambique,2007,507.8749239
Mozambique,2013,686.5056725
Mozambique,2006,457.4876478
Mozambique,1999,354.4062457
Mozambique,2012,685.6857482
Mozambique,2003,339.4887378
Mozambique,2020,462.4338765
Mozambique,2009,547.6971442
Mozambique,2008,592.1591112
Mozambique,2005,436.7738562
Mozambique,2017,470.9385631
Mozambique,2016,441.4897348
Mozambique,2021,509.9078295
Mozambique,2000,327.1262398
Myanmar,2019,1425.989542
Myanmar,2015,1166.733055
Myanmar,2000,196.6195806
Myanmar,1998,145.9508304
Myanmar,2021,1242.721344
Myanmar,2022,1158.05005
Myanmar,2001,141.5256607
Myanmar,1999,189.4901558
Myanmar,2020,1490.216835
Myanmar,2018,1298.213103
Myanmar,2016,1229.197135
Myanmar,2017,1272.822418
Myanmar,2014,1293.000423
Myanmar,2011,1213.628987
Myanmar,2013,1199.095616
Myanmar,2005,252.6851931
Myanmar,2009,758.4429358
Myanmar,2012,1202.665896
Myanmar,2002,146.5983904
Myanmar,2003,224.2926889
Myanmar,2007,419.3757807
Myanmar,2006,303.4950871
Myanmar,2010,1010.534173
Myanmar,2004,224.5088114
Myanmar,2023,1233.196662
Myanmar,2008,658.4424872
Namibia,2010,5418.216334
Namibia,2013,5346.621311
Namibia,2017,5143.960723
Namibia,2003,2569.247393
Namibia,2004,3403.154962
Namibia,2020,3878.58983
Namibia,2021,4412.835569
Namibia,2023,4168.285211
Namibia,2022,4349.045322
Namibia,2019,4731.921032
Namibia,2002,1772.075655
Namibia,2015,4774.106509
Namibia,2011,5834.791768
Namibia,2005,3685.773
Namibia,2014,5378.323262
Namibia,2009,4302.913741
Namibia,1998,2235.245155
Namibia,2008,4204.785554
Namibia,2012,5942.64681
Namibia,2000,2156.675905
Namibia,2001,1915.589266
Namibia,2018,5308.608134
Namibia,2016,4395.687762
Namibia,1999,2177.787334
Namibia,2006,4017.183472
Namibia,2007,4379.043137
Nauru,2013,8974.518869
Nauru,2003,2463.282591
Nauru,2021,14989.66475
Nauru,2006,2910.141458
Nauru,2019,10776.82846
Nauru,1999,2682.694867
Nauru,2007,2272.152913
Nauru,2023,12982.76121
Nauru,2014,9193.097844
Nauru,2005,2992.403828
Nauru,2002,2084.648245
Nauru,2011,6480.904513
Nauru,2009,4410.567647
Nauru,2012,9817.368722
Nauru,2020,10695.69933
Nauru,2004,3040.513499
Nauru,2016,8724.307003
Nauru,2001,2232.30874
Nauru,2010,4735.920005
Nauru,2015,7703.431499
Nauru,2008,3756.845312
Nauru,1998,2908.849865
Nauru,2018,11408.69476
Nauru,2000,2648.601529
Nauru,2017,9613.412091
Nauru,2022,13287.27119
Nepal,2010,585.278492
Nepal,2004,279.58775
Nepal,2001,240.7951145
Nepal,2023,1377.626036
Nepal,2018,1179.198432
Nepal,2005,309.0241683
Nepal,2019,1203.142947
Nepal,2002,238.891403
Nepal,2000,223.8302892
Nepal,2009,473.0787512
Nepal,1998,205.0752463
Nepal,2012,788.2029371
Nepal,2016,877.2564547
Nepal,2011,785.5186562
Nepal,2014,821.4552249
Nepal,2007,385.4497677
Nepal,2013,803.2695954
Nepal,1999,208.6466679
Nepal,2020,1154.215176
Nepal,2021,1252.750767
Nepal,2003,246.4297066
Nepal,2017,1034.283749
Nepal,2006,340.4317964
Nepal,2015,875.5436355
Nepal,2022,1385.910663
Nepal,2008,464.8173919
Netherlands,2022,59123.31856
Netherlands,2014,53457.22349
Netherlands,2000,26225.16977
Netherlands,2007,52100.79963
Netherlands,2006,45123.54324
Netherlands,2002,29446.53309
Netherlands,1998,27924.28181
Netherlands,2016,46808.52915
Netherlands,2011,54701.7728
Netherlands,2021,60141.98809
Netherlands,2001,26955.7128
Netherlands,2009,53172.02616
Netherlands,2012,50473.9442
Netherlands,2015,45793.81354
Netherlands,2019,53554.90075
Netherlands,2005,42165.39617
Netherlands,2010,51305.73385
Netherlands,2018,53955.077
Netherlands,2020,53467.92774
Netherlands,2023,64572.00596
Netherlands,2013,52602.28605
Netherlands,1999,28318.74665
Netherlands,2003,35896.75046
Netherlands,2008,58246.70269
Netherlands,2017,49513.68173
Netherlands,2004,40611.34144
New Caledonia,2021,35311.55436
New Caledonia,2020,33270.3306
New Caledonia,2016,30782.85444
New Caledonia,2013,36671.15668
New Caledonia,2001,14482.36063
New Caledonia,1998,16614.59788
New Caledonia,2009,33836.49408
New Caledonia,2015,30858.72371
New Caledonia,2008,35723.90332
New Caledonia,2005,25528.29184
New Caledonia,2012,35559.5672
New Caledonia,2019,33411.33588
New Caledonia,2006,28193.25376
New Caledonia,2010,35798.90848
New Caledonia,2004,24475.64885
New Caledonia,2003,20768.10615
New Caledonia,2017,32354.71028
New Caledonia,2011,38835.94019
New Caledonia,2007,35177.65353
New Caledonia,2002,16104.55204
New Caledonia,2000,15329.72972
New Caledonia,2018,34902.89688
New Caledonia,2014,37816.95586
New Caledonia,1999,16692.68351
New Caledonia,2022,33516.36309
New Zealand,2014,44578.22539
New Zealand,2013,42977.38804
New Zealand,2016,40070.89566
New Zealand,2020,41785.69229
New Zealand,1999,15322.22383
New Zealand,2021,49624.18167
New Zealand,2012,39974.29973
New Zealand,2001,13882.85683
New Zealand,2006,26654.5932
New Zealand,2008,31252.96256
New Zealand,2022,48216.50958
New Zealand,2015,38639.35019
New Zealand,2017,42913.18696
New Zealand,2010,33676.77412
New Zealand,2018,43228.69765
New Zealand,2000,13641.10272
New Zealand,1998,14738.44557
New Zealand,2003,21913.70817
New Zealand,2007,32479.98174
New Zealand,2011,38388.52809
New Zealand,2005,27751.06547
New Zealand,2023,48280.81142
New Zealand,2004,25420.23488
New Zealand,2009,28209.36233
New Zealand,2002,16874.18749
New Zealand,2019,42747.20993
Nicaragua,2020,1931.615158
Nicaragua,2021,2128.609806
Nicaragua,2010,1526.561853
Nicaragua,2022,2325.167379
Nicaragua,2008,1523.68089
Nicaragua,2017,2182.618751
Nicaragua,2014,1958.369665
Nicaragua,1998,949.1553735
Nicaragua,2012,1784.692128
Nicaragua,2015,2074.454465
Nicaragua,2018,2035.167501
Nicaragua,2000,1017.312443
Nicaragua,1999,980.2197447
Nicaragua,2016,2131.688285
Nicaragua,2009,1467.080196
Nicaragua,2002,1014.333904
Nicaragua,2013,1835.434364
Nicaragua,2023,2612.870662
Nicaragua,2007,1350.389546
Nicaragua,2001,1051.874236
Nicaragua,2011,1679.710342
Nicaragua,2005,1183.302173
Nicaragua,2006,1248.17676
Nicaragua,2019,1958.621329
Nicaragua,2004,1098.621187
Nicaragua,2003,1021.352167
Niger,2022,609.7451476
Niger,2000,194.7719599
Niger,2005,318.6431219
Niger,2013,552.1033344
Niger,2018,578.5680357
Niger,2016,502.7064754
Niger,2004,283.4682818
Niger,1999,228.2716561
Niger,2012,528.5101045
Niger,2023,642.9379179
Niger,2003,265.2253635
Niger,2011,510.7595618
Niger,2017,521.80413
Niger,2009,461.131534
Niger,2008,475.0449554
Niger,2019,561.6913043
Niger,2001,205.4179361
Niger,2010,474.4256923
Niger,2015,485.6625742
Niger,2020,579.5124958
Niger,2014,565.3098973
Niger,2006,333.3450784
Niger,2007,387.1680659
Niger,1998,246.0908559
Niger,2021,608.7224396
Niger,2002,225.2943911
Nigeria,1998,1822.469985
Nigeria,2021,2017.274865
Nigeria,2008,2154.105435
Nigeria,2001,566.4282318
Nigeria,2013,2872.790834
Nigeria,2020,2019.657063
Nigeria,2023,1596.636961
Nigeria,2005,1211.377035
Nigeria,2009,1820.486339
Nigeria,2016,2070.412734
Nigeria,2012,2633.197347
Nigeria,2019,2265.155209
Nigeria,2004,962.4810419
Nigeria,2007,1815.526975
Nigeria,2003,763.3887454
Nigeria,2006,1599.538916
Nigeria,2022,2139.374785
Nigeria,2010,2202.25673
Nigeria,2017,1876.340271
Nigeria,2000,547.3182989
Nigeria,2018,2057.879446
Nigeria,2011,2418.41317
Nigeria,2014,3088.721313
Nigeria,2002,712.1648521
Nigeria,2015,2585.733607
Nigeria,1999,480.6693639
North America,2006,45741.25143
North America,2012,51881.45897
North America,2023,79640.42962
North America,2008,48398.37226
North America,2004,40788.48304
North America,2005,43368.5717
North America,2010,48553.01607
North America,2001,35831.45447
North America,2020,62271.19692
North America,2002,36652.00313
North America,2016,56618.04796
North America,2009,46581.41233
North America,2021,69382.17285
North America,2007,47727.77338
North America,2017,58796.51685
North America,2013,53341.41642
North America,1999,33320.93159
North America,2015,55702.08946
North America,1998,31691.94533
North America,2022,75686.48983
North America,2011,50289.17195
North America,2003,38395.5453
North America,2018,61512.7212
North America,2019,63634.7861
North America,2000,35151.37419
North America,2014,54877.60407
North Macedonia,2015,5262.686719
North Macedonia,2006,3440.441106
North Macedonia,2007,4204.113288
North Macedonia,2023,8624.293609
North Macedonia,2004,2818.581456
North Macedonia,2014,5925.385922
North Macedonia,2018,6713.989254
North Macedonia,2016,5598.486226
North Macedonia,2000,1861.898998
North Macedonia,2010,4833.365868
North Macedonia,2022,7606.237525
North Macedonia,1998,1875.816627
North Macedonia,2001,1823.022677
North Macedonia,1999,1915.392811
North Macedonia,2017,5955.297386
North Macedonia,2013,5626.261157
North Macedonia,2011,5416.866729
North Macedonia,2021,7620.80297
North Macedonia,2019,6718.858266
North Macedonia,2012,5049.826539
North Macedonia,2020,6659.596511
North Macedonia,2005,3120.984014
North Macedonia,2003,2445.362864
North Macedonia,2008,5026.420299
North Macedonia,2002,1989.135373
North Macedonia,2009,4799.787228
Northern Mariana Islands,2015,17665.10075
Northern Mariana Islands,2013,14632.85189
Northern Mariana Islands,2007,15914.2193
Northern Mariana Islands,2022,23785.75459
Northern Mariana Islands,2019,24496.66521
Northern Mariana Islands,2008,16430.44619
Northern Mariana Islands,2021,19455.50139
Northern Mariana Islands,2002,19227.88942
Northern Mariana Islands,2018,26509.36284
Northern Mariana Islands,2020,18220.83824
Northern Mariana Islands,2009,14369.63398
Northern Mariana Islands,2014,15945.41761
Northern Mariana Islands,2006,16314.55786
Northern Mariana Islands,2017,31225.605
Northern Mariana Islands,2012,14013.60033
Northern Mariana Islands,2010,14771.40375
Northern Mariana Islands,2011,13598.71661
Northern Mariana Islands,2003,18938.87284
Northern Mariana Islands,2005,17015.74879
Northern Mariana Islands,2004,18924.58319
Northern Mariana Islands,2016,24225.47417
Norway,2023,87925.09442
Norway,2013,103553.8401
Norway,2009,80347.57007
Norway,2010,88163.20859
Norway,2020,68340.0181
Norway,2006,74434.49968
Norway,1998,34803.46341
Norway,2022,108798.4512
Norway,2016,70867.361
Norway,2021,93072.89251
Norway,2001,38601.89764
Norway,2005,67047.17046
Norway,2003,50250.32982
Norway,2017,76131.8384
Norway,2018,82792.84271
Norway,1999,36393.29275
Norway,2015,74809.9658
Norway,2011,101221.8135
Norway,2019,76430.58895
Norway,2002,43170.55717
Norway,2008,97503.54078
Norway,2004,57768.6981
Norway,2000,38178.23688
Norway,2014,97666.69518
Norway,2007,85502.26771
Norway,2012,102175.9193
OECD members,2005,30239.74384
OECD members,2011,37600.19643
OECD members,2007,34439.65622
OECD members,2022,44026.85925
OECD members,2009,33710.38272
OECD members,2021,43133.78607
OECD members,1998,21752.68609
OECD members,2008,36287.74157
OECD members,2010,35124.60303
OECD members,2000,23025.5007
OECD members,2001,22648.14382
OECD members,2013,37624.06404
OECD members,2002,23456.50711
OECD members,2004,28793.36493
OECD members,2006,31680.21494
OECD members,2019,39764.82161
OECD members,2012,37325.20219
OECD members,2016,36253.80028
OECD members,2014,38167.82031
OECD members,1999,22687.37866
OECD members,2015,35784.87052
OECD members,2017,37639.27819
OECD members,2003,26047.31943
OECD members,2018,39573.04475
OECD members,2023,46724.01571
OECD members,2020,38686.3274
Oman,2000,9753.847552
Oman,2002,9869.130502
Oman,2021,19403.46002
Oman,2004,11800.85074
Oman,2015,18808.30779
Oman,2010,23570.17981
Oman,2020,16784.86306
Oman,2022,23665.63947
Oman,2019,19180.18642
Oman,2007,18792.65377
Oman,2012,24642.29788
Oman,2017,17820.06618
Oman,2023,21549.83687
Oman,2018,19901.76156
Oman,2003,10463.54258
Oman,2014,23160.65023
Oman,2016,17110.18975
Oman,2013,23458.02338
Oman,1999,7915.441694
Oman,2001,9611.963602
Oman,2005,14434.85779
Oman,2008,26576.77924
Oman,1998,7219.029324
Oman,2011,25188.00742
Oman,2009,20655.91802
Oman,2006,16930.85651
Other small states,2010,11292.769
Other small states,2014,13159.4094
Other small states,2015,11735.68808
Other small states,2022,16066.27297
Other small states,2005,8975.373976
Other small states,2012,12547.69603
Other small states,2006,9876.141664
Other small states,2020,13071.22362
Other small states,2023,16728.26757
Other small states,2018,14455.77575
Other small states,2003,6870.218769
Other small states,2016,12174.15742
Other small states,2008,12581.17147
Other small states,2001,5324.245872
Other small states,2011,12759.23054
Other small states,2009,10734.50419
Other small states,1999,5254.564902
Other small states,1998,5031.239168
Other small states,2002,5684.083168
Other small states,2019,14425.24701
Other small states,2004,8042.061149
Other small states,2013,12935.07867
Other small states,2000,5414.341772
Other small states,2021,15120.10408
Other small states,2007,11624.58884
Other small states,2017,13345.55449
Pacific island small states,2000,1688.387673
Pacific island small states,2003,1999.392454
Pacific island small states,2021,3638.301407
Pacific island small states,2016,3844.355132
Pacific island small states,2007,2821.903732
Pacific island small states,2012,3494.912442
Pacific island small states,1999,1858.84965
Pacific island small states,2009,2670.952962
Pacific island small states,2023,4146.436206
Pacific island small states,2019,4170.321181
Pacific island small states,2006,2589.164899
Pacific island small states,2004,2272.931605
Pacific island small states,2002,1697.335617
Pacific island small states,2014,3847.341922
Pacific island small states,2020,3666.598981
Pacific island small states,2022,3892.778333
Pacific island small states,2017,4097.000933
Pacific island small states,1998,1729.290712
Pacific island small states,2010,2903.743184
Pacific island small states,2001,1639.28207
Pacific island small states,2018,4245.787184
Pacific island small states,2011,3341.488281
Pacific island small states,2013,3586.991156
Pacific island small states,2008,2991.509761
Pacific island small states,2015,3710.012348
Pacific island small states,2005,2494.436445
Pakistan,2021,1455.319224
Pakistan,2020,1278.397352
Pakistan,2013,1225.434012
Pakistan,2006,900.873565
Pakistan,2010,987.3045711
Pakistan,2009,963.7880664
Pakistan,2003,672.4417867
Pakistan,2018,1569.338146
Pakistan,2012,1204.364755
Pakistan,2016,1424.691612
Pakistan,1999,418.2492571
Pakistan,2001,609.9395069
Pakistan,2008,1067.043246
Pakistan,2002,599.9373457
Pakistan,2007,998.0901142
Pakistan,2015,1380.470208
Pakistan,2019,1390.41691
Pakistan,2000,642.3383465
Pakistan,2014,1266.613408
Pakistan,2017,1519.234595
Pakistan,2022,1538.322813
Pakistan,2004,771.9022473
Pakistan,2023,1365.277432
Pakistan,1998,424.4536978
Pakistan,2005,827.6198612
Pakistan,2011,1131.735138
Palau,2013,12768.90972
Palau,2020,14556.58969
Palau,2007,10408.43436
Palau,2000,7797.257274
Palau,2022,14392.19903
Palau,2004,8395.136226
Palau,2009,10155.43321
Palau,2018,16197.72545
Palau,2003,7862.04283
Palau,2017,16034.13429
Palau,2005,9639.658913
Palau,2001,8239.639314
Palau,2012,12145.36448
Palau,2006,9885.147757
Palau,2019,15841.19353
Palau,2011,11000.87952
Palau,2021,13257.20667
Palau,2014,13726.02226
Palau,2008,10582.73975
Palau,1999,7629.569864
Palau,1998,8047.916217
Palau,2015,15690.75865
Palau,2010,10229.08785
Palau,2016,16762.57234
Palau,2002,8340.537353
Palau,2023,15899.42249
Panama,2001,3991.776708
Panama,2016,14832.36116
Panama,2020,13290.56083
Panama,2019,16477.90663
Panama,2003,4264.664288
Panama,2014,13213.19896
Panama,2004,4644.565824
Panama,2010,8331.464214
Panama,1998,3807.838692
Panama,2008,7347.590503
Panama,2015,14082.65485
Panama,2011,9662.295922
Panama,2007,6317.817303
Panama,2018,16151.32735
Panama,2012,11064.80636
Panama,2023,18686.4051
Panama,2009,7796.92617
Panama,2006,5528.767055
Panama,2013,12273.3225
Panama,2000,3975.093087
Panama,1999,3950.34145
Panama,2021,15509.80691
Panama,2005,5017.741092
Panama,2022,17332.43607
Panama,2017,15694.62975
Panama,2002,4090.586174
Papua New Guinea,2000,635.957919
Papua New Guinea,2022,3101.710632
Papua New Guinea,2013,2560.77459
Papua New Guinea,2001,537.8474596
Papua New Guinea,2002,506.3317895
Papua New Guinea,1998,733.4798601
Papua New Guinea,2008,1624.793199
Papua New Guinea,2010,1866.868899
Papua New Guinea,2021,2607.578619
Papua New Guinea,2020,2429.611346
Papua New Guinea,2011,2288.375911
Papua New Guinea,2019,2575.772743
Papua New Guinea,2006,1238.182829
Papua New Guinea,2015,2484.59634
Papua New Guinea,2017,2477.76531
Papua New Guinea,2005,744.48649
Papua New Guinea,2007,1370.753416
Papua New Guinea,2004,620.5961477
Papua New Guinea,2014,2723.175298
Papua New Guinea,2023,2957.682625
Papua New Guinea,2016,2316.394798
Papua New Guinea,2003,577.4679224
Papua New Guinea,2012,2635.087363
Papua New Guinea,2009,1568.831934
Papua New Guinea,1999,649.9947197
Papua New Guinea,2018,2566.368337
Paraguay,2003,1443.998852
Paraguay,2000,1736.117292
Paraguay,2021,5976.931798
Paraguay,2023,6276.351139
Paraguay,2001,1637.686151
Paraguay,2019,5821.181995
Paraguay,2010,4750.962737
Paraguay,2012,5642.169917
Paraguay,2006,2439.431247
Paraguay,1998,1889.884556
Paraguay,2004,1786.215339
Paraguay,2011,5805.401545
Paraguay,2017,6152.267115
Paraguay,2007,3211.936217
Paraguay,2008,4384.954694
Paraguay,1999,1766.306573
Paraguay,2009,3941.848155
Paraguay,2020,5365.472207
Paraguay,2018,6258.449916
Paraguay,2022,6205.625954
Paraguay,2015,5879.337923
Paraguay,2002,1367.765069
Paraguay,2005,1970.871699
Paraguay,2013,6435.683427
Paraguay,2014,6652.254789
Paraguay,2016,5775.159634
Peru,2019,7037.008037
Peru,2015,6231.711503
Peru,2002,2007.370196
Peru,2020,6133.325524
Peru,2007,3581.089308
Peru,1999,1916.533974
Peru,2001,1929.57273
Peru,1998,2156.393777
Peru,2005,2706.669473
Peru,2014,6667.134104
Peru,2016,6217.036
Peru,2009,4181.187555
Peru,2003,2129.441142
Peru,2017,6736.166937
Peru,2013,6746.800257
Peru,2008,4197.584446
Peru,2021,6826.972007
Peru,2018,6978.491215
Peru,2010,5072.11494
Peru,2012,6519.37853
Peru,2000,1945.413385
Peru,2004,2397.251473
Peru,2022,7363.272069
Peru,2006,3129.559965
Peru,2023,7906.585029
Peru,2011,5861.357936
Philippines,2015,2909.85818
Philippines,2000,1050.79273
Philippines,2004,1099.63013
Philippines,2017,3038.12125
Philippines,2005,1220.460186
Philippines,2018,3168.510366
Philippines,2023,3804.87258
Philippines,2022,3548.069306
Philippines,2009,1864.450434
Philippines,2011,2383.918925
Philippines,2003,1027.230119
Philippines,2013,2781.279577
Philippines,2008,1959.292335
Philippines,2010,2162.913759
Philippines,2002,1014.908793
Philippines,2001,969.5306117
Philippines,1998,982.8659437
Philippines,2021,3484.385939
Philippines,2016,2985.19564
Philippines,2014,2866.838038
Philippines,2019,3400.789498
Philippines,2006,1426.146492
Philippines,2020,3227.579102
Philippines,2012,2614.616444
Philippines,2007,1712.655433
Philippines,1999,1101.43516
Poland,2006,9068.855283
Poland,2003,5720.813662
Poland,2017,13913.34029
Poland,2000,4520.641004
Poland,1999,4415.500675
Poland,2010,12567.73177
Poland,2022,18891.21212
Poland,2018,15658.21203
Poland,2004,6711.727153
Poland,2011,13867.66694
Poland,2014,14262.28419
Poland,2019,15874.52205
Poland,2001,5015.2379
Poland,2023,22056.66617
Poland,2009,11556.30269
Poland,2013,13621.90238
Poland,2005,8043.923323
Poland,2015,12637.52203
Poland,2020,15987.57537
Poland,2012,13087.42094
Poland,2016,12464.01105
Poland,2002,5223.45179
Poland,2007,11272.52937
Poland,2021,18635.51049
Poland,1998,4533.535655
Poland,2008,14048.56047
Portugal,2001,11734.76497
Portugal,2010,22551.9351
Portugal,2005,18780.12751
Portugal,2002,12936.69282
Portugal,1998,12199.20639
Portugal,2021,24711.45101
Portugal,2016,19980.28089
Portugal,2007,22811.05648
Portugal,2009,23151.21541
Portugal,2011,23246.54254
Portugal,2000,11526.37207
Portugal,2023,27331.20949
Portugal,2003,15797.78213
Portugal,2008,24949.04136
Portugal,2012,20593.42742
Portugal,2018,23541.14011
Portugal,2022,24620.51956
Portugal,2020,22299.40441
Portugal,2004,18064.15809
Portugal,2015,19215.7813
Portugal,2014,22120.68501
Portugal,2006,19839.45405
Portugal,2013,21676.48596
Portugal,1999,12475.29177
Portugal,2019,23343.3629
Portugal,2017,21442.38428
Post-demographic dividend,2023,54041.53969
Post-demographic dividend,2003,29520.52587
Post-demographic dividend,2021,49980.40433
Post-demographic dividend,2014,43293.49831
Post-demographic dividend,2007,38821.58396
Post-demographic dividend,2022,51063.61975
Post-demographic dividend,2016,41527.36633
Post-demographic dividend,2020,44858.11046
Post-demographic dividend,2002,26457.73245
Post-demographic dividend,2012,42350.28865
Post-demographic dividend,2010,39764.70508
Post-demographic dividend,1999,25546.63578
Post-demographic dividend,2009,38302.26465
Post-demographic dividend,2006,35777.59482
Post-demographic dividend,1998,24436.84186
Post-demographic dividend,2013,42626.33046
Post-demographic dividend,2008,40878.79531
Post-demographic dividend,2005,34181.50231
Post-demographic dividend,2001,25491.59734
Post-demographic dividend,2015,40778.34095
Post-demographic dividend,2011,42607.66284
Post-demographic dividend,2000,25863.32478
Post-demographic dividend,2017,43153.61624
Post-demographic dividend,2018,45562.86779
Post-demographic dividend,2019,45916.41227
Post-demographic dividend,2004,32637.93597
Pre-demographic dividend,2012,1656.472575
Pre-demographic dividend,2020,1313.17036
Pre-demographic dividend,2023,1453.262268
Pre-demographic dividend,2007,1153.860524
Pre-demographic dividend,2014,1816.54049
Pre-demographic dividend,2013,1764.452116
Pre-demographic dividend,2011,1569.074536
Pre-demographic dividend,2019,1469.632918
Pre-demographic dividend,2006,980.6796044
Pre-demographic dividend,2021,1404.303658
Pre-demographic dividend,2002,519.0463305
Pre-demographic dividend,2015,1501.738126
Pre-demographic dividend,2003,548.762783
Pre-demographic dividend,2017,1320.997878
Pre-demographic dividend,2000,502.7081263
Pre-demographic dividend,2018,1432.129792
Pre-demographic dividend,2022,1567.280393
Pre-demographic dividend,2001,464.9396362
Pre-demographic dividend,1999,447.7674122
Pre-demographic dividend,1998,739.7282107
Pre-demographic dividend,2004,663.796143
Pre-demographic dividend,2008,1397.629716
Pre-demographic dividend,2005,802.8009684
Pre-demographic dividend,2009,1229.776307
Pre-demographic dividend,2016,1300.835301
Pre-demographic dividend,2010,1394.914874
Puerto Rico,2007,23664.88235
Puerto Rico,2004,20988.99233
Puerto Rico,2006,22935.94116
Puerto Rico,2014,28981.45733
Puerto Rico,2022,35268.0791
Puerto Rico,2020,31427.42911
Puerto Rico,2008,24898.33459
Puerto Rico,2017,31108.75275
Puerto Rico,2019,32916.8668
Puerto Rico,2018,31615.06679
Puerto Rico,2002,18731.45939
Puerto Rico,2000,16192.12697
Puerto Rico,2009,25768.72589
Puerto Rico,2010,26435.74879
Puerto Rico,2005,21959.3227
Puerto Rico,1999,15220.99134
Puerto Rico,2016,30627.1634
Puerto Rico,2003,19557.12025
Puerto Rico,2012,27944.73389
Puerto Rico,2023,36779.05949
Puerto Rico,2011,27278.88305
Puerto Rico,2021,32619.25042
Puerto Rico,2001,18123.1987
Puerto Rico,2015,29763.4883
Puerto Rico,2013,28513.16574
Puerto Rico,1998,14304.40499
Qatar,2021,71751.88312
Qatar,2022,88701.46335
Qatar,2006,62582.44531
Qatar,2005,53949.67641
Qatar,2018,71039.84906
Qatar,2008,80781.40392
Qatar,2017,63279.85569
Qatar,2004,41035.50084
Qatar,2010,77387.32679
Qatar,2000,27535.18294
Qatar,2016,61253.63755
Qatar,2012,108470.3788
Qatar,1999,20233.68468
Qatar,2015,68985.2947
Qatar,2001,25870.79919
Qatar,2009,60785.73516
Qatar,2023,80195.87465
Qatar,2019,66841.30135
Qatar,2007,65954.34195
Qatar,1998,17665.44084
Qatar,2002,27226.65935
Qatar,2013,103697.0084
Qatar,2011,103261.5065
Qatar,2014,95840.63101
Qatar,2020,51683.50544
Qatar,2003,31602.47087
Romania,1998,1852.554969
Romania,2011,9560.675528
Romania,2015,8977.017482
Romania,2000,1659.929049
Romania,2008,10435.15612
Romania,2019,12992.03261
Romania,2005,4618.003508
Romania,2013,9497.674116
Romania,2018,12502.26241
Romania,2017,10727.9822
Romania,2010,8399.537423
Romania,2007,8360.337759
Romania,1999,1599.906228
Romania,2014,10031.77108
Romania,2002,2119.855097
Romania,2009,8548.454341
Romania,2022,15557.88262
Romania,2016,9404.540059
Romania,2003,2679.40626
Romania,2006,5757.531273
Romania,2023,18404.27309
Romania,2012,8929.953662
Romania,2004,3494.990564
Romania,2001,1825.192994
Romania,2021,14986.78549
Romania,2020,13082.30066
Russian Federation,2013,15941.44824
Russian Federation,2006,6920.199707
Russian Federation,2010,10674.99023
Russian Federation,2020,10108.32715
Russian Federation,2001,2100.352539
Russian Federation,2015,9277.713867
Russian Federation,1998,1834.861816
Russian Federation,2014,14055.47266
Russian Federation,2011,14305.33203
Russian Federation,2002,2377.529541
Russian Federation,2018,11211.8877
Russian Federation,2008,11635.28418
Russian Federation,2021,12521.52246
Russian Federation,2012,15401.85156
Russian Federation,2023,13817.0459
Russian Federation,2003,2975.123047
Russian Federation,2007,9101.239258
Russian Federation,2016,8663.158203
Russian Federation,2009,8562.824219
Russian Federation,2005,5323.455078
Russian Federation,2000,1771.594116
Russian Federation,2019,11447.70117
Russian Federation,2022,15445.24219
Russian Federation,1999,1330.757202
Russian Federation,2017,10658.91309
Russian Federation,2004,4102.364746
Rwanda,2001,237.3088462
Rwanda,2010,593.6249277
Rwanda,2009,564.0390958
Rwanda,2005,324.0168638
Rwanda,2014,724.9575212
Rwanda,2016,729.5191542
Rwanda,2007,426.2341835
Rwanda,2004,269.5404463
Rwanda,2003,249.012275
Rwanda,2023,1010.268929
Rwanda,2013,704.9241902
Rwanda,2012,706.8173175
Rwanda,2020,778.7015386
Rwanda,2011,651.133678
Rwanda,1998,246.1546733
Rwanda,2018,771.773522
Rwanda,2006,356.9950229
Rwanda,2022,975.4693159
Rwanda,1999,264.7436868
Rwanda,2008,528.3263918
Rwanda,2017,758.301003
Rwanda,2019,810.0514202
Rwanda,2000,251.8692639
Rwanda,2015,733.998585
Rwanda,2021,828.8330328
Rwanda,2002,234.0430168
Samoa,2016,4147.070977
Samoa,2014,3982.680802
Samoa,2020,4099.660091
Samoa,2001,1453.870213
Samoa,2005,2550.042214
Samoa,2003,1798.124297
Samoa,2000,1424.7524
Samoa,1998,1506.303592
Samoa,2007,3038.619041
Samoa,2009,3279.182695
Samoa,2019,4351.942349
Samoa,2023,4330.178405
Samoa,2004,2189.260426
Samoa,2010,3524.247925
Samoa,2013,4023.525401
Samoa,2022,3869.466395
Samoa,2021,3947.645179
Samoa,2006,2663.291359
Samoa,2017,4307.59382
Samoa,1999,1416.76916
Samoa,2018,4231.814095
Samoa,2011,3821.506783
Samoa,2002,1527.557905
Samoa,2012,3934.603208
Samoa,2008,3373.606399
Samoa,2015,4084.360838
San Marino,2014,51260.49383
San Marino,2019,46627.01224
San Marino,2000,37600.70774
San Marino,2001,39035.10343
San Marino,1998,40126.93314
San Marino,2008,75902.13205
San Marino,2010,56543.18982
San Marino,2021,54168.98283
San Marino,2022,54264.5705
San Marino,2020,44426.64634
San Marino,2011,55601.39297
San Marino,2009,62428.99433
San Marino,2015,43146.82404
San Marino,2006,63270.77808
San Marino,2018,47950.68806
San Marino,2012,47945.89917
San Marino,2003,52529.90937
San Marino,1999,41931.79515
San Marino,2013,50807.82891
San Marino,2004,58232.01762
San Marino,2002,41790.84327
San Marino,2017,45192.02798
San Marino,2016,44359.47977
San Marino,2007,70124.46344
San Marino,2005,59877.80058
Sao Tome and Principe,2001,518.8805013
Sao Tome and Principe,2000,529.0893834
Sao Tome and Principe,2008,1081.868458
Sao Tome and Principe,2023,2940.933529
Sao Tome and Principe,2002,568.1025725
Sao Tome and Principe,2019,1935.293182
Sao Tome and Principe,2018,1825.599718
Sao Tome and Principe,2013,1382.575784
Sao Tome and Principe,2004,726.5608821
Sao Tome and Principe,2005,844.1691819
Sao Tome and Principe,2014,1489.676334
Sao Tome and Principe,2012,1210.792647
Sao Tome and Principe,2011,1219.801891
Sao Tome and Principe,2022,2389.737298
Sao Tome and Principe,2007,878.8857919
Sao Tome and Principe,2017,1555.794778
Sao Tome and Principe,2015,1298.109466
Sao Tome and Principe,2010,1045.209582
Sao Tome and Principe,2021,2362.588272
Sao Tome and Principe,2020,2167.220018
Sao Tome and Principe,2006,861.9707077
Sao Tome and Principe,2003,663.6962118
Sao Tome and Principe,2009,1128.280462
Sao Tome and Principe,2016,1434.870181
Sao Tome and Principe,1998,513.5693803
Sao Tome and Principe,1999,542.692548
Saudi Arabia,1999,10452.18994
Saudi Arabia,2018,28036.02647
Saudi Arabia,2004,13154.4979
Saudi Arabia,2005,15975.74738
Saudi Arabia,2009,17718.39116
Saudi Arabia,2008,22320.4889
Saudi Arabia,1998,9836.057298
Saudi Arabia,2019,27892.84215
Saudi Arabia,2021,28396.08642
Saudi Arabia,2007,18596.15026
Saudi Arabia,2020,23271.40376
Saudi Arabia,2010,22028.37902
Saudi Arabia,2023,32093.9623
Saudi Arabia,2013,27290.19781
Saudi Arabia,2001,10805.31133
Saudi Arabia,2015,22453.57155
Saudi Arabia,2000,11714.56237
Saudi Arabia,2003,11487.22041
Saudi Arabia,2012,28348.57301
Saudi Arabia,2011,26966.29416
Saudi Arabia,2002,10586.05435
Saudi Arabia,2006,17563.61454
Saudi Arabia,2014,27079.67339
Saudi Arabia,2016,21515.66001
Saudi Arabia,2022,34454.19577
Saudi Arabia,2017,23081.20453
Senegal,2011,1374.675919
Senegal,2000,603.2331625
Senegal,2021,1598.10677
Senegal,2018,1452.556126
Senegal,2020,1461.087204
Senegal,2010,1275.883575
Senegal,2005,979.8461015
Senegal,2002,669.4304473
Senegal,2009,1308.694043
Senegal,2008,1398.79218
Senegal,2023,1706.44218
Senegal,2022,1564.745221
Senegal,2003,817.8880342
Senegal,2019,1431.181289
Senegal,2007,1188.938778
Senegal,2014,1398.891376
Senegal,2013,1379.831966
Senegal,2017,1356.805184
Senegal,2016,1266.439572
Senegal,2001,637.2135306
Senegal,1999,677.5163387
Senegal,2015,1218.006136
Senegal,2006,1017.201967
Senegal,1998,684.5881058
Senegal,2004,918.1020795
Senegal,2012,1326.837988
Serbia,2020,8098.709557
Serbia,2016,5982.370301
Serbia,2005,3807.974173
Serbia,2023,12281.50585
Serbia,2004,3597.087981
Serbia,2022,10022.96885
Serbia,2011,7082.286167
Serbia,2012,6263.040861
Serbia,2002,2390.734594
Serbia,1998,2775.47373
Serbia,2010,5970.926609
Serbia,2008,7376.735179
Serbia,2001,1812.420883
Serbia,2003,3153.901131
Serbia,2018,7559.861657
Serbia,2017,6548.036538
Serbia,2006,4492.71367
Serbia,2013,7040.418121
Serbia,2014,6886.678091
Serbia,2015,5820.321558
Serbia,2000,974.7254693
Serbia,1999,2768.910413
Serbia,2021,9680.527981
Serbia,2009,6414.044846
Serbia,2019,7755.632986
Serbia,2007,6081.087657
Seychelles,2017,17480.36519
Seychelles,2008,11265.43763
Seychelles,2000,8063.655006
Seychelles,2015,15333.10517
Seychelles,1998,8209.514443
Seychelles,2021,14982.91115
Seychelles,2002,8864.169195
Seychelles,2022,17167.19098
Seychelles,2009,9747.091805
Seychelles,2004,10827.67164
Seychelles,2005,11802.11183
Seychelles,2018,18440.23405
Seychelles,2014,15188.19022
Seychelles,2007,12669.30267
Seychelles,2020,14041.47541
Seychelles,2012,12337.15547
Seychelles,2011,12110.09375
Seychelles,2013,14821.29215
Seychelles,2010,10934.79495
Seychelles,2006,12782.99389
Seychelles,2001,8153.298637
Seychelles,2019,19141.51187
Seychelles,1999,8243.236101
Seychelles,2003,9070.284608
Seychelles,2016,16566.9946
Seychelles,2023,17879.23965
Sierra Leone,2006,517.913366
Sierra Leone,2020,845.3138363
Sierra Leone,2000,143.7437432
Sierra Leone,1999,155.0208333
Sierra Leone,2003,413.817666
Sierra Leone,2007,578.6484174
Sierra Leone,2021,885.1842707
Sierra Leone,2018,845.9145405
Sierra Leone,2016,838.6316153
Sierra Leone,2017,788.4868673
Sierra Leone,2001,358.3156859
Sierra Leone,2004,417.7500348
Sierra Leone,2013,1146.416391
Sierra Leone,2002,388.995136
Sierra Leone,2019,843.7125173
Sierra Leone,2008,650.6844222
Sierra Leone,2005,462.6333244
Sierra Leone,2022,860.130884
Sierra Leone,2012,904.840762
Sierra Leone,1998,156.5181188
Sierra Leone,2011,718.1616807
Sierra Leone,2010,648.1292295
Sierra Leone,2023,757.858336
Sierra Leone,2014,1140.927423
Sierra Leone,2009,624.8987979
Sierra Leone,2015,945.1481685
Singapore,2017,61162.09739
Singapore,2022,88428.70242
Singapore,2004,27608.08001
Singapore,1999,21796.63739
Singapore,2006,33768.45282
Singapore,2013,56967.42579
Singapore,2023,84734.25592
Singapore,2001,21699.74149
Singapore,2016,56899.91818
Singapore,1998,21829.27378
Singapore,2019,66081.71992
Singapore,2008,40008.57205
Singapore,2003,23730.38401
Singapore,2007,39432.88602
Singapore,2012,55547.55531
Singapore,2021,79601.41296
Singapore,2002,22159.83737
Singapore,2005,29961.31728
Singapore,2018,66840.63734
Singapore,2010,47236.68308
Singapore,2015,55645.60686
Singapore,2014,57564.80231
Singapore,2020,61466.80368
Singapore,2009,38926.80544
Singapore,2000,23852.83895
Singapore,2011,53891.45703
Sint Maarten (Dutch part),2009,25528.41262
Sint Maarten (Dutch part),2021,32548.43669
Sint Maarten (Dutch part),2022,36476.63008
Sint Maarten (Dutch part),2020,30150.89984
Sint Maarten (Dutch part),2023,38077.54449
Sint Maarten (Dutch part),2017,34701.30585
Sint Maarten (Dutch part),2018,31708.31101
Sint Maarten (Dutch part),2015,37839.62838
Sint Maarten (Dutch part),2016,37308.61478
Sint Maarten (Dutch part),2013,28529.73247
Sint Maarten (Dutch part),2012,28149.09979
Sint Maarten (Dutch part),2010,26403.81437
Sint Maarten (Dutch part),2011,27317.51789
Sint Maarten (Dutch part),2019,34861.46953
Sint Maarten (Dutch part),2014,37134.91242
Slovak Republic,2005,11641.54103
Slovak Republic,2023,24491.37719
Slovak Republic,2003,8675.396337
Slovak Republic,2019,19406.05897
Slovak Republic,2014,18770.92899
Slovak Republic,2015,16442.07609
Slovak Republic,2007,16110.48173
Slovak Republic,2011,18469.43543
Slovak Republic,2016,16636.07691
Slovak Republic,2021,22138.19498
Slovak Republic,2006,13167.89547
Slovak Republic,2013,18312.78051
Slovak Republic,2010,16899.44868
Slovak Republic,2009,16586.75278
Slovak Republic,2018,19573.3717
Slovak Republic,2022,21342.76667
Slovak Republic,2012,17516.96911
Slovak Republic,1999,5651.623275
Slovak Republic,2017,17645.52987
Slovak Republic,2002,6554.628084
Slovak Republic,2000,5421.644844
Slovak Republic,1998,5560.916178
Slovak Republic,2004,10650.12901
Slovak Republic,2020,19735.48583
Slovak Republic,2001,5712.478028
Slovak Republic,2008,18744.31923
Slovenia,2012,22442.14179
Slovenia,2006,19563.00506
Slovenia,2003,14711.67487
Slovenia,2002,11639.12978
Slovenia,2009,24501.78973
Slovenia,1999,11401.49068
Slovenia,2016,21447.83778
Slovenia,2019,25814.16872
Slovenia,2007,23725.1596
Slovenia,2001,10375.62559
Slovenia,2011,24940.62848
Slovenia,2013,23236.96553
Slovenia,2018,25888.04811
Slovenia,1998,11131.56666
Slovenia,2015,20697.27485
Slovenia,2008,27461.97642
Slovenia,2000,10135.72191
Slovenia,2022,28373.83823
Slovenia,2020,25392.06511
Slovenia,2004,17103.82978
Slovenia,2010,23329.84177
Slovenia,2017,23303.07771
Slovenia,2005,17969.70959
Slovenia,2023,32610.11092
Slovenia,2014,24013.06821
Slovenia,2021,29187.36938
Small states,2015,10690.61751
Small states,2005,7958.07276
Small states,1998,4766.422101
Small states,2000,5122.206154
Small states,2004,7165.836777
Small states,2023,15086.09155
Small states,2013,11440.04492
Small states,2019,12739.83887
Small states,2012,11149.60783
Small states,2020,11381.5579
Small states,2003,6258.342921
Small states,2022,14371.49359
Small states,2008,10964.67578
Small states,2018,12723.98127
Small states,2006,8819.640669
Small states,2014,11677.65873
Small states,2002,5368.456119
Small states,2017,11875.62876
Small states,2011,11198.99958
Small states,2001,5053.815295
Small states,2009,9577.41205
Small states,2007,10197.61244
Small states,2016,10942.71225
Small states,1999,4989.863337
Small states,2010,10087.51447
Small states,2021,13092.49757
Solomon Islands,2017,2143.574652
Solomon Islands,2007,1390.156966
Solomon Islands,2019,2223.665026
Solomon Islands,2006,1255.625891
Solomon Islands,2015,2045.478895
Solomon Islands,2018,2278.206339
Solomon Islands,1998,1091.890969
Solomon Islands,2009,1554.707237
Solomon Islands,2000,953.1719014
Solomon Islands,2005,1144.457585
Solomon Islands,2023,2041.636491
Solomon Islands,2014,2164.944239
Solomon Islands,2022,2005.413993
Solomon Islands,2008,1525.850924
Solomon Islands,2011,1924.052773
Solomon Islands,2010,1685.15499
Solomon Islands,2002,756.8902965
Solomon Islands,2013,2161.395736
Solomon Islands,2012,2066.253523
Solomon Islands,2004,986.081904
Solomon Islands,1999,1133.622565
Solomon Islands,2021,1996.869768
Solomon Islands,2001,911.7919354
Solomon Islands,2016,2082.62989
Solomon Islands,2020,2063.331015
Solomon Islands,2003,895.9892727
Somalia,2009,246.5132517
Somalia,2015,445.5830786
Somalia,2006,457.9966622
Somalia,2002,229.5989183
Somalia,2012,350.2619467
Somalia,2017,510.939953
Somalia,2020,518.1847785
Somalia,2004,375.4103262
Somalia,2021,549.1147435
Somalia,2008,507.0374433
Somalia,2003,286.2730252
Somalia,2018,509.5258024
Somalia,2023,597.4588546
Somalia,2013,393.398705
Somalia,2005,439.9799078
Somalia,2014,429.431656
Somalia,1998,363.2000135
Somalia,1999,358.6587808
Somalia,2016,460.928492
Somalia,2001,244.9148425
Somalia,2007,479.6356281
Somalia,2000,386.1192744
Somalia,2022,573.1280925
Somalia,2011,235.3259456
Somalia,2019,539.8939316
Somalia,2010,219.2024539
South Africa,2000,3217.846934
South Africa,2018,6914.178032
South Africa,2004,5221.463337
South Africa,2013,7331.654674
South Africa,2020,5580.603831
South Africa,2003,4062.21756
South Africa,2022,6523.410978
South Africa,2008,6184.754743
South Africa,2023,6022.542542
South Africa,2012,8076.976785
South Africa,2002,2688.23676
South Africa,1998,3309.609331
South Africa,2016,5651.205852
South Africa,2019,6533.71121
South Africa,2017,6618.335083
South Africa,2006,6077.382934
South Africa,2007,6591.85536
South Africa,2011,8646.055711
South Africa,2014,6856.731371
South Africa,2021,6843.399419
South Africa,2015,6112.273825
South Africa,2005,5836.876633
South Africa,2009,6374.7056
South Africa,1999,3242.368305
South Africa,2010,7973.471958
South Africa,2001,2847.151919
South Asia,2021,2131.302296
South Asia,2010,1245.085497
South Asia,2012,1352.072965
South Asia,1999,431.8537929
South Asia,2005,695.5457876
South Asia,2019,1952.013401
South Asia,2022,2239.516302
South Asia,2001,460.173373
South Asia,2008,961.5695576
South Asia,2014,1479.96637
South Asia,2000,458.6347464
South Asia,2013,1370.088411
South Asia,2015,1528.46686
South Asia,2002,474.0068874
South Asia,2007,961.6141776
South Asia,2016,1663.620307
South Asia,2009,1033.694568
South Asia,2017,1874.949191
South Asia,2004,619.149506
South Asia,2020,1843.195274
South Asia,2023,2303.30291
South Asia,2011,1351.502588
South Asia,2003,543.2161783
South Asia,2018,1907.381781
South Asia,2006,776.4071246
South Asia,1998,411.2606982
South Asia (IDA & IBRD),2015,1528.46686
South Asia (IDA & IBRD),2006,776.4071246
South Asia (IDA & IBRD),2018,1907.381781
South Asia (IDA & IBRD),2004,619.149506
South Asia (IDA & IBRD),2011,1351.502588
South Asia (IDA & IBRD),2001,460.173373
South Asia (IDA & IBRD),2007,961.6141776
South Asia (IDA & IBRD),2021,2131.302296
South Asia (IDA & IBRD),1999,431.8537929
South Asia (IDA & IBRD),2008,961.5695576
South Asia (IDA & IBRD),2023,2303.30291
South Asia (IDA & IBRD),2009,1033.694568
South Asia (IDA & IBRD),2000,458.6347464
South Asia (IDA & IBRD),2003,543.2161783
South Asia (IDA & IBRD),1998,411.2606982
South Asia (IDA & IBRD),2016,1663.620307
South Asia (IDA & IBRD),2020,1843.195274
South Asia (IDA & IBRD),2012,1352.072965
South Asia (IDA & IBRD),2019,1952.013401
South Asia (IDA & IBRD),2017,1874.949191
South Asia (IDA & IBRD),2005,695.5457876
South Asia (IDA & IBRD),2022,2239.516302
South Asia (IDA & IBRD),2014,1479.96637
South Asia (IDA & IBRD),2010,1245.085497
South Asia (IDA & IBRD),2013,1370.088411
South Asia (IDA & IBRD),2002,474.0068874
South Sudan,2010,1498.27035
South Sudan,2015,1080.147186
South Sudan,2011,1448.98435
South Sudan,2012,1109.260501
South Sudan,2014,1242.734502
South Sudan,2009,1323.220687
South Sudan,2013,1650.189434
South Sudan,2008,1654.211535
Spain,2005,26450.95301
Spain,2013,29218.91052
Spain,2021,30817.68286
Spain,2004,24925.02678
Spain,2011,31824.62191
Spain,2020,27230.35999
Spain,2016,26740.68518
Spain,2018,30592.12648
Spain,2008,35603.24833
Spain,2014,29694.88749
Spain,2006,28421.68653
Spain,2010,30658.74223
Spain,1999,15707.94731
Spain,2000,14743.2671
Spain,2007,32652.01559
Spain,2017,28367.93926
Spain,2009,32279.82085
Spain,2019,29776.20115
Spain,2012,28456.44382
Spain,2001,15368.2338
Spain,2003,21522.0171
Spain,2015,25969.83831
Spain,2023,33509.0128
Spain,1998,15382.33486
Spain,2022,30287.36576
Spain,2002,17111.06851
Sri Lanka,2017,4401.05567
Sri Lanka,2023,3827.964956
Sri Lanka,2010,2808.367792
Sri Lanka,2011,3224.957363
Sri Lanka,2022,3342.719896
Sri Lanka,2021,3999.337647
Sri Lanka,2016,4149.761055
Sri Lanka,2018,4360.584735
Sri Lanka,2002,834.9360149
Sri Lanka,2001,803.5440266
Sri Lanka,2008,1973.584769
Sri Lanka,2009,2026.6594
Sri Lanka,2003,946.3822551
Sri Lanka,2012,3327.776124
Sri Lanka,2014,3971.919131
Sri Lanka,2006,1389.506256
Sri Lanka,1999,826.4212281
Sri Lanka,2005,1207.219948
Sri Lanka,2007,1578.634511
Sri Lanka,2020,3846.174496
Sri Lanka,2000,846.4608133
Sri Lanka,1998,849.3746128
Sri Lanka,2019,4082.694049
Sri Lanka,2015,4060.131397
Sri Lanka,2004,1028.620681
Sri Lanka,2013,3740.615893
St. Kitts and Nevis,2001,10022.59192
St. Kitts and Nevis,1999,9116.28628
St. Kitts and Nevis,2013,18580.13019
St. Kitts and Nevis,2006,13837.84953
St. Kitts and Nevis,2014,20219.39542
St. Kitts and Nevis,2002,10453.65871
St. Kitts and Nevis,2020,18859.01904
St. Kitts and Nevis,2018,22901.38164
St. Kitts and Nevis,2017,22464.98996
St. Kitts and Nevis,2003,10175.62954
St. Kitts and Nevis,2010,16622.94579
St. Kitts and Nevis,2023,22573.67248
St. Kitts and Nevis,2007,14757.95798
St. Kitts and Nevis,2019,23595.49232
St. Kitts and Nevis,1998,8710.789841
St. Kitts and Nevis,2022,21011.57442
St. Kitts and Nevis,2016,21387.54155
St. Kitts and Nevis,2015,20328.80035
St. Kitts and Nevis,2011,17832.45729
St. Kitts and Nevis,2004,10944.61837
St. Kitts and Nevis,2000,9319.655451
St. Kitts and Nevis,2008,16604.94486
St. Kitts and Nevis,2012,17532.0559
St. Kitts and Nevis,2005,11783.78672
St. Kitts and Nevis,2021,18361.14497
St. Kitts and Nevis,2009,16503.41193
St. Lucia,2001,5570.452471
St. Lucia,2018,11642.74032
St. Lucia,2014,10044.82184
St. Lucia,2006,7611.178567
St. Lucia,2000,5879.561914
St. Lucia,2011,9128.99442
St. Lucia,2004,6494.600349
St. Lucia,1999,5882.83399
St. Lucia,2015,10334.92256
St. Lucia,1998,5672.513738
St. Lucia,2009,8250.521807
St. Lucia,2012,9260.300066
St. Lucia,2008,8516.960755
St. Lucia,2005,6863.436419
St. Lucia,2003,6058.606221
St. Lucia,2019,11794.20565
St. Lucia,2007,7964.382115
St. Lucia,2021,10459.13212
St. Lucia,2010,8673.687203
St. Lucia,2017,11333.19639
St. Lucia,2022,13103.76217
St. Lucia,2016,10638.1902
St. Lucia,2002,5567.894284
St. Lucia,2013,9576.234634
St. Lucia,2023,13554.66519
St. Lucia,2020,8411.199418
St. Martin (French part),2011,20930.58212
St. Martin (French part),2021,21668.37765
St. Martin (French part),2019,19033.06496
St. Martin (French part),2014,20638.77059
St. Vincent and the Grenadines,2005,5157.393739
St. Vincent and the Grenadines,2000,3768.955366
St. Vincent and the Grenadines,2007,6398.191235
St. Vincent and the Grenadines,2013,7072.467372
St. Vincent and the Grenadines,2012,6713.807686
St. Vincent and the Grenadines,2004,4873.489477
St. Vincent and the Grenadines,2016,7656.900429
St. Vincent and the Grenadines,2006,5744.827862
St. Vincent and the Grenadines,2022,9471.146273
St. Vincent and the Grenadines,2017,7988.04445
St. Vincent and the Grenadines,2002,4303.279768
St. Vincent and the Grenadines,1999,3446.52293
St. Vincent and the Grenadines,2008,6598.905315
St. Vincent and the Grenadines,2015,7353.735561
St. Vincent and the Grenadines,2001,4071.086011
St. Vincent and the Grenadines,2003,4499.614542
St. Vincent and the Grenadines,1998,3301.100181
St. Vincent and the Grenadines,2010,6551.96836
St. Vincent and the Grenadines,2018,8428.126772
St. Vincent and the Grenadines,2023,10520.44415
St. Vincent and the Grenadines,2021,8481.305374
St. Vincent and the Grenadines,2019,8743.332021
St. Vincent and the Grenadines,2014,7168.828753
St. Vincent and the Grenadines,2020,8395.099889
St. Vincent and the Grenadines,2009,6463.787773
St. Vincent and the Grenadines,2011,6527.689969
Sub-Saharan Africa,2003,761.9992551
Sub-Saharan Africa,2007,1374.201192
Sub-Saharan Africa,2020,1474.055311
Sub-Saharan Africa,1999,609.2143495
Sub-Saharan Africa,2014,1879.957137
Sub-Saharan Africa,2000,628.8724708
Sub-Saharan Africa,2017,1536.482685
Sub-Saharan Africa,2018,1606.131358
Sub-Saharan Africa,2001,586.6039265
Sub-Saharan Africa,2008,1515.163722
Sub-Saharan Africa,2021,1613.87686
Sub-Saharan Africa,2023,1622.807051
Sub-Saharan Africa,2005,1063.085644
Sub-Saharan Africa,2002,621.7254317
Sub-Saharan Africa,2015,1628.912857
Sub-Saharan Africa,2010,1620.226166
Sub-Saharan Africa,1998,876.3111715
Sub-Saharan Africa,2011,1771.916738
Sub-Saharan Africa,2019,1611.673635
Sub-Saharan Africa,2013,1852.626975
Sub-Saharan Africa,2006,1220.107244
Sub-Saharan Africa,2004,920.7053907
Sub-Saharan Africa,2016,1446.87391
Sub-Saharan Africa,2012,1791.523629
Sub-Saharan Africa,2022,1688.401084
Sub-Saharan Africa,2009,1407.947229
Sub-Saharan Africa (IDA & IBRD countries),2008,1515.163722
Sub-Saharan Africa (IDA & IBRD countries),2015,1628.912857
Sub-Saharan Africa (IDA & IBRD countries),2005,1063.085644
Sub-Saharan Africa (IDA & IBRD countries),2021,1613.87686
Sub-Saharan Africa (IDA & IBRD countries),2022,1688.401084
Sub-Saharan Africa (IDA & IBRD countries),2009,1407.947229
Sub-Saharan Africa (IDA & IBRD countries),1998,876.3111715
Sub-Saharan Africa (IDA & IBRD countries),2011,1771.916738
Sub-Saharan Africa (IDA & IBRD countries),2001,586.6039265
Sub-Saharan Africa (IDA & IBRD countries),2018,1606.131358
Sub-Saharan Africa (IDA & IBRD countries),2003,761.9992551
Sub-Saharan Africa (IDA & IBRD countries),2010,1620.226166
Sub-Saharan Africa (IDA & IBRD countries),2019,1611.673635
Sub-Saharan Africa (IDA & IBRD countries),1999,609.2143495
Sub-Saharan Africa (IDA & IBRD countries),2020,1474.055311
Sub-Saharan Africa (IDA & IBRD countries),2012,1791.523629
Sub-Saharan Africa (IDA & IBRD countries),2000,628.8724708
Sub-Saharan Africa (IDA & IBRD countries),2013,1852.626975
Sub-Saharan Africa (IDA & IBRD countries),2007,1374.201192
Sub-Saharan Africa (IDA & IBRD countries),2004,920.7053907
Sub-Saharan Africa (IDA & IBRD countries),2014,1879.957137
Sub-Saharan Africa (IDA & IBRD countries),2006,1220.107244
Sub-Saharan Africa (IDA & IBRD countries),2023,1622.807051
Sub-Saharan Africa (IDA & IBRD countries),2002,621.7254317
Sub-Saharan Africa (IDA & IBRD countries),2017,1536.482685
Sub-Saharan Africa (IDA & IBRD countries),2016,1446.87391
Sub-Saharan Africa (excluding high income),2011,1770.933553
Sub-Saharan Africa (excluding high income),2010,1619.291457
Sub-Saharan Africa (excluding high income),2006,1218.881466
Sub-Saharan Africa (excluding high income),2008,1514.162216
Sub-Saharan Africa (excluding high income),2014,1878.738715
Sub-Saharan Africa (excluding high income),2002,620.758666
Sub-Saharan Africa (excluding high income),2017,1535.068876
Sub-Saharan Africa (excluding high income),2015,1627.664043
Sub-Saharan Africa (excluding high income),1999,608.2825776
Sub-Saharan Africa (excluding high income),2013,1851.425794
Sub-Saharan Africa (excluding high income),2019,1610.17142
Sub-Saharan Africa (excluding high income),2012,1790.538098
Sub-Saharan Africa (excluding high income),2022,1686.891375
Sub-Saharan Africa (excluding high income),2018,1604.663747
Sub-Saharan Africa (excluding high income),2005,1061.939152
Sub-Saharan Africa (excluding high income),2004,919.6228069
Sub-Saharan Africa (excluding high income),2023,1621.261481
Sub-Saharan Africa (excluding high income),2000,627.9812559
Sub-Saharan Africa (excluding high income),2003,761.062606
Sub-Saharan Africa (excluding high income),1998,875.4119185
Sub-Saharan Africa (excluding high income),2001,585.7198127
Sub-Saharan Africa (excluding high income),2020,1472.996712
Sub-Saharan Africa (excluding high income),2009,1407.110708
Sub-Saharan Africa (excluding high income),2021,1612.770038
Sub-Saharan Africa (excluding high income),2016,1445.514085
Sub-Saharan Africa (excluding high income),2007,1373.031875
Sudan,1998,350.7028809
Sudan,2014,1275.438354
Sudan,2007,1444.372192
Sudan,2013,1138.627808
Sudan,2002,506.2626343
Sudan,2001,451.2933044
Sudan,2021,712.1220093
Sudan,2020,577.7952271
Sudan,2015,1292.379639
Sudan,2005,905.5436401
Sudan,2006,1132.474609
Sudan,2011,1332.657227
Sudan,2023,2183.441406
Sudan,2018,731.0274658
Sudan,2008,1527.582397
Sudan,2019,709.9752808
Sudan,2000,362.1168823
Sudan,2016,1033.215942
Sudan,2012,1019.222107
Sudan,2022,1046.240845
Sudan,2009,1178.221802
Sudan,2003,580.3202515
Sudan,2017,966.5056763
Sudan,2010,1305.635986
Sudan,1999,324.6596069
Sudan,2004,705.1133423
Suriname,1998,2428.58642
Suriname,2018,6665.741805
Suriname,2017,6049.521286
Suriname,2006,5002.657987
Suriname,2001,1714.648466
Suriname,2021,5029.848385
Suriname,2004,2887.772173
Suriname,2011,7949.888672
Suriname,2005,3453.428659
Suriname,1999,1898.180182
Suriname,2016,5644.206106
Suriname,2003,2516.10404
Suriname,2023,5494.074094
Suriname,2020,4755.392217
Suriname,2009,7129.576863
Suriname,2000,1988.221729
Suriname,2008,6576.085463
Suriname,2013,9043.192815
Suriname,2010,7943.604828
Suriname,2022,6084.438767
Suriname,2019,6629.667752
Suriname,2012,8851.240507
Suriname,2002,2202.340682
Suriname,2014,9108.189054
Suriname,2015,8813.617054
Suriname,2007,5530.176156
Sweden,2004,42758.20155
Sweden,2005,43378.61521
Sweden,2020,52653.75659
Sweden,2010,52542.82741
Sweden,1999,30969.10335
Sweden,2019,51773.04646
Sweden,2012,57749.82513
Sweden,2002,29957.93877
Sweden,2000,29632.77361
Sweden,2003,37292.42143
Sweden,1998,30605.62272
Sweden,2021,61174.96802
Sweden,2008,55817.43927
Sweden,2016,51820.39725
Sweden,2015,51197.95293
Sweden,2018,54181.90698
Sweden,2013,60844.27671
Sweden,2022,55296.93715
Sweden,2023,55516.83648
Sweden,2017,53300.85873
Sweden,2009,46707.86732
Sweden,2001,27259.48067
Sweden,2006,46531.60011
Sweden,2007,53568.56455
Sweden,2014,59583.714
Sweden,2011,60379.77482
Switzerland,2007,64989.15533
Switzerland,2020,85897.78433
Switzerland,2009,71568.31239
Switzerland,2018,85217.36915
Switzerland,1998,42680.58673
Switzerland,2022,93245.79521
Switzerland,2010,76531.37294
Switzerland,2006,59011.03246
Switzerland,2013,87304.33058
Switzerland,2008,74175.19279
Switzerland,2023,99564.71003
Switzerland,2000,38865.02194
Switzerland,2002,42458.73847
Switzerland,2012,85836.20768
Switzerland,2011,90476.75897
Switzerland,2015,83806.4476
Switzerland,2001,39638.79111
Switzerland,2021,93446.43445
Switzerland,2003,49335.74563
Switzerland,2017,82254.37693
Switzerland,1999,41695.69129
Switzerland,2005,56242.89336
Switzerland,2004,54659.45715
Switzerland,2019,84121.93103
Switzerland,2016,82153.07454
Switzerland,2014,88724.99094
Syrian Arab Republic,2019,1109.53926
Syrian Arab Republic,2009,2462.201936
Syrian Arab Republic,2011,2952.143494
Syrian Arab Republic,1998,960.8375049
Syrian Arab Republic,2005,1533.901665
Syrian Arab Republic,2004,1368.114823
Syrian Arab Republic,2013,985.8926692
Syrian Arab Republic,2014,1060.591059
Syrian Arab Republic,2016,656.3490586
Syrian Arab Republic,2021,663.6142457
Syrian Arab Republic,2020,572.3552898
Syrian Arab Republic,2018,1098.066864
Syrian Arab Republic,2017,851.5020053
Syrian Arab Republic,2012,1897.66115
Syrian Arab Republic,2000,1138.188485
Syrian Arab Republic,2022,1051.671496
Syrian Arab Republic,2003,1220.179077
Syrian Arab Republic,2007,1937.611386
Syrian Arab Republic,2008,2429.124771
Syrian Arab Republic,2006,1718.783472
Syrian Arab Republic,2001,1186.829135
Syrian Arab Republic,2002,1183.247345
Syrian Arab Republic,1999,978.1745317
Syrian Arab Republic,2015,847.7316319
Syrian Arab Republic,2010,2730.614771
Tajikistan,2003,233.5812485
Tajikistan,2008,703.3273759
Tajikistan,2001,168.6762854
Tajikistan,2000,136.9257164
Tajikistan,2021,896.7480534
Tajikistan,2022,1052.179495
Tajikistan,2018,834.2884046
Tajikistan,2016,788.7104817
Tajikistan,2002,186.9516383
Tajikistan,2019,871.0223729
Tajikistan,2023,1160.81187
Tajikistan,2013,1028.197043
Tajikistan,2009,664.7956557
Tajikistan,1999,175.0237647
Tajikistan,2017,829.4571476
Tajikistan,2012,952.4528197
Tajikistan,2007,516.9972106
Tajikistan,2010,737.3388832
Tajikistan,2006,401.0184033
Tajikistan,2011,833.6019782
Tajikistan,2015,956.9163109
Tajikistan,2005,333.9271509
Tajikistan,1998,213.7491456
Tajikistan,2004,305.7451586
Tajikistan,2014,1081.544029
Tajikistan,2020,834.3117155
Tanzania,2017,986.6740112
Tanzania,2016,953.0107422
Tanzania,1999,392.6217651
Tanzania,2013,963.0571289
Tanzania,2021,1159.856567
Tanzania,2004,450.3852844
Tanzania,2005,483.3348694
Tanzania,2011,775.3927612
Tanzania,2018,1023.106262
Tanzania,2007,543.1983032
Tanzania,2000,401.6981506
Tanzania,2014,1022.748413
Tanzania,2001,396.6387329
Tanzania,2012,861.9699097
Tanzania,2020,1117.415283
Tanzania,2008,675.9772339
Tanzania,2019,1063.32251
Tanzania,2003,422.1835938
Tanzania,2015,939.1273193
Tanzania,2023,1224.489624
Tanzania,2009,693.8235474
Tanzania,2002,402.6490479
Tanzania,1998,386.3784485
Tanzania,2010,736.5301514
Tanzania,2006,475.7467346
Tanzania,2022,1207.853027
Thailand,2017,6413.091825
Thailand,2000,2005.976945
Thailand,2005,2867.703834
Thailand,2006,3331.320435
Thailand,2015,5688.853354
Thailand,2012,5725.528028
Thailand,2019,7605.696578
Thailand,2003,2347.540013
Thailand,2004,2641.562687
Thailand,1999,2033.244905
Thailand,2010,4973.862888
Thailand,2001,1889.934325
Thailand,2023,7182.025258
Thailand,2008,4309.135093
Thailand,2021,7058.0695
Thailand,2018,7099.776501
Thailand,2022,6909.359975
Thailand,2002,2089.751831
Thailand,2020,6985.643939
Thailand,1998,1847.703793
Thailand,2007,3918.528174
Thailand,2011,5373.623283
Thailand,2016,5833.577156
Thailand,2014,5801.197892
Thailand,2009,4135.43987
Thailand,2013,6018.082447
Timor-Leste,2014,1224.749578
Timor-Leste,2020,1630.869354
Timor-Leste,2017,1266.17768
Timor-Leste,2023,1502.519638
Timor-Leste,2015,1319.592974
Timor-Leste,2009,686.5792958
Timor-Leste,2005,487.4645554
Timor-Leste,1999,269.9873128
Timor-Leste,2008,628.1532193
Timor-Leste,2016,1335.543901
Timor-Leste,2001,587.8043556
Timor-Leste,2010,813.0601773
Timor-Leste,2022,2343.245247
Timor-Leste,2007,540.1545842
Timor-Leste,2002,533.9824764
Timor-Leste,2018,1219.465986
Timor-Leste,2004,474.4207673
Timor-Leste,2012,1022.619032
Timor-Leste,2019,1562.364589
Timor-Leste,2021,2684.827044
Timor-Leste,2000,492.4576694
Timor-Leste,2006,464.6670018
Timor-Leste,1998,345.5909096
Timor-Leste,2003,534.9011537
Timor-Leste,2013,1204.568415
Timor-Leste,2011,939.0452411
Togo,2019,826.2606541
Togo,2007,607.5882245
Togo,2017,792.7654872
Togo,2015,751.0524051
Togo,2013,826.5432595
Togo,2001,396.6926545
Togo,2006,552.5022713
Togo,1998,461.1582459
Togo,2020,853.5782203
Togo,2003,538.1653778
Togo,1999,445.2914841
Togo,2010,704.9871642
Togo,2000,409.8898028
Togo,2011,783.9893805
Togo,2023,985.6975126
Togo,2008,718.9487864
Togo,2021,939.6133738
Togo,2018,851.1308069
Togo,2016,772.5817871
Togo,2022,898.7581544
Togo,2012,762.3920476
Togo,2014,855.5852849
Togo,2005,551.25985
Togo,2004,560.2663085
Togo,2009,720.6941688
Togo,2002,445.2386915
Tonga,1999,1952.146144
Tonga,2004,2195.448741
Tonga,2021,4912.579506
Tonga,2022,4933.074791
Tonga,2003,1936.041237
Tonga,2019,4676.847903
Tonga,2014,4136.590138
Tonga,1998,1888.832008
Tonga,2008,3218.452996
Tonga,2020,4700.449328
Tonga,2016,3987.986262
Tonga,2015,4123.90324
Tonga,2005,2477.726409
Tonga,2017,4365.929328
Tonga,2010,3416.083581
Tonga,2001,1753.516595
Tonga,2012,4384.170583
Tonga,2011,3849.993708
Tonga,2009,2914.237908
Tonga,2007,2797.065552
Tonga,2018,4638.897743
Tonga,2006,2750.347582
Tonga,2013,4219.246595
Tonga,2002,1759.480333
Tonga,2000,1995.076503
Trinidad and Tobago,2020,15224.50835
Trinidad and Tobago,2022,22004.19979
Trinidad and Tobago,2013,21416.36608
Trinidad and Tobago,2018,18076.35656
Trinidad and Tobago,2009,14634.0565
Trinidad and Tobago,2008,21298.99453
Trinidad and Tobago,2007,16606.67536
Trinidad and Tobago,1999,5179.083508
Trinidad and Tobago,1998,4612.709003
Trinidad and Tobago,2015,20024.75466
Trinidad and Tobago,2010,16815.42474
Trinidad and Tobago,2023,20016.1503
Trinidad and Tobago,2016,17521.80075
Trinidad and Tobago,2005,12346.43731
Trinidad and Tobago,2002,6762.930808
Trinidad and Tobago,2012,20472.35743
Trinidad and Tobago,2004,9871.034198
Trinidad and Tobago,2011,19151.08702
Trinidad and Tobago,2014,22074.42631
Trinidad and Tobago,2006,14152.66074
Trinidad and Tobago,2017,17720.49724
Trinidad and Tobago,2021,17912.51062
Trinidad and Tobago,2000,6178.589756
Trinidad and Tobago,2019,17431.02693
Trinidad and Tobago,2001,6657.414669
Trinidad and Tobago,2003,8445.046535
Tunisia,2017,3619.032473
Tunisia,2010,4291.861209
Tunisia,2021,3885.281665
Tunisia,2019,3528.872133
Tunisia,2001,2235.719816
Tunisia,2011,4420.647722
Tunisia,2018,3628.103665
Tunisia,2002,2320.772381
Tunisia,1998,2285.019335
Tunisia,2004,3067.419364
Tunisia,1999,2376.065668
Tunisia,2015,4014.947737
Tunisia,2020,3548.653637
Tunisia,2014,4458.978955
Tunisia,2022,3678.400234
Tunisia,2006,3322.569336
Tunisia,2003,2725.864315
Tunisia,2012,4297.267825
Tunisia,2005,3146.826074
Tunisia,2016,3847.803544
Tunisia,2013,4369.793458
Tunisia,2000,2199.044659
Tunisia,2023,3977.695166
Tunisia,2008,4255.05008
Tunisia,2009,4080.090324
Tunisia,2007,3726.916729
Turkiye,2018,9568.835063
Turkiye,2002,3583.197459
Turkiye,2000,4192.443167
Turkiye,2022,10674.50416
Turkiye,2013,12578.18786
Turkiye,2011,11300.78522
Turkiye,2020,8638.739038
Turkiye,2007,9711.223761
Turkiye,2001,3045.55414
Turkiye,2004,5960.778989
Turkiye,2009,9012.999458
Turkiye,2014,12165.22014
Turkiye,2021,9743.212778
Turkiye,1998,4329.56244
Turkiye,1999,3969.473594
Turkiye,2019,9215.440499
Turkiye,2008,10843.50369
Turkiye,2023,13105.65857
Turkiye,2006,7953.07848
Turkiye,2016,10970.04589
Turkiye,2003,4637.882185
Turkiye,2010,10622.70204
Turkiye,2017,10695.5502
Turkiye,2005,7303.013889
Turkiye,2015,11049.99511
Turkiye,2012,11713.28498
Turkmenistan,2006,1996.593107
Turkmenistan,2022,8156.35212
Turkmenistan,2018,6125.051697
Turkmenistan,2014,7164.145362
Turkmenistan,2017,5828.481662
Turkmenistan,2011,5143.619293
Turkmenistan,2010,4058.53937
Turkmenistan,2000,633.8354876
Turkmenistan,2013,6599.645291
Turkmenistan,2004,1379.230097
Turkmenistan,2005,1604.016185
Turkmenistan,2007,2414.96072
Turkmenistan,2003,1228.948703
Turkmenistan,2012,6053.874847
Turkmenistan,1999,545.5190031
Turkmenistan,2021,7051.202111
Turkmenistan,2020,6592.60146
Turkmenistan,2023,8232.65226
Turkmenistan,2016,5686.98041
Turkmenistan,2015,5759.497904
Turkmenistan,2019,6648.034896
Turkmenistan,2002,935.5408015
Turkmenistan,1998,590.7912933
Turkmenistan,2009,3707.978507
Turkmenistan,2008,3605.503951
Turkmenistan,2001,756.0349763
Turks and Caicos Islands,2020,17452.6578
Turks and Caicos Islands,2010,23093.8431
Turks and Caicos Islands,2002,17803.94718
Turks and Caicos Islands,2004,21246.0098
Turks and Caicos Islands,2015,25736.10163
Turks and Caicos Islands,2012,22633.95275
Turks and Caicos Islands,2014,23996.29101
Turks and Caicos Islands,2013,22412.20694
Turks and Caicos Islands,2019,27273.4377
Turks and Caicos Islands,2016,26946.41785
Turks and Caicos Islands,2011,23626.71335
Turks and Caicos Islands,2009,24596.88681
Turks and Caicos Islands,2005,24122.30282
Turks and Caicos Islands,2007,29443.84088
Turks and Caicos Islands,2006,28734.28731
Turks and Caicos Islands,2021,23114.79021
Turks and Caicos Islands,2022,26802.06738
Turks and Caicos Islands,2023,30348.81144
Turks and Caicos Islands,2001,18325.74581
Turks and Caicos Islands,2008,31453.80829
Turks and Caicos Islands,2018,27160.15796
Turks and Caicos Islands,2003,18859.18903
Turks and Caicos Islands,2017,25779.61224
Tuvalu,2019,5115.13076
Tuvalu,1998,1459.649371
Tuvalu,2003,2006.842499
Tuvalu,2002,1750.251751
Tuvalu,2018,4466.120349
Tuvalu,2023,6344.775019
Tuvalu,2021,5905.081981
Tuvalu,2010,3024.817079
Tuvalu,2016,3808.69755
Tuvalu,2017,4165.663387
Tuvalu,2009,2683.967495
Tuvalu,2001,1456.784094
Tuvalu,2006,2396.268443
Tuvalu,2011,3636.0814
Tuvalu,2014,3528.858581
Tuvalu,2004,2322.562651
Tuvalu,2012,3598.461631
Tuvalu,2013,3510.216401
Tuvalu,2007,2794.163101
Tuvalu,2000,1579.419063
Tuvalu,2022,5911.327271
Tuvalu,2005,2304.826943
Tuvalu,2008,3088.308774
Tuvalu,2020,4976.112541
Tuvalu,1999,1558.603966
Tuvalu,2015,3357.834177
Uganda,2020,845.7664639
Uganda,1998,292.4530371
Uganda,2002,241.9846884
Uganda,2023,1002.309139
Uganda,2008,472.8426815
Uganda,2012,795.2228676
Uganda,2015,862.9346104
Uganda,2010,823.4881443
Uganda,2006,346.5182553
Uganda,2017,765.2183323
Uganda,2003,250.7154366
Uganda,2018,792.1657002
Uganda,2011,835.6200606
Uganda,2021,882.7917175
Uganda,2022,963.0673141
Uganda,1999,257.9219496
Uganda,2013,818.2854274
Uganda,2007,401.3891309
Uganda,2005,330.4054027
Uganda,2000,258.0503387
Uganda,2004,292.381858
Uganda,2014,896.0547955
Uganda,2009,798.9470899
Uganda,2016,752.6965717
Uganda,2001,236.0211889
Uganda,2019,822.0570582
Ukraine,2020,3709.769287
Ukraine,2003,1076.481567
Ukraine,2018,3059.051758
Ukraine,2010,3039.632324
Ukraine,2009,2607.087646
Ukraine,2021,4775.945801
Ukraine,2019,3619.861572
Ukraine,2011,3656.697998
Ukraine,2002,903.0119019
Ukraine,2015,2094.473877
Ukraine,1999,631.9104614
Ukraine,1998,831.336792
Ukraine,2022,4199.670898
Ukraine,2013,4129.896973
Ukraine,2014,3054.908203
Ukraine,2008,4017.806641
Ukraine,2012,3951.342285
Ukraine,2006,2366.494141
Ukraine,2023,5069.703125
Ukraine,2017,2604.287598
Ukraine,2007,3160.327637
Ukraine,2005,1875.335083
Ukraine,2000,653.2943115
Ukraine,2016,2158.461182
Ukraine,2004,1401.018066
Ukraine,2001,800.4907227
United Arab Emirates,2023,49040.69475
United Arab Emirates,2011,50789.05054
United Arab Emirates,2022,49899.0653
United Arab Emirates,2010,43696.67126
United Arab Emirates,2013,52023.5171
United Arab Emirates,2009,37803.06637
United Arab Emirates,2018,45689.857
United Arab Emirates,2014,51381.40699
United Arab Emirates,2008,50054.17007
United Arab Emirates,2007,45854.73252
United Arab Emirates,2015,43534.99727
United Arab Emirates,2006,44342.60483
United Arab Emirates,2020,37173.87541
United Arab Emirates,2005,38719.31383
United Arab Emirates,2021,43360.0211
United Arab Emirates,2004,33376.71523
United Arab Emirates,1998,24889.42692
United Arab Emirates,1999,25855.8605
United Arab Emirates,2000,29865.50235
United Arab Emirates,2019,44251.45414
United Arab Emirates,2016,41326.40182
United Arab Emirates,2001,27745.17081
United Arab Emirates,2002,27753.60895
United Arab Emirates,2017,42340.59171
United Arab Emirates,2003,29659.54286
United Arab Emirates,2012,52034.47625
United Kingdom,2017,40572.12148
United Kingdom,2013,43426.29814
United Kingdom,2015,44964.39114
United Kingdom,2016,40985.23514
United Kingdom,2012,42497.3405
United Kingdom,2014,47439.61659
United Kingdom,2023,49463.85546
United Kingdom,2010,39598.95712
United Kingdom,2022,45935.92765
United Kingdom,2009,38744.13169
United Kingdom,2008,47396.12021
United Kingdom,2007,50397.6855
United Kingdom,2006,44512.45903
United Kingdom,2005,42104.78844
United Kingdom,2004,40366.88867
United Kingdom,2003,34442.68754
United Kingdom,2002,30077.74143
United Kingdom,2001,27906.5695
United Kingdom,2000,28280.92679
United Kingdom,2011,42109.64188
United Kingdom,2018,43203.81411
United Kingdom,1999,28762.09136
United Kingdom,2019,42662.53537
United Kingdom,2020,40201.68124
United Kingdom,2021,46896.86624
United Kingdom,1998,28274.50451
United States,2009,47194.95009
United States,2010,48650.66432
United States,2011,50065.97895
United States,2012,51784.41147
United States,2016,58206.61419
United States,2001,37133.6204
United States,2013,53409.75078
United States,2023,82769.41221
United States,2022,78035.17536
United States,2014,55304.31553
United States,2000,36329.97026
United States,2019,65604.68152
United States,2017,60322.26142
United States,2002,37997.74243
United States,2015,57040.20821
United States,1998,32853.67259
United States,2008,48570.05943
United States,2020,64411.37318
United States,2003,39490.30239
United States,2004,41724.6412
United States,2005,44123.39965
United States,2007,48050.22741
United States,2021,71318.30736
United States,2006,46301.98765
United States,1999,34515.38131
United States,2018,63201.04585
Upper middle income,2022,10156.70472
Upper middle income,2005,2778.816706
Upper middle income,1998,1770.39618
Upper middle income,2004,2357.916299
Upper middle income,2014,7707.022103
Upper middle income,2013,7491.426552
Upper middle income,2003,2016.517431
Upper middle income,2006,3249.740939
Upper middle income,2012,7116.079535
Upper middle income,2023,10451.34455
Upper middle income,2011,6729.081927
Upper middle income,2007,3964.067124
Upper middle income,2010,5672.64254
Upper middle income,2015,7359.58787
Upper middle income,2020,8228.643366
Upper middle income,2002,1825.090371
Upper middle income,2008,4752.860356
Upper middle income,2001,1828.192615
Upper middle income,2009,4677.978481
Upper middle income,2021,9770.290697
Upper middle income,2016,7329.376311
Upper middle income,2019,8551.440962
Upper middle income,2000,1844.942044
Upper middle income,1999,1705.367589
Upper middle income,2018,8473.681989
Upper middle income,2017,7976.997206
Uruguay,2012,16259.59408
Uruguay,1998,7836.891833
Uruguay,2005,5284.25678
Uruguay,2018,19249.94015
Uruguay,1999,7370.569955
Uruguay,2019,18315.73529
Uruguay,2021,17888.21151
Uruguay,2006,6001.332948
Uruguay,2003,3671.123293
Uruguay,2013,18335.25948
Uruguay,2016,17009.75869
Uruguay,2001,6382.761047
Uruguay,2011,15132.26757
Uruguay,2022,20691.9739
Uruguay,2007,7222.054036
Uruguay,2017,19184.66267
Uruguay,2004,4168.660654
Uruguay,2020,15789.68574
Uruguay,2000,6987.700988
Uruguay,2008,9423.965626
Uruguay,2009,9881.395731
Uruguay,2002,4149.761403
Uruguay,2023,22797.81117
Uruguay,2010,12641.05768
Uruguay,2015,17125.90168
Uruguay,2014,18322.42768
Uzbekistan,2011,2087.863861
Uzbekistan,2002,381.4092969
Uzbekistan,2010,1753.207302
Uzbekistan,2008,1074.729288
Uzbekistan,1998,621.0489043
Uzbekistan,2017,2190.604116
Uzbekistan,2016,2753.379514
Uzbekistan,1999,697.7635398
Uzbekistan,2007,824.0281923
Uzbekistan,2006,649.118167
Uzbekistan,2001,454.4158123
Uzbekistan,2009,1205.799355
Uzbekistan,2012,2307.346491
Uzbekistan,2021,2258.519641
Uzbekistan,2015,2803.19018
Uzbekistan,2020,1978.280519
Uzbekistan,2004,462.1714929
Uzbekistan,2023,2849.514611
Uzbekistan,2022,2578.666894
Uzbekistan,2000,555.1492311
Uzbekistan,2018,1813.085308
Uzbekistan,2014,2674.962838
Uzbekistan,2019,2041.384807
Uzbekistan,2013,2461.979474
Uzbekistan,2003,394.1640289
Uzbekistan,2005,542.8358087
Vanuatu,2009,2546.383246
Vanuatu,2010,2815.18829
Vanuatu,2017,3159.927161
Vanuatu,2019,3207.446505
Vanuatu,2004,1774.318676
Vanuatu,2003,1566.513968
Vanuatu,2023,3515.236336
Vanuatu,2022,3265.396451
Vanuatu,1999,1472.177517
Vanuatu,2020,3042.987116
Vanuatu,1998,1470.97189
Vanuatu,2002,1340.715375
Vanuatu,2000,1460.238177
Vanuatu,2012,3004.784167
Vanuatu,2018,3206.689308
Vanuatu,2005,1873.991426
Vanuatu,2008,2603.608831
Vanuatu,2016,2869.999691
Vanuatu,2021,3107.203129
Vanuatu,2013,2979.796081
Vanuatu,2014,2967.70667
Vanuatu,2006,2034.792896
Vanuatu,2001,1350.183382
Vanuatu,2011,3163.186165
Vanuatu,2007,2333.705067
Vanuatu,2015,2746.591719
"Venezuela, RB",2014,15943.61272
"Venezuela, RB",2004,4269.089709
"Venezuela, RB",2002,3652.098965
"Venezuela, RB",2008,11262.45143
"Venezuela, RB",2009,11596.60219
"Venezuela, RB",1999,4070.906192
"Venezuela, RB",2013,12403.1467
"Venezuela, RB",2010,13646.30466
"Venezuela, RB",2007,8331.62097
"Venezuela, RB",2012,12901.41716
"Venezuela, RB",2003,3229.505571
"Venezuela, RB",2000,4776.281676
"Venezuela, RB",2011,10843.92297
"Venezuela, RB",1998,3869.982588
"Venezuela, RB",2005,5432.485418
"Venezuela, RB",2006,6739.380653
"Venezuela, RB",2001,4920.393136
Viet Nam,2007,925.6403383
Viet Nam,2005,710.74676
Viet Nam,2017,2956.109921
Viet Nam,2006,807.7566451
Viet Nam,2002,445.1328618
Viet Nam,2020,3534.039535
Viet Nam,2003,497.1170892
Viet Nam,2004,565.4522846
Viet Nam,2018,3222.310031
Viet Nam,1998,361.3509284
Viet Nam,2011,1950.925042
Viet Nam,2008,1163.831958
Viet Nam,2016,2735.060438
Viet Nam,2012,2185.117677
Viet Nam,2013,2359.517365
Viet Nam,2010,1683.161824
Viet Nam,2021,3704.193559
Viet Nam,1999,375.9944559
Viet Nam,2022,4116.385761
Viet Nam,2023,4282.088517
Viet Nam,2000,404.0297841
Viet Nam,2009,1226.169761
Viet Nam,2015,2577.568853
Viet Nam,2014,2546.384645
Viet Nam,2019,3440.900254
Viet Nam,2001,419.2056776
Virgin Islands (U.S.),2006,41377.1466
Virgin Islands (U.S.),2019,38633.52989
Virgin Islands (U.S.),2005,40828.74609
Virgin Islands (U.S.),2004,35006.36144
Virgin Islands (U.S.),2014,33045.36438
Virgin Islands (U.S.),2018,36663.20876
Virgin Islands (U.S.),2003,31731.25662
Virgin Islands (U.S.),2013,34597.97669
Virgin Islands (U.S.),2022,44320.90919
Virgin Islands (U.S.),2008,39152.37507
Virgin Islands (U.S.),2016,35324.97489
Virgin Islands (U.S.),2015,34007.35294
Virgin Islands (U.S.),2012,37795.31926
Virgin Islands (U.S.),2007,44158.5054
Virgin Islands (U.S.),2010,39905.12842
Virgin Islands (U.S.),2011,38997.13732
Virgin Islands (U.S.),2002,30062.02251
Virgin Islands (U.S.),2017,35365.0693
Virgin Islands (U.S.),2021,42571.07774
Virgin Islands (U.S.),2009,38753.18254
Virgin Islands (U.S.),2020,39787.37417
West Bank and Gaza,2023,3372.349744
West Bank and Gaza,2005,1543.701414
West Bank and Gaza,2002,1156.217473
West Bank and Gaza,2000,1476.17185
West Bank and Gaza,2014,3352.112595
West Bank and Gaza,2020,3233.568638
West Bank and Gaza,2009,2191.781787
West Bank and Gaza,2022,3799.95527
West Bank and Gaza,2015,3272.154324
West Bank and Gaza,2004,1422.190886
West Bank and Gaza,2008,2035.202341
West Bank and Gaza,2019,3656.858271
West Bank and Gaza,2017,3620.360487
West Bank and Gaza,2010,2557.075624
West Bank and Gaza,2003,1257.69857
West Bank and Gaza,2021,3678.635657
West Bank and Gaza,2012,3067.438727
West Bank and Gaza,2011,2880.798437
West Bank and Gaza,2018,3562.330943
West Bank and Gaza,2006,1570.1044
West Bank and Gaza,2007,1664.245717
West Bank and Gaza,1998,1465.046057
West Bank and Gaza,2001,1335.553195
West Bank and Gaza,2013,3315.297539
West Bank and Gaza,2016,3527.613824
West Bank and Gaza,1999,1499.492177
World,2003,6112.918401
World,2001,5387.584998
World,1999,5387.448275
World,2021,12352.73608
World,2000,5494.398872
World,1998,5289.033108
World,2002,5521.932034
World,2018,11288.88426
World,2010,9514.760302
World,2013,10718.52308
World,2015,10142.14348
World,2019,11334.84309
World,2012,10550.13813
World,2004,6800.190299
World,2011,10454.23787
World,2016,10188.26006
World,2014,10881.33083
World,2009,8793.141157
World,2008,9392.542294
World,2007,8657.730378
World,2017,10731.65547
World,2022,12737.31503
World,2020,10916.68767
World,2005,7271.026626
World,2023,13169.59823
World,2006,7780.409624
"Yemen, Rep.",2011,1186.475006
"Yemen, Rep.",2019,623.3761649
"Yemen, Rep.",2023,477.4090287
"Yemen, Rep.",2012,1245.050683
"Yemen, Rep.",1998,342.7394075
"Yemen, Rep.",2004,627.6320234
"Yemen, Rep.",2003,548.905883
"Yemen, Rep.",2014,1430.16421
"Yemen, Rep.",2000,493.2351826
"Yemen, Rep.",2022,615.7020793
"Yemen, Rep.",2013,1378.75003
"Yemen, Rep.",2005,734.1599085
"Yemen, Rep.",2015,1362.173794
"Yemen, Rep.",2021,522.1735127
"Yemen, Rep.",2009,969.2435099
"Yemen, Rep.",2017,811.1659639
"Yemen, Rep.",1999,401.4481417
"Yemen, Rep.",2010,1155.203053
"Yemen, Rep.",2002,513.2414866
"Yemen, Rep.",2006,809.7131276
"Yemen, Rep.",2020,559.5646728
"Yemen, Rep.",2018,633.887206
"Yemen, Rep.",2016,975.3594067
"Yemen, Rep.",2001,487.1412579
"Yemen, Rep.",2008,1071.635833
"Yemen, Rep.",2007,890.3057681
Zambia,2021,1127.160779
Zambia,2016,1239.085279
Zambia,2017,1483.465773
Zambia,2015,1295.877887
Zambia,1999,349.5157231
Zambia,2014,1707.485731
Zambia,2018,1463.899979
Zambia,2003,446.2901048
Zambia,2000,359.429501
Zambia,2004,548.6859746
Zambia,2005,710.9820682
Zambia,2020,951.6443167
Zambia,2006,1051.717149
Zambia,2002,393.8646255
Zambia,2007,1118.731626
Zambia,2008,1375.50211
Zambia,2013,1820.718548
Zambia,2009,1136.241683
Zambia,1998,373.0847631
Zambia,2001,396.548953
Zambia,2023,1330.727806
Zambia,2019,1258.986198
Zambia,2012,1710.050613
Zambia,2022,1447.123101
Zambia,2010,1451.10616
Zambia,2011,1624.868178
Zimbabwe,1998,552.1652757
Zimbabwe,2009,735.4445517
Zimbabwe,2000,562.5569004
Zimbabwe,2021,1724.387731
Zimbabwe,2020,1730.413489
Zimbabwe,2019,1684.027904
Zimbabwe,2018,2271.853335
Zimbabwe,2017,3448.082537
Zimbabwe,2016,1407.415364
Zimbabwe,2015,1386.422847
Zimbabwe,2014,1372.212781
Zimbabwe,2013,1362.300668
Zimbabwe,2022,2040.552459
Zimbabwe,2012,1238.60109
Zimbabwe,2011,1037.25491
Zimbabwe,2010,901.5544436
Zimbabwe,2008,340.7401829
Zimbabwe,2007,413.3025717
Zimbabwe,2006,430.8091793
Zimbabwe,2005,461.0282813
Zimbabwe,2004,469.4846536
Zimbabwe,2003,468.2341858
Zimbabwe,2002,524.6772388
Zimbabwe,2001,566.1076466
Zimbabwe,1999,582.0034408
Zimbabwe,2023,2156.034004
